series,hill_shape,half_saturation_ratio,half_saturation,cv_rmse,tv_contribution,relative_bias
noisy,0.5,0.3,16.41371293,31.05845661,248075.1166,3.771683552
noisy,0.5,0.3247910202,17.77008856,31.05579038,242123.9735,3.657214305
noisy,0.5,0.3516306893,19.23855064,31.05315217,236399.971,3.54711407
noisy,0.5,0.380688301,20.82836163,31.05054444,230894.3439,3.441214251
noisy,0.5,0.4121471388,22.5495494,31.04796952,225598.6717,3.339352878
noisy,0.5,0.4462056322,24.41297052,31.04542968,220504.8649,3.241374352
noisy,0.5,0.4830786083,26.43037866,31.04292706,215605.152,3.14712919
noisy,0.5,0.5229986467,28.61449883,31.04046372,210892.0667,3.05647378
noisy,0.5,0.5662175466,30.97910756,31.03804157,206358.436,2.969270148
noisy,0.5,0.6130079154,33.53911982,31.03566241,201997.3683,2.885385737
noisy,0.5,0.6636648873,36.31068314,31.03332791,197802.2422,2.804693185
noisy,0.5,0.718507986,39.3112794,31.03103959,193766.6958,2.727070123
noisy,0.5,0.7778831392,42.55983514,31.02879886,189884.6164,2.652398971
noisy,0.5,0.8421648612,46.07684091,31.02660698,186150.1301,2.580566749
noisy,0.5,0.9117586147,49.88448055,31.02446504,182557.5928,2.511464894
noisy,0.5,0.9871033687,54.00677109,31.02237404,179101.5807,2.444989077
noisy,0.5,1.068674367,58.46971426,31.0203348,175776.8815,2.381039041
noisy,0.5,1.156986126,63.30146048,31.018348,172578.4858,2.319518431
noisy,0.5,1.252595681,68.53248642,31.0164142,169501.5791,2.260334644
noisy,0.5,1.356106097,74.19578726,31.0145338,166541.534,2.20339867
noisy,0.5,1.468170276,80.32708479,31.01240542,163693.9027,2.148624957
noisy,0.5,1.589495072,86.96505272,31.01030752,160954.4097,2.095931264
noisy,0.5,1.720845753,94.15156064,31.00826452,158318.9448,2.045238536
noisy,0.5,1.863050826,101.9319381,31.0062766,155783.5568,1.99647077
noisy,0.5,2.017007261,110.3552605,31.00434383,153344.4468,1.949554895
noisy,0.5,2.183686153,119.4746588,31.00246615,150997.9623,1.904420658
noisy,0.5,2.364138845,129.3476544,31.0006434,148740.5915,1.861000504
noisy,0.5,2.559503557,140.0365221,30.99887528,146568.9571,1.819229478
noisy,0.5,2.771012572,151.6086829,30.99716143,144479.8116,1.779045113
noisy,0.5,3,164.1371293,30.99550136,142470.0319,1.740387335
noisy,0.6,0.3,16.41371293,31.07227886,222449.7077,3.278783079
noisy,0.6,0.3247910202,17.77008856,31.06819155,215870.6364,3.152235738
noisy,0.6,0.3516306893,19.23855064,31.06415969,209589.4798,3.031418737
noisy,0.6,0.380688301,20.82836163,31.06018886,203592.5385,2.916068571
noisy,0.6,0.4121471388,22.5495494,31.05628441,197866.76,2.805934174
noisy,0.6,0.4462056322,24.41297052,31.0524514,192399.7072,2.700776325
noisy,0.6,0.4830786083,26.43037866,31.04869461,187179.5298,2.600367082
noisy,0.6,0.5229986467,28.61449883,31.04501847,182194.9356,2.504489242
noisy,0.6,0.5662175466,30.97910756,31.04142708,177435.1637,2.412935822
noisy,0.6,0.6130079154,33.53911982,31.03792417,172889.9594,2.325509574
noisy,0.6,0.6636648873,36.31068314,31.03451309,168549.5492,2.242022508
noisy,0.6,0.718507986,39.3112794,31.0311968,164404.6182,2.162295451
noisy,0.6,0.7778831392,42.55983514,31.02797788,160446.2874,2.086157616
noisy,0.6,0.8421648612,46.07684091,31.02485849,156666.0926,2.013446199
noisy,0.6,0.9117586147,49.88448055,31.0218404,153055.9649,1.944005993
noisy,0.6,0.9871033687,54.00677109,31.01892498,149608.2107,1.877689015
noisy,0.6,1.068674367,58.46971426,31.0161132,146315.4941,1.814354161
noisy,0.6,1.156986126,63.30146048,31.01337087,143170.8194,1.753866867
noisy,0.6,1.252595681,68.53248642,31.01029873,140167.5146,1.6960988
noisy,0.6,1.356106097,74.19578726,31.00733149,137299.2156,1.640927545
noisy,0.6,1.468170276,80.32708479,31.00446933,134559.8513,1.58823633
noisy,0.6,1.589495072,86.96505272,31.00171211,131943.6298,1.537913745
noisy,0.6,1.720845753,94.15156064,30.99905933,129445.0245,1.489853488
noisy,0.6,1.863050826,101.9319381,30.99651022,127058.7616,1.443954118
noisy,0.6,2.017007261,110.3552605,30.9940637,124779.8077,1.400118819
noisy,0.6,2.183686153,119.4746588,30.99171843,122603.3585,1.358255182
noisy,0.6,2.364138845,129.3476544,30.98947284,120524.8281,1.318274995
noisy,0.6,2.559503557,140.0365221,30.98732512,118539.8378,1.280094038
noisy,0.6,2.771012572,151.6086829,30.98527327,116644.2072,1.243631899
noisy,0.6,3,164.1371293,30.98331512,114833.9442,1.208811792
noisy,0.7,0.3,16.41371293,31.08986873,205520.1458,2.953145777
noisy,0.7,0.3247910202,17.77008856,31.08391877,198262.0576,2.813537659
noisy,0.7,0.3516306893,19.23855064,31.07806613,191382.715,2.681214649
noisy,0.7,0.380688301,20.82836163,31.07232224,184861.9483,2.555788787
noisy,0.7,0.4121471388,22.5495494,31.06669794,178680.6992,2.436893491
noisy,0.7,0.4462056322,24.41297052,31.06120341,172820.9591,2.324182366
noisy,0.7,0.4830786083,26.43037866,31.05584809,167265.71,2.217328075
noisy,0.7,0.5229986467,28.61449883,31.05064062,161998.8687,2.116021259
noisy,0.7,0.5662175466,30.97910756,31.0455888,157005.234,2.019969528
noisy,0.7,0.6130079154,33.53911982,31.04069954,152270.4372,1.928896498
noisy,0.7,0.6636648873,36.31068314,31.0359788,147780.894,1.842540884
noisy,0.7,0.718507986,39.3112794,31.0314316,143523.7609,1.760655637
noisy,0.7,0.7778831392,42.55983514,31.02706203,139486.892,1.683007136
noisy,0.7,0.8421648612,46.07684091,31.02287318,135658.8,1.609374425
noisy,0.7,0.9117586147,49.88448055,31.01886723,132028.6183,1.539548484
noisy,0.7,0.9871033687,54.00677109,31.01504539,128586.0653,1.47333155
noisy,0.7,1.068674367,58.46971426,31.01117816,125321.4116,1.410536481
noisy,0.7,1.156986126,63.30146048,31.00708815,122225.4483,1.350986141
noisy,0.7,1.252595681,68.53248642,31.00318104,119289.4571,1.29451284
noisy,0.7,1.356106097,74.19578726,30.99945601,116505.1831,1.240957793
noisy,0.7,1.468170276,80.32708479,30.9959115,113864.8081,1.190170619
noisy,0.7,1.589495072,86.96505272,30.99254525,111360.9261,1.142008867
noisy,0.7,1.720845753,94.15156064,30.98935437,108986.5204,1.096337569
noisy,0.7,1.863050826,101.9319381,30.98633536,106734.9415,1.053028824
noisy,0.7,2.017007261,110.3552605,30.98348423,104599.887,1.011961405
noisy,0.7,2.183686153,119.4746588,30.9807965,102575.3819,0.9730203872
noisy,0.7,2.364138845,129.3476544,30.97826733,100655.7612,0.9360968026
noisy,0.7,2.559503557,140.0365221,30.97589149,98835.65245,0.901087314
noisy,0.7,2.771012572,151.6086829,30.97366352,97109.96003,0.8678939079
noisy,0.7,3,164.1371293,30.9715777,95473.85013,0.8364236063
noisy,0.8,0.3,16.41371293,31.11179379,194100.1977,2.733484976
noisy,0.8,0.3247910202,17.77008856,31.10345955,186112.0757,2.57983478
noisy,0.8,0.3516306893,19.23855064,31.09528151,178594.0893,2.435227564
noisy,0.8,0.380688301,20.82836163,31.08728111,171517.8454,2.29911719
noisy,0.8,0.4121471388,22.5495494,31.07947856,164856.7417,2.17099197
noisy,0.8,0.4462056322,24.41297052,31.07189266,158585.852,2.050372451
noisy,0.8,0.4830786083,26.43037866,31.06454064,152681.8179,1.936809339
noisy,0.8,0.5229986467,28.61449883,31.05743799,147122.7469,1.829881535
noisy,0.8,0.5662175466,30.97910756,31.05059836,141888.1171,1.729194301
noisy,0.8,0.6130079154,33.53911982,31.04403345,136958.6871,1.634377536
noisy,0.8,0.6636648873,36.31068314,31.03775298,132316.4123,1.545084154
noisy,0.8,0.718507986,39.3112794,31.03176462,127944.3662,1.460988575
noisy,0.8,0.7778831392,42.55983514,31.02607401,123826.6665,1.381785307
noisy,0.8,0.8421648612,46.07684091,31.02068477,119948.4065,1.307187621
noisy,0.8,0.9117586147,49.88448055,31.01559857,116295.5906,1.236926316
noisy,0.8,0.9871033687,54.00677109,31.01065735,112855.0747,1.170748567
noisy,0.8,1.068674367,58.46971426,31.00534779,109614.5104,1.108416851
noisy,0.8,1.156986126,63.30146048,31.00033436,106562.2924,1.049707947
noisy,0.8,1.252595681,68.53248642,30.99561415,103687.5109,0.9944120041
noisy,0.8,1.356106097,74.19578726,30.99118277,100979.9062,0.9423316776
noisy,0.8,1.468170276,80.32708479,30.98703449,98429.82666,0.8932813226
noisy,0.8,1.589495072,86.96505272,30.98316235,96028.19024,0.847086246
noisy,0.8,1.720845753,94.15156064,30.97955832,93766.44804,0.8035820115
noisy,0.8,1.863050826,101.9319381,30.97621345,91636.55078,0.7626137924
noisy,0.8,2.017007261,110.3552605,30.973118,89630.91754,0.7240357712
noisy,0.8,2.183686153,119.4746588,30.97026162,87742.40671,0.6877105799
noisy,0.8,2.364138845,129.3476544,30.96763341,85964.28892,0.6535087803
noisy,0.8,2.559503557,140.0365221,30.96522217,84290.2219,0.62130838
noisy,0.8,2.771012572,151.6086829,30.9630164,82714.22706,0.5909943816
noisy,0.8,3,164.1371293,30.96100453,81230.6676,0.5624583625
noisy,0.9,0.3,16.41371293,31.13867161,186412.7035,2.585617305
noisy,0.9,0.3247910202,17.77008856,31.1273465,177644.6317,2.416964905
noisy,0.9,0.3516306893,19.23855064,31.11625504,169448.9599,2.259322522
noisy,0.9,0.380688301,20.82836163,31.10543483,161787.1095,2.111948106
noisy,0.9,0.4121471388,22.5495494,31.09492116,154623.2466,1.974152395
noisy,0.9,0.4462056322,24.41297052,31.08474658,147924.0816,1.845295074
noisy,0.9,0.4830786083,26.43037866,31.07494055,141658.6832,1.724781179
noisy,0.9,0.5229986467,28.61449883,31.06552913,135798.3034,1.612057749
noisy,0.9,0.5662175466,30.97910756,31.05653469,130316.2157,1.506610706
noisy,0.9,0.6130079154,33.53911982,31.04797582,125187.5643,1.40796195
noisy,0.9,0.6636648873,36.31068314,31.03986716,120389.2236,1.315666666
noisy,0.9,0.718507986,39.3112794,31.0322194,115899.6686,1.229310822
noisy,0.9,0.7778831392,42.55983514,31.02503933,111698.8544,1.148508861
noisy,0.9,0.8421648612,46.07684091,31.0183299,107768.1056,1.072901563
noisy,0.9,0.9117586147,49.88448055,31.01209044,104090.0137,1.002154078
noisy,0.9,0.9871033687,54.00677109,31.00553282,100648.3426,0.9359541064
noisy,0.9,1.068674367,58.46971426,30.99917639,97427.94184,0.8740102351
noisy,0.9,1.156986126,63.30146048,30.99326778,94414.66713,0.8160503978
noisy,0.9,1.252595681,68.53248642,30.98779799,91595.30651,0.7618204659
noisy,0.9,1.356106097,74.19578726,30.98275554,88957.51328,0.7110829524
noisy,0.9,1.468170276,80.32708479,30.97812681,86489.744,0.6636158212
noisy,0.9,1.589495072,86.96505272,30.9738963,84181.20165,0.6192113936
noisy,0.9,1.720845753,94.15156064,30.97004696,82021.7834,0.5776753432
noisy,0.9,1.863050826,101.9319381,30.96656051,80002.0325,0.538825771
noisy,0.9,2.017007261,110.3552605,30.96341772,78113.09405,0.5024923545
noisy,0.9,2.183686153,119.4746588,30.96059869,76346.67426,0.468515564
noisy,0.9,2.364138845,129.3476544,30.95808314,74695.00283,0.4367459392
noisy,0.9,2.559503557,140.0365221,30.95585061,73150.79825,0.4070434214
noisy,0.9,2.771012572,151.6086829,30.95388075,71707.23574,0.3792767368
noisy,0.9,3,164.1371293,30.95215346,70357.9175,0.3533228253
noisy,1,0.3,16.41371293,31.17115678,181382.3682,2.488859643
noisy,1,0.3247910202,17.77008856,31.15614682,171786.8132,2.304290741
noisy,1,0.3516306893,19.23855064,31.14146661,162876.8581,2.13290924
noisy,1,0.380688301,20.82836163,31.12717868,154601.5873,1.973735784
noisy,1,0.4121471388,22.5495494,31.11334149,146914.1246,1.825868718
noisy,1,0.4462056322,24.41297052,31.10000857,139771.3035,1.688477743
noisy,1,0.4830786083,26.43037866,31.08722777,133133.361,1.560798025
noisy,1,0.5229986467,28.61449883,31.07504071,126963.654,1.44212474
noisy,1,0.5662175466,30.97910756,31.06348225,121228.3976,1.331808037
noisy,1,0.6130079154,33.53911982,31.05258029,115896.4231,1.229248397
noisy,1,0.6636648873,36.31068314,31.04235557,110938.9572,1.133892366
noisy,1,0.718507986,39.3112794,31.03282174,106329.4181,1.045228649
noisy,1,0.7778831392,42.55983514,31.02398551,102043.2303,0.9627845399
noisy,1,0.8421648612,46.07684091,31.01584694,98057.6551,0.8861226646
noisy,1,0.9117586147,49.88448055,31.00820387,94351.63691,0.814838022
noisy,1,0.9871033687,54.00677109,31.00016423,90905.66332,0.7485552939
noisy,1,1.068674367,58.46971426,30.99278172,87701.63832,0.6869264066
noisy,1,1.156986126,63.30146048,30.98604077,84722.76737,0.62962832
noisy,1,1.252595681,68.53248642,30.97992158,81953.45325,0.5763610241
noisy,1,1.356106097,74.19578726,30.97440062,79379.20165,0.5268457233
noisy,1,1.468170276,80.32708479,30.96945127,76986.53549,0.4808231883
noisy,1,1.589495072,86.96505272,30.96504438,74762.91715,0.4380522599
noisy,1,1.720845753,94.15156064,30.96114888,72696.67768,0.3983084877
noisy,1,1.863050826,101.9319381,30.9577323,70776.95227,0.3613828893
noisy,1,2.017007261,110.3552605,30.95476135,68993.62148,0.3270808185
noisy,1,2.183686153,119.4746588,30.95220234,67337.25727,0.2952209289
noisy,1,2.364138845,129.3476544,30.9500217,65799.07375,0.265634225
noisy,1,2.559503557,140.0365221,30.94818634,64370.88181,0.2381631908
noisy,1,2.771012572,151.6086829,30.94666397,63045.04744,0.2126609876
noisy,1,3,164.1371293,30.94542348,61814.45338,0.1889907158
noisy,1.1,0.3,16.41371293,31.20992659,178313.8277,2.429836777
noisy,1.1,0.3247910202,17.77008856,31.19045105,167847.1938,2.228512818
noisy,1.1,0.3516306893,19.23855064,31.17141793,158190.0318,2.042758915
noisy,1.1,0.380688301,20.82836163,31.15292683,149276.7757,1.87131392
noisy,1.1,0.4121471388,22.5495494,31.13507058,141047.6132,1.713027349
noisy,1.1,0.4462056322,24.41297052,31.11793361,133447.9624,1.566849332
noisy,1.1,0.4830786083,26.43037866,31.10159053,126427.99,1.431821332
noisy,1.1,0.5229986467,28.61449883,31.08610506,119942.1678,1.307067622
noisy,1.1,0.5662175466,30.97910756,31.07152928,113948.8667,1.191787474
noisy,1.1,0.6130079154,33.53911982,31.05790317,108409.9866,1.085248037
noisy,1.1,0.6636648873,36.31068314,31.04525454,103290.6199,0.9867778711
noisy,1.1,0.718507986,39.3112794,31.03359923,98558.74789,0.8957611011
noisy,1.1,0.7778831392,42.55983514,31.02294154,94184.96686,0.8116321513
noisy,1.1,0.8421648612,46.07684091,31.01327491,90142.24247,0.733871021
noisy,1.1,0.9117586147,49.88448055,31.00390599,86405.69003,0.6619990572
noisy,1.1,0.9871033687,54.00677109,30.99463555,82952.37816,0.5955751785
noisy,1.1,1.068674367,58.46971426,30.98627543,79761.15368,0.534192507
noisy,1.1,1.156986126,63.30146048,30.97879489,76812.4854,0.4774753638
noisy,1.1,1.252595681,68.53248642,30.97215705,74088.32467,0.4250765859
noisy,1.1,1.356106097,74.19578726,30.96631993,71571.98059,0.3766751266
noisy,1.1,1.468170276,80.32708479,30.96123749,69248.00822,0.3319739051
noisy,1.1,1.589495072,86.96505272,30.95686067,67102.10796,0.2906978711
noisy,1.1,1.720845753,94.15156064,30.95313835,65121.03488,0.2525922603
noisy,1.1,1.863050826,101.9319381,30.95001827,63292.51654,0.2174210144
noisy,1.1,2.017007261,110.3552605,30.9474479,61605.17842,0.1849653467
noisy,1.1,2.183686153,119.4746588,30.94537516,60048.47595,0.1550224341
noisy,1.1,2.364138845,129.3476544,30.94374917,58612.63246,0.1274042237
noisy,1.1,2.559503557,140.0365221,30.94252073,57288.58226,0.1019363385
noisy,1.1,2.771012572,151.6086829,30.94164288,56067.91845,0.0784570735
noisy,1.1,3,164.1371293,30.94107125,54942.84498,0.05681647268
noisy,1.2,0.3,16.41371293,31.25566461,176730.255,2.399377021
noisy,1.2,0.3247910202,17.77008856,31.23086045,165354.7181,2.180570463
noisy,1.2,0.3516306893,19.23855064,31.20662282,154922.5362,1.979909183
noisy,1.2,0.380688301,20.82836163,31.18310485,145351.0594,1.795803419
noisy,1.2,0.4121471388,22.5495494,31.16044896,136565.6102,1.626816768
noisy,1.2,0.4462056322,24.41297052,31.13878385,128498.684,1.471650785
noisy,1.2,0.4830786083,26.43037866,31.11822199,121089.2135,1.329130856
noisy,1.2,0.5229986467,28.61449883,31.09885775,114281.8991,1.198193296
noisy,1.2,0.5662175466,30.97910756,31.08076617,108026.5989,1.077873639
noisy,1.2,0.6130079154,33.53911982,31.06400244,102277.7804,0.9672960719
noisy,1.2,0.6636648873,36.31068314,31.04860193,96994.02791,0.8656639728
noisy,1.2,0.718507986,39.3112794,31.03458085,92137.60478,0.7722514827
noisy,1.2,0.7778831392,42.55983514,31.0219373,87674.0657,0.6863960519
noisy,1.2,0.8421648612,46.07684091,31.01065271,83571.9154,0.6074918742
noisy,1.2,0.9117586147,49.88448055,30.99950793,79802.30924,0.5349841273
noisy,1.2,0.9871033687,54.00677109,30.98902583,76338.79094,0.4683639298
noisy,1.2,1.068674367,58.46971426,30.97976012,73157.06323,0.4071639272
noisy,1.2,1.156986126,63.30146048,30.9716573,70234.78667,0.3509544241
noisy,1.2,1.252595681,68.53248642,30.96465568,67551.40287,0.2993399836
noisy,1.2,1.356106097,74.19578726,30.95868705,65087.97842,0.2519564247
noisy,1.2,1.468170276,80.32708479,30.95367836,62827.06634,0.2084681574
noisy,1.2,1.589495072,86.96505272,30.94955337,60752.58233,0.1685658029
noisy,1.2,1.720845753,94.15156064,30.94623414,58849.69366,0.1319640564
noisy,1.2,1.863050826,101.9319381,30.94364245,57104.71887,0.09839975686
noisy,1.2,2.017007261,110.3552605,30.94170102,55505.03663,0.06763013538
noisy,1.2,2.183686153,119.4746588,30.94033466,54039.00279,0.03943121863
noisy,1.2,2.364138845,129.3476544,30.93947118,52695.8745,0.01359636961
noisy,1.2,2.559503557,140.0365221,30.93904217,51465.74067,-0.01006504975
noisy,1.2,2.771012572,151.6086829,30.93898358,50339.45815,-0.03172890638
noisy,1.2,3,164.1371293,30.93923616,49308.59306,-0.05155742462
noisy,1.3,0.3,16.41371293,31.30904077,176286.1087,2.390833941
noisy,1.3,0.3247910202,17.77008856,31.27797225,163971.7095,2.153968523
noisy,1.3,0.3516306893,19.23855064,31.2475964,152743.4403,1.937994635
noisy,1.3,0.380688301,20.82836163,31.21814176,142499.0577,1.740945641
noisy,1.3,0.4121471388,22.5495494,31.18982071,133147.1149,1.561062579
noisy,1.3,0.4462056322,24.41297052,31.16282413,124605.7717,1.396771267
noisy,1.3,0.4830786083,26.43037866,31.13731699,116801.7064,1.246661369
noisy,1.3,0.5229986467,28.61449883,31.11343525,109669.1271,1.109467394
noisy,1.3,0.5662175466,30.97910756,31.09128398,103148.8835,0.9840515948
noisy,1.3,0.6130079154,33.53911982,31.07093683,97187.67412,0.8693887254
noisy,1.3,0.6636648873,36.31068314,31.05243656,91737.34716,0.764552594
noisy,1.3,0.718507986,39.3112794,31.03579657,86754.28941,0.6687043081
noisy,1.3,0.7778831392,42.55983514,31.02100316,82198.89683,0.5810820906
noisy,1.3,0.8421648612,46.07684091,31.00801826,78035.11899,0.5009925173
noisy,1.3,0.9117586147,49.88448055,30.99506467,74230.06887,0.4278030119
noisy,1.3,0.9871033687,54.00677109,30.98340754,70753.68939,0.3609354316
noisy,1.3,1.068674367,58.46971426,30.97332728,67578.46794,0.2998605757
noisy,1.3,1.156986126,63.30146048,30.96473862,64679.19101,0.244093467
noisy,1.3,1.252595681,68.53248642,30.95754593,62032.73187,0.1931892662
noisy,1.3,1.356106097,74.19578726,30.95164581,59617.86504,0.1467397048
noisy,1.3,1.468170276,80.32708479,30.94692965,57415.10265,0.1043699372
noisy,1.3,1.589495072,86.96505272,30.94328598,55406.54869,0.06573573622
noisy,1.3,1.720845753,94.15156064,30.94060272,53575.76776,0.03052097008
noisy,1.3,1.863050826,101.9319381,30.93876911,51907.6663,-0.001564683735
noisy,1.3,2.017007261,110.3552605,30.93767753,50388.38413,-0.03078782337
noisy,1.3,2.183686153,119.4746588,30.93722497,49005.19524,-0.05739323119
noisy,1.3,2.364138845,129.3476544,30.93731428,47746.41676,-0.08160562562
noisy,1.3,2.559503557,140.0365221,30.93785507,46601.3252,-0.1036312711
noisy,1.3,2.771012572,151.6086829,30.93876443,45560.07953,-0.1236594581
noisy,1.3,3,164.1371293,30.93996729,44613.65046,-0.1418638636
noisy,1.4,0.3,16.41371293,31.36375846,176717.0458,2.399122943
noisy,1.4,0.3247910202,17.77008856,31.33058376,163443.9934,2.143817992
noisy,1.4,0.3516306893,19.23855064,31.29484243,151407.117,1.912290679
noisy,1.4,0.380688301,20.82836163,31.258461,140482.0408,1.702148658
noisy,1.4,0.4121471388,22.5495494,31.22352709,130558.7293,1.511275414
noisy,1.4,0.4462056322,24.41297052,31.19031744,121539.7618,1.337797075
noisy,1.4,0.4830786083,26.43037866,31.15906879,113338.7568,1.180052111
noisy,1.4,0.5229986467,28.61449883,31.12997269,105878.9492,1.036563954
noisy,1.4,0.5662175466,30.97910756,31.10317288,99091.91951,0.9060165683
noisy,1.4,0.6130079154,33.53911982,31.07876488,92916.47647,0.7872329499
noisy,1.4,0.6636648873,36.31068314,31.05679769,87297.68753,0.6791564804
noisy,1.4,0.718507986,39.3112794,31.03727701,82186.0502,0.5808349877
noisy,1.4,0.7778831392,42.55983514,31.02016955,77536.79226,0.4914072857
noisy,1.4,0.8421648612,46.07684091,31.00540797,73309.28684,0.4100919229
noisy,1.4,0.9117586147,49.88448055,30.99062712,69466.56624,0.3361778323
noisy,1.4,0.9871033687,54.00677109,30.97784537,65974.9186,0.2690165714
noisy,1.4,1.068674367,58.46971426,30.96705614,62803.55156,0.2080158545
noisy,1.4,1.156986126,63.30146048,30.95813199,59924.30935,0.1526341101
noisy,1.4,1.252595681,68.53248642,30.95093307,57311.43136,0.1023758373
noisy,1.4,1.356106097,74.19578726,30.94531095,54941.34267,0.05678757587
noisy,1.4,1.468170276,80.32708479,30.94111207,52792.46906,0.01545434986
noisy,1.4,1.589495072,86.96505272,30.93818114,50845.07127,-0.02200352219
noisy,1.4,1.720845753,94.15156064,30.93636413,49081.09443,-0.05593332299
noisy,1.4,1.863050826,101.9319381,30.93551104,47484.03007,-0.08665258989
noisy,1.4,2.017007261,110.3552605,30.93547825,46038.78912,-0.114451559
noisy,1.4,2.183686153,119.4746588,30.93613045,44731.58452,-0.1395954217
noisy,1.4,2.364138845,129.3476544,30.93734221,43549.82294,-0.1623264088
noisy,1.4,2.559503557,140.0365221,30.93899902,42482.00482,-0.1828657126
noisy,1.4,2.771012572,151.6086829,30.94099797,41517.63242,-0.201415255
noisy,1.4,3,164.1371293,30.94324803,40647.12541,-0.2181593124
noisy,1.5,0.3,16.41371293,31.42535876,177809.8031,2.420141949
noisy,1.5,0.3247910202,17.77008856,31.38435975,163570.9005,2.14625903
noisy,1.5,0.3516306893,19.23855064,31.34456921,150723.3592,1.899138711
noisy,1.5,0.380688301,20.82836163,31.30447036,139118.1383,1.675914221
noisy,1.5,0.4121471388,22.5495494,31.26189963,128624.9361,1.474079224
noisy,1.5,0.4462056322,24.41297052,31.22152021,119129.744,1.291440785
noisy,1.5,0.4830786083,26.43037866,31.18366581,110532.6123,1.126076388
noisy,1.5,0.5229986467,28.61449883,31.14860169,102745.6365,0.9762952056
noisy,1.5,0.5662175466,30.97910756,31.1165208,95691.17337,0.8406037827
noisy,1.5,0.6130079154,33.53911982,31.08754415,89300.29253,0.7176762542
noisy,1.5,0.6636648873,36.31068314,31.06172458,83511.45966,0.606329018
noisy,1.5,0.718507986,39.3112794,31.03905308,78269.44003,0.5054996434
noisy,1.5,0.7778831392,42.55983514,31.01946655,73524.40191,0.4142296255
noisy,1.5,0.8421648612,46.07684091,31.00271214,69231.19398,0.3316504859
noisy,1.5,0.9117586147,49.88448055,30.98624136,65348.76776,0.2569726642
noisy,1.5,0.9871033687,54.00677109,30.9723956,61839.71611,0.1894766402
noisy,1.5,1.068674367,58.46971426,30.9610132,58669.90083,0.1285057713
noisy,1.5,1.156986126,63.30146048,30.9519131,55808.14653,0.07346040376
noisy,1.5,1.252595681,68.53248642,30.94490017,53225.98213,0.02379290158
noisy,1.5,1.356106097,74.19578726,30.93977026,50897.41627,-0.02099667489
noisy,1.5,1.468170276,80.32708479,30.93631494,48798.73658,-0.06136442919
noisy,1.5,1.589495072,86.96505272,30.93432595,46908.32644,-0.09772615344
noisy,1.5,1.720845753,94.15156064,30.93359929,45206.49523,-0.1304605933
noisy,1.5,1.863050826,101.9319381,30.93393879,43675.31996,-0.1599124946
noisy,1.5,2.017007261,110.3552605,30.93515927,42298.49713,-0.1863954524
noisy,1.5,2.183686153,119.4746588,30.93708893,41061.20454,-0.2101945693
noisy,1.5,2.364138845,129.3476544,30.93957121,39949.97287,-0.2315689253
noisy,1.5,2.559503557,140.0365221,30.94246595,38952.56692,-0.2507538626
noisy,1.5,2.771012572,151.6086829,30.94564989,38057.87644,-0.2679630851
noisy,1.5,3,164.1371293,30.94901671,37255.81612,-0.2833905817
noisy,1.6,0.3,16.41371293,31.49620272,179383.5124,2.450411986
noisy,1.6,0.3247910202,17.77008856,31.44628716,164186.5708,2.158101344
noisy,1.6,0.3516306893,19.23855064,31.39768507,150538.7105,1.895587024
noisy,1.6,0.380688301,20.82836163,31.35102082,138263.7132,1.659479496
noisy,1.6,0.4121471388,22.5495494,31.30525267,127209.5137,1.44685381
noisy,1.6,0.4462056322,24.41297052,31.25667745,117244.8088,1.25518437
noisy,1.6,0.4830786083,26.43037866,31.21128854,108255.9437,1.082285048
noisy,1.6,0.5229986467,28.61449883,31.16944831,100144.1056,0.9262551934
noisy,1.6,0.5662175466,30.97910756,31.13141218,92822.85248,0.7854321081
noisy,1.6,0.6130079154,33.53911982,31.09733047,86215.99709,0.6583503451
noisy,1.6,0.6636648873,36.31068314,31.06725602,80255.84797,0.5437078693
noisy,1.6,0.718507986,39.3112794,31.04115569,74881.7893,0.4403387459
noisy,1.6,0.7778831392,42.55983514,31.01892365,70039.16576,0.3471916886
noisy,1.6,0.8421648612,46.07684091,31.00000452,65678.42562,0.2633135783
noisy,1.6,0.9117586147,49.88448055,30.98194829,61754.47078,0.1878369605
noisy,1.6,0.9871033687,54.00677109,30.96710581,58226.16333,0.1199705543
noisy,1.6,1.068674367,58.46971426,30.95525238,55055.94405,0.05899191434
noisy,1.6,1.156986126,63.30146048,30.94614115,52209.52647,0.004241546252
noisy,1.6,1.252595681,68.53248642,30.93950992,49655.63938,-0.04488204647
noisy,1.6,1.356106097,74.19578726,30.93508767,47365.79892,-0.08892674644
noisy,1.6,1.468170276,80.32708479,30.9326006,45314.09852,-0.1283908618
noisy,1.6,1.589495072,86.96505272,30.93177796,43477.01045,-0.163726945
noisy,1.6,1.720845753,94.15156064,30.93235739,41833.19596,-0.1953454429
noisy,1.6,1.863050826,101.9319381,30.93408959,40363.32371,-0.2236181907
noisy,1.6,2.017007261,110.3552605,30.93674234,39049.89701,-0.2488817347
noisy,1.6,2.183686153,119.4746588,30.94010348,37877.09083,-0.2714404662
noisy,1.6,2.364138845,129.3476544,30.94398304,36830.5998,-0.2915695469
noisy,1.6,2.559503557,140.0365221,30.94821434,35897.49756,-0.309517613
noisy,1.6,2.771012572,151.6086829,30.95265426,35066.10798,-0.3255092532
noisy,1.6,3,164.1371293,30.95718262,34325.88783,-0.3397472644
noisy,1.7,0.3,16.41371293,31.57674594,181277.9921,2.486851988
noisy,1.7,0.3247910202,17.77008856,31.5168448,165148.055,2.176595334
noisy,1.7,0.3516306893,19.23855064,31.45826884,150724.4771,1.899160215
noisy,1.7,0.380688301,20.82836163,31.40188265,137801.3452,1.650585924
noisy,1.7,0.4121471388,22.5495494,31.34848557,126203.5227,1.42750374
noisy,1.7,0.4462056322,24.41297052,31.29601765,115782.0451,1.227048354
noisy,1.7,0.4830786083,26.43037866,31.24210635,106409.8531,1.046775803
noisy,1.7,0.5229986467,28.61449883,31.19263113,97977.93086,0.8845891821
noisy,1.7,0.5662175466,30.97910756,31.14792674,90391.91768,0.738673482
noisy,1.7,0.6130079154,33.53911982,31.10817722,83569.24655,0.6074405392
noisy,1.7,0.6636648873,36.31068314,31.07342993,77436.82253,0.4894843844
noisy,1.7,0.718507986,39.3112794,31.04361545,71929.21788,0.3835465264
noisy,1.7,0.7778831392,42.55983514,31.01856942,66987.32479,0.2884900359
noisy,1.7,0.8421648612,46.07684091,30.9974217,62557.38457,0.2032808735
noisy,1.7,0.9117586147,49.88448055,30.97778341,58590.30439,0.1269747468
noisy,1.7,0.9871033687,54.00677109,30.96201504,55041.177,0.05870787266
noisy,1.7,1.068674367,58.46971426,30.94981573,51868.93193,-0.002309732921
noisy,1.7,1.156986126,63.30146048,30.9408602,49036.0634,-0.05679948725
noisy,1.7,1.252595681,68.53248642,30.93480708,46508.39734,-0.105418723
noisy,1.7,1.356106097,74.19578726,30.93130676,44254.87434,-0.1487648626
noisy,1.7,1.468170276,80.32708479,30.93000914,42247.33676,-0.1873795135
noisy,1.7,1.589495072,86.96505272,30.930571,40460.31582,-0.2217525638
noisy,1.7,1.720845753,94.15156064,30.93266291,38870.81907,-0.2523262691
noisy,1.7,1.863050826,101.9319381,30.93597537,37458.12116,-0.279499278
noisy,1.7,2.017007261,110.3552605,30.94022379,36203.56136,-0.3036305267
noisy,1.7,2.183686153,119.4746588,30.94515218,35090.35109,-0.3250429409
noisy,1.7,2.364138845,129.3476544,30.95053546,34103.39404,-0.3440268955
noisy,1.7,2.559503557,140.0365221,30.95618036,33229.12048,-0.3608434018
noisy,1.7,2.771012572,151.6086829,30.96192513,32455.33643,-0.3757270091
noisy,1.7,3,164.1371293,30.96763806,31771.0875,-0.3888884233
noisy,1.8,0.3,16.41371293,31.66726974,183346.5916,2.526641153
noisy,1.8,0.3247910202,17.77008856,31.59639085,166327.7484,2.19928654
noisy,1.8,0.3516306893,19.23855064,31.52670203,151168.9203,1.907709005
noisy,1.8,0.380688301,20.82836163,31.45937582,137631.9034,1.64732674
noisy,1.8,0.4121471388,22.5495494,31.39551127,125517.3297,1.414304933
noisy,1.8,0.4462056322,24.41297052,31.33606634,114658.5504,1.205438121
noisy,1.8,0.4830786083,26.43037866,31.2762744,104915.8823,1.018039522
noisy,1.8,0.5229986467,28.61449883,31.21825942,96171.35264,0.8498399509
noisy,1.8,0.5662175466,30.97910756,31.16613847,88324.09156,0.6988991911
noisy,1.8,0.6130079154,33.53911982,31.12013475,81286.48667,0.563532033
noisy,1.8,0.6636648873,36.31068314,31.08028301,74981.14685,0.4422498717
noisy,1.8,0.718507986,39.3112794,31.04646244,69338.64305,0.333717251
noisy,1.8,0.7778831392,42.55983514,31.01843131,64295.92778,0.2367214626
noisy,1.8,0.8421648612,46.07684091,30.99499281,59795.29442,0.1501525294
noisy,1.8,0.9117586147,49.88448055,30.97377687,55783.72633,0.07299068541
noisy,1.8,0.9871033687,54.00677109,30.95715417,52212.49814,0.004298705921
noisy,1.8,1.068674367,58.46971426,30.94473438,49036.91864,-0.05678303681
noisy,1.8,1.156986126,63.30146048,30.93610104,46216.13678,-0.1110403062
noisy,1.8,1.252595681,68.53248642,30.93082113,43712.96171,-0.1591884618
noisy,1.8,1.356106097,74.19578726,30.92845441,41493.67187,-0.2018761322
noisy,1.8,1.468170276,80.32708479,30.92856294,39527.80447,-0.2396892643
noisy,1.8,1.589495072,86.96505272,30.93072052,37787.92685,-0.2731555204
noisy,1.8,1.720845753,94.15156064,30.93452167,36249.39655,-0.3027488945
noisy,1.8,1.863050826,101.9319381,30.93958946,34890.11802,-0.3288943907
noisy,1.8,2.017007261,110.3552605,30.94558179,33690.30407,-0.3519726122
noisy,1.8,2.183686153,119.4746588,30.95219583,32632.24828,-0.3723241392
noisy,1.8,2.364138845,129.3476544,30.95917035,31700.11285,-0.3902536089
noisy,1.8,2.559503557,140.0365221,30.96628622,30879.73455,-0.4060334488
noisy,1.8,2.771012572,151.6086829,30.97336513,30158.44973,-0.4199072422
noisy,1.8,3,164.1371293,30.98026698,29524.93809,-0.4320927331
noisy,1.9,0.3,16.41371293,31.76783704,185452.2127,2.567142425
noisy,1.9,0.3247910202,17.77008856,31.6851276,167608.7523,2.223926435
noisy,1.9,0.3516306893,19.23855064,31.60326178,151772.2014,1.919313016
noisy,1.9,0.380688301,20.82836163,31.52379586,137669.2584,1.648045257
noisy,1.9,0.4121471388,22.5495494,31.44821551,125075.2079,1.405800792
noisy,1.9,0.4462056322,24.41297052,31.377829,113805.9861,1.189039188
noisy,1.9,0.4830786083,26.43037866,31.31368282,103710.5521,0.9948551963
noisy,1.9,0.5229986467,28.61449883,31.24643146,94663.81217,0.8208426611
noisy,1.9,0.5662175466,30.97910756,31.18611469,86560.39066,0.6649746979
noisy,1.9,0.6130079154,33.53911982,31.13324986,79309.48395,0.5255047149
noisy,1.9,0.6636648873,36.31068314,31.0878504,72830.90938,0.4008904121
noisy,1.9,0.718507986,39.3112794,31.04972591,67052.31111,0.2897400369
noisy,1.9,0.7778831392,42.55983514,31.01853549,61907.36168,0.1907777914
noisy,1.9,0.8421648612,46.07684091,30.99274396,57334.72648,0.102823915
noisy,1.9,0.9117586147,49.88448055,30.96995362,53277.54439,0.02478469304
noisy,1.9,0.9871033687,54.00677109,30.95254653,49683.20689,-0.04435179011
noisy,1.9,1.068674367,58.46971426,30.94002977,46503.27094,-0.1055173284
noisy,1.9,1.156986126,63.30146048,30.93188304,43693.39747,-0.1595647767
noisy,1.9,1.252595681,68.53248642,30.92756899,41213.25688,-0.2072698678
noisy,1.9,1.356106097,74.19578726,30.92654416,39026.37917,-0.2493340964
noisy,1.9,1.468170276,80.32708479,30.92827064,37099.94868,-0.286388666
noisy,1.9,1.589495072,86.96505272,30.93222819,35404.55596,-0.3189992627
noisy,1.9,1.720845753,94.15156064,30.93792582,33913.92289,-0.3476713414
noisy,1.9,1.863050826,101.9319381,30.94491191,32604.61747,-0.3728556131
noisy,1.9,2.017007261,110.3552605,30.95278196,31455.77164,-0.3949534714
noisy,1.9,2.183686153,119.4746588,30.96118379,30448.8124,-0.4143221646
noisy,1.9,2.364138845,129.3476544,30.96981973,29567.21292,-0.4312795838
noisy,1.9,2.559503557,140.0365221,30.97844631,28796.26702,-0.4461085999
noisy,1.9,2.771012572,151.6086829,30.98687162,28122.88836,-0.4590609263
noisy,1.9,3,164.1371293,30.99495101,27535.43343,-0.4703605239
noisy,2,0.3,16.41371293,31.87825261,187465.6817,2.605871166
noisy,2,0.3247910202,17.77008856,31.78306676,168882.3327,2.248423544
noisy,2,0.3516306893,19.23855064,31.6880944,152443.232,1.932220178
noisy,2,0.380688301,20.82836163,31.59535427,137836.7718,1.651267349
noisy,2,0.4121471388,22.5495494,31.50681916,124811.6392,1.400731092
noisy,2,0.4462056322,24.41297052,31.42425238,113166.7965,1.176744483
noisy,2,0.4830786083,26.43037866,31.34907255,102741.5504,0.9762166102
noisy,2,0.5229986467,28.61449883,31.27723299,93406.128,0.7966513156
noisy,2,0.5662175466,30.97910756,31.20791519,85053.29826,0.6359860267
noisy,2,0.6130079154,33.53911982,31.14756533,77591.49732,0.4924595283
noisy,2,0.6636648873,36.31068314,31.0961654,70939.69534,0.3645132252
noisy,2,0.718507986,39.3112794,31.05343415,65023.96934,0.2507252208
noisy,2,0.7778831392,42.55983514,31.0189067,59775.52234,0.1497722167
noisy,2,0.8421648612,46.07684091,30.99069828,55129.76721,0.06041189052
noisy,2,0.9117586147,49.88448055,30.9663337,51026.07886,-0.0185218713
noisy,2,0.9871033687,54.00677109,30.94820865,47407.88,-0.08811732389
noisy,2,1.068674367,58.46971426,30.935715,44222.82224,-0.1493813794
noisy,2,1.156986126,63.30146048,30.92821614,41422.92139,-0.2032370058
noisy,2,1.252595681,68.53248642,30.92505754,38964.583,-0.2505227353
noisy,2,1.356106097,74.19578726,30.92557931,36808.50652,-0.2919945074
noisy,2,1.468170276,80.32708479,30.92913069,34919.48533,-0.3283295155
noisy,2,1.589495072,86.96505272,30.93508563,33266.13177,-0.3601314957
noisy,2,1.720845753,94.15156064,30.94285785,31820.55793,-0.3879368678
noisy,2,1.863050826,101.9319381,30.95191365,30558.03863,-0.4122212164
noisy,2,2.017007261,110.3552605,30.96178162,29456.6775,-0.4334057143
noisy,2,2.183686153,119.4746588,30.9720583,28497.09048,-0.4518632107
noisy,2,2.364138845,129.3476544,30.98241011,27662.11568,-0.467923812
noisy,2,2.559503557,140.0365221,30.99257159,26936.55389,-0.4818798722
noisy,2,2.771012572,151.6086829,31.00234097,26306.94076,-0.4939903758
noisy,2,3,164.1371293,31.01157362,25761.34881,-0.504484746
noisy,2.1,0.3,16.41371293,31.99803298,189265.912,2.640498296
noisy,2.1,0.3247910202,17.77008856,31.8899989,170046.9495,2.270824752
noisy,2.1,0.3516306893,19.23855064,31.78118972,153097.9072,1.944812748
noisy,2.1,0.380688301,20.82836163,31.67416013,138065.0341,1.655657936
noisy,2.1,0.4121471388,22.5495494,31.5714803,124668.7827,1.397983273
noisy,2.1,0.4462056322,24.41297052,31.4754936,112691.5507,1.167603209
noisy,2.1,0.4830786083,26.43037866,31.38810526,101965.0225,0.9612802265
noisy,2.1,0.5229986467,28.61449883,31.31064727,92357.76868,0.7764862987
noisy,2.1,0.5662175466,30.97910756,31.2315916,83764.03126,0.6111871906
noisy,2.1,0.6130079154,33.53911982,31.16311953,76094.54346,0.4636658702
noisy,2.1,0.6636648873,36.31068314,31.10525925,69269.85216,0.3323940696
noisy,2.1,0.718507986,39.3112794,31.05761425,63216.13149,0.2159517609
noisy,2.1,0.7778831392,42.55983514,31.01956817,57863.07871,0.1129866821
noisy,2.1,0.8421648612,46.07684091,30.98887597,53143.27937,0.02220212776
noisy,2.1,0.9117586147,49.88448055,30.96293267,48992.41978,-0.05763896508
noisy,2.1,0.9871033687,54.00677109,30.94415108,45349.84438,-0.1277032962
noisy,2.1,1.068674367,58.46971426,30.93179612,42159.12456,-0.1890762606
noisy,2.1,1.156986126,63.30146048,30.92510268,39368.46302,-0.2427541706
noisy,2.1,1.252595681,68.53248642,30.9232859,36930.87434,-0.2896407827
noisy,2.1,1.356106097,74.19578726,30.9255555,34804.15331,-0.3305479077
noisy,2.1,1.468170276,80.32708479,30.93113412,32950.67598,-0.3661992353
noisy,2.1,1.589495072,86.96505272,30.9392774,31337.08777,-0.3972363358
noisy,2.1,1.720845753,94.15156064,30.94929354,29933.92788,-0.4242258827
noisy,2.1,1.863050826,101.9319381,30.96055954,28715.22992,-0.4476673349
noisy,2.1,2.017007261,110.3552605,30.97253285,27658.12746,-0.4680005247
noisy,2.1,2.183686153,119.4746588,30.98475761,26742.48358,-0.4856127823
noisy,2.1,2.364138845,129.3476544,30.99686559,25950.55549,-0.5008453871
noisy,2.1,2.559503557,140.0365221,31.00857261,25266.69907,-0.5139992514
noisy,2.1,2.771012572,151.6086829,31.01967151,24677.11336,-0.5253398344
noisy,2.1,3,164.1371293,31.03002277,24169.62208,-0.5351013446
noisy,2.2,0.3,16.41371293,32.12639136,190741.4133,2.668879318
noisy,2.2,0.3247910202,17.77008856,32.00547093,171008.4795,2.289319623
noisy,2.2,0.3516306893,19.23855064,31.88235866,153658.3765,1.95559328
noisy,2.2,0.380688301,20.82836163,31.76020244,138290.5112,1.659994952
noisy,2.2,0.4121471388,22.5495494,31.64228262,124594.7663,1.396559579
noisy,2.2,0.4462056322,24.41297052,31.53166617,112337.0605,1.160784649
noisy,2.2,0.4830786083,26.43037866,31.43088562,101343.6177,0.9493276074
noisy,2.2,0.5229986467,28.61449883,31.34172111,91484.87358,0.7596963068
noisy,2.2,0.5662175466,30.97910756,31.25718674,82660.55299,0.58996197
noisy,2.2,0.6130079154,33.53911982,31.17994614,74787.40777,0.4385233328
noisy,2.2,0.6636648873,36.31068314,31.11516087,67790.50046,0.3039389861
noisy,2.2,0.718507986,39.3112794,31.06229199,61598.08884,0.1848289798
noisy,2.2,0.7778831392,42.55983514,31.02054155,56139.48267,0.07983359936
noisy,2.2,0.8421648612,46.07684091,30.98729444,51344.90916,-0.01238922367
noisy,2.2,0.9117586147,49.88448055,30.95976198,47146.43067,-0.09314625812
noisy,2.2,0.9871033687,54.00677109,30.94037924,43479.17861,-0.1636852408
noisy,2.2,1.068674367,58.46971426,30.9282734,40282.44996,-0.2251737839
noisy,2.2,1.156986126,63.30146048,30.92253907,37500.45962,-0.2786849049
noisy,2.2,1.252595681,68.53248642,30.92224739,35082.70939,-0.3251899278
noisy,2.2,1.356106097,74.19578726,30.92646289,32984.02609,-0.3655577516
noisy,2.2,1.468170276,80.32708479,30.93426678,31164.35545,-0.4005588132
noisy,2.2,1.589495072,86.96505272,30.9447832,29588.39981,-0.4308720574
noisy,2.2,1.720845753,94.15156064,30.95720427,28225.17283,-0.4570935015
noisy,2.2,1.863050826,101.9319381,30.97081055,27047.52613,-0.4797453396
noisy,2.2,2.017007261,110.3552605,30.98498476,26031.68563,-0.4992848624
noisy,2.2,2.183686153,119.4746588,30.99921818,25156.82107,-0.5161127364
noisy,2.2,2.364138845,129.3476544,31.01311012,24404.66195,-0.530580392
noisy,2.2,2.559503557,140.0365221,31.02636168,23759.16445,-0.5429964288
noisy,2.2,2.771012572,151.6086829,31.03876545,23206.22853,-0.5536320592
noisy,2.2,3,164.1371293,31.05019263,22733.45986,-0.5627256857
noisy,2.3,0.3,16.41371293,32.26224207,191792.722,2.689101066
noisy,2.3,0.3247910202,17.77008856,32.12877528,171681.328,2.302261751
noisy,2.3,0.3516306893,19.23855064,31.99121668,154053.1022,1.963185764
noisy,2.3,0.380688301,20.82836163,31.85333479,138454.8729,1.663156422
noisy,2.3,0.4121471388,22.5495494,31.7192245,124542.5773,1.395555733
noisy,2.3,0.4462056322,24.41297052,31.59283367,112065.0504,1.155552581
noisy,2.3,0.4830786083,26.43037866,31.47749005,100845.0646,0.9397380225
noisy,2.3,0.5229986467,28.61449883,31.37555824,90758.79523,0.7457303107
noisy,2.3,0.5662175466,30.97910756,31.28473416,81716.10545,0.5717956787
noisy,2.3,0.6130079154,33.53911982,31.19807388,73644.17416,0.4165334248
noisy,2.3,0.6636648873,36.31068314,31.12589673,66476.06388,0.2786560174
noisy,2.3,0.718507986,39.3112794,31.06749168,60144.43985,0.1568682836
noisy,2.3,0.7778831392,42.55983514,31.02184689,54579.49748,0.04982754402
noisy,2.3,0.8421648612,46.07684091,30.98596846,49709.61231,-0.04384388624
noisy,2.3,0.9117586147,49.88448055,30.95682949,45463.27224,-0.1255215303
noisy,2.3,0.9871033687,54.00677109,30.93689421,41771.23533,-0.1965372452
noisy,2.3,1.068674367,58.46971426,30.92514257,38568.31408,-0.2581449022
noisy,2.3,1.156986126,63.30146048,30.92051724,35794.55856,-0.3114976275
noisy,2.3,1.252595681,68.53248642,30.92193119,33395.84409,-0.3576365009
noisy,2.3,1.356106097,74.19578726,30.92828782,31323.97938,-0.3974884735
noisy,2.3,1.468170276,80.32708479,30.93851106,29536.48072,-0.4318707126
noisy,2.3,1.589495072,86.96505272,30.95157953,27996.14327,-0.4614988468
noisy,2.3,1.720845753,94.15156064,30.96655856,26670.51151,-0.4869971529
noisy,2.3,1.863050826,101.9319381,30.98262539,25531.32015,-0.508909309
noisy,2.3,2.017007261,110.3552605,30.99908502,24553.95257,-0.5277088118
noisy,2.3,2.183686153,119.4746588,31.01537626,23716.94477,-0.5438085173
noisy,2.3,2.364138845,129.3476544,31.03106895,23001.54959,-0.5575690244
noisy,2.3,2.559503557,140.0365221,31.04585423,22391.36531,-0.5693058174
noisy,2.3,2.771012572,151.6086829,31.05953015,21872.02591,-0.5792952244
noisy,2.3,3,164.1371293,31.07198457,21430.94521,-0.5877793382
noisy,2.4,0.3,16.41371293,32.40422702,192335.3119,2.699537692
noisy,2.4,0.3247910202,17.77008856,32.25895427,171990.1292,2.308201491
noisy,2.4,0.3516306893,19.23855064,32.10717572,154217.4998,1.966347923
noisy,2.4,0.380688301,20.82836163,31.95326366,138504.8359,1.664117451
noisy,2.4,0.4121471388,22.5495494,31.80220935,124469.4019,1.394148215
noisy,2.4,0.4462056322,24.41297052,31.6590038,111841.2292,1.151247418
noisy,2.4,0.4830786083,26.43037866,31.52796384,100441.1266,0.9319683427
noisy,2.4,0.5229986467,28.61449883,31.41220667,90155.012,0.7341166408
noisy,2.4,0.5662175466,30.97910756,31.31342532,80908.10939,0.556254009
noisy,2.4,0.6130079154,33.53911982,31.21752635,72643.12244,0.3972783616
noisy,2.4,0.6636648873,36.31068314,31.13749071,65305.1662,0.2561339955
noisy,2.4,0.718507986,39.3112794,31.07323605,58833.98728,0.1316619467
noisy,2.4,0.7778831392,42.55983514,31.02350263,53162.09367,0.0225640178
noisy,2.4,0.8421648612,46.07684091,30.98491038,48216.54796,-0.07256273025
noisy,2.4,0.9117586147,49.88448055,30.95413992,43922.29446,-0.1551619811
noisy,2.4,0.9871033687,54.00677109,30.93369358,40205.53315,-0.226653266
noisy,2.4,1.068674367,58.46971426,30.92239579,36996.36989,-0.2883809869
noisy,2.4,1.156986126,63.30146048,30.91902591,34230.51526,-0.34158174
noisy,2.4,1.252595681,68.53248642,30.92232367,31850.11565,-0.3873683299
noisy,2.4,1.356106097,74.19578726,30.93101417,29803.92616,-0.426726444
noisy,2.4,1.468170276,80.32708479,30.94384709,28047.0482,-0.4605196991
noisy,2.4,1.589495072,86.96505272,30.95964087,26540.41665,-0.489499506
noisy,2.4,1.720845753,94.15156064,30.9773232,25250.17067,-0.5143171725
noisy,2.4,1.863050826,101.9319381,30.99596156,24146.99738,-0.5355365269
noisy,2.4,2.017007261,110.3552605,31.01478096,23205.50417,-0.5536459922
noisy,2.4,2.183686153,119.4746588,31.03316896,22403.65193,-0.5690694863
noisy,2.4,2.364138845,129.3476544,31.0506697,21722.26509,-0.5821758487
noisy,2.4,2.559503557,140.0365221,31.06696977,21144.62168,-0.5932867236
noisy,2.4,2.771012572,151.6086829,31.08187881,20656.11827,-0.6026830053
noisy,2.4,3,164.1371293,31.09530757,20243.99846,-0.6106100612
noisy,2.5,0.3,16.41371293,32.55076403,192302.5209,2.698906961
noisy,2.5,0.3247910202,17.77008856,32.39482124,171871.7355,2.305924207
noisy,2.5,0.3516306893,19.23855064,32.22944668,154094.9642,1.963990972
noisy,2.5,0.380688301,20.82836163,32.05954222,138392.3885,1.661954544
noisy,2.5,0.4121471388,22.5495494,31.89103812,124336.3001,1.391588024
noisy,2.5,0.4462056322,24.41297052,31.73012317,111634.6592,1.147274077
noisy,2.5,0.4830786083,26.43037866,31.58231848,100106.832,0.9255382416
noisy,2.5,0.5229986467,28.61449883,31.45169618,89652.30823,0.7244472175
noisy,2.5,0.5662175466,30.97910756,31.34050178,80217.32968,0.5429669765
noisy,2.5,0.6130079154,33.53911982,31.23832189,71765.89029,0.3804049473
noisy,2.5,0.6636648873,36.31068314,31.14996395,64259.79317,0.2360264193
noisy,2.5,0.718507986,39.3112794,31.07954621,57648.89972,0.1088669849
noisy,2.5,0.7778831392,42.55983514,31.02552561,51869.60953,-0.002296699384
noisy,2.5,0.8421648612,46.07684091,30.98413027,46848.23751,-0.0988819539
noisy,2.5,0.9117586147,49.88448055,30.95169529,42506.19432,-0.1824004315
noisy,2.5,0.9871033687,54.00677109,30.9307721,38764.91473,-0.2543633214
noisy,2.5,1.068674367,58.46971426,30.92002267,35549.56835,-0.3162099734
noisy,2.5,1.156986126,63.30146048,30.91805161,32791.35804,-0.3692636894
noisy,2.5,1.252595681,68.53248642,30.9234094,30428.61281,-0.4147107005
noisy,2.5,1.356106097,74.19578726,30.93462433,28407.01382,-0.4535958203
noisy,2.5,1.468170276,80.32708479,30.95025366,26679.27521,-0.4868285846
noisy,2.5,1.589495072,86.96505272,30.96894046,25204.52786,-0.5151951044
noisy,2.5,1.720845753,94.15156064,30.98946402,23947.57541,-0.5393723753
noisy,2.5,1.863050826,101.9319381,31.01077614,22878.12959,-0.5599429876
noisy,2.5,2.017007261,110.3552605,31.03202037,21970.08865,-0.5774090038
noisy,2.5,2.183686153,119.4746588,31.05253503,21200.89522,-0.5922043113
noisy,2.5,2.364138845,129.3476544,31.07184306,20550.99012,-0.6047051278
noisy,2.5,2.559503557,140.0365221,31.08963241,20003.36445,-0.6152386164
noisy,2.5,2.771012572,151.6086829,31.10573084,19543.20124,-0.6240897789
noisy,2.5,3,164.1371293,31.12007834,19157.59105,-0.6315069268
noisy,2.6,0.3,16.41371293,32.70011393,191648.0371,2.686318076
noisy,2.6,0.3247910202,17.77008856,32.53499856,171277.1821,2.294488072
noisy,2.6,0.3516306893,19.23855064,32.35705385,153638.0929,1.95520313
noisy,2.6,0.380688301,20.82836163,32.17157074,138075.278,1.655854976
noisy,2.6,0.4121471388,22.5495494,31.98540476,124108.1341,1.387199289
noisy,2.6,0.4462056322,24.41297052,31.80607311,111417.3488,1.143094148
noisy,2.6,0.4830786083,26.43037866,31.64052943,99819.90922,0.9200193291
noisy,2.6,0.5229986467,28.61449883,31.49403739,89232.15069,0.7163655571
noisy,2.6,0.5662175466,30.97910756,31.36956121,79627.23464,0.5316165967
noisy,2.6,0.6130079154,33.53911982,31.2604735,70996.82892,0.36561218
noisy,2.6,0.6636648873,36.31068314,31.16333479,63324.64764,0.2180390509
noisy,2.6,0.718507986,39.3112794,31.08644149,56574.06649,0.08819274676
noisy,2.6,0.7778831392,42.55983514,31.02793108,50687.10496,-0.02504197796
noisy,2.6,0.8421648612,46.07684091,30.98363622,45589.91712,-0.1230855371
noisy,2.6,0.9117586147,49.88448055,30.94949539,41200.36773,-0.2075177886
noisy,2.6,0.9871033687,54.00677109,30.92812233,37434.8998,-0.279945937
noisy,2.6,1.068674367,58.46971426,30.91801095,34213.51418,-0.3419087528
noisy,2.6,1.156986126,63.30146048,30.91757949,31462.74808,-0.3948192806
noisy,2.6,1.252595681,68.53248642,30.92517197,29117.0405,-0.4399385752
noisy,2.6,1.356106097,74.19578726,30.93909986,27118.99362,-0.4783706742
noisy,2.6,1.468170276,80.32708479,30.95770879,25418.97363,-0.5110702757
noisy,2.6,1.589495072,86.96505272,30.97945083,23974.37139,-0.5388569592
noisy,2.6,1.720845753,94.15156064,31.00294637,22748.72923,-0.5624319819
noisy,2.6,1.863050826,101.9319381,31.02702629,21710.85733,-0.5823952751
noisy,2.6,2.017007261,110.3552605,31.05075199,20834.01114,-0.5992612656
noisy,2.6,2.183686153,119.4746588,31.07341536,20095.16937,-0.6134727639
noisy,2.6,2.364138845,129.3476544,31.0945232,19474.43031,-0.6254125765
noisy,2.6,2.559503557,140.0365221,31.11377119,18954.52685,-0.6354128328
noisy,2.6,2.771012572,151.6086829,31.13101193,18520.4477,-0.643762273
noisy,2.6,3,164.1371293,31.1462211,18159.14334,-0.6507119023
noisy,2.7,0.3,16.41371293,32.85046051,190347.5427,2.661303281
noisy,2.7,0.3247910202,17.77008856,32.67797024,170173.3259,2.273255582
noisy,2.7,0.3516306893,19.23855064,32.48886145,152809.9096,1.939273162
noisy,2.7,0.380688301,20.82836163,32.28860463,137517.6474,1.645129044
noisy,2.7,0.4121471388,22.5495494,32.0848954,123753.6774,1.380381374
noisy,2.7,0.4462056322,24.41297052,31.886667,111164.0151,1.138221317
noisy,2.7,0.4830786083,26.43037866,31.70253428,99560.37531,0.9150272377
noisy,2.7,0.5229986467,28.61449883,31.53922111,88878.21101,0.7095575865
noisy,2.7,0.5662175466,30.97910756,31.40061338,79123.49912,0.5219273278
noisy,2.7,0.6130079154,33.53911982,31.28398882,70322.50198,0.3526416135
noisy,2.7,0.6636648873,36.31068314,31.1776187,62486.64804,0.2019202681
noisy,2.7,0.718507986,39.3112794,31.09393948,55596.5957,0.0693912589
noisy,2.7,0.7778831392,42.55983514,31.03073277,49601.85858,-0.04591651116
noisy,2.7,0.8421648612,46.07684091,30.98343447,44429.03384,-0.1454149335
noisy,2.7,0.9117586147,49.88448055,30.94753812,39992.40556,-0.2307527396
noisy,2.7,0.9871033687,54.00677109,30.92573522,36203.1826,-0.3036378122
noisy,2.7,1.068674367,58.46971426,30.91634722,32975.96616,-0.365712783
noisy,2.7,1.156986126,63.30146048,30.91759401,30232.48358,-0.4184832134
noisy,2.7,1.252595681,68.53248642,30.92759453,27903.22821,-0.4632860526
noisy,2.7,1.356106097,74.19578726,30.94442196,25927.73278,-0.5012843781
noisy,2.7,1.468170276,80.32708479,30.96619008,24254.06506,-0.5334770981
noisy,2.7,1.589495072,86.96505272,30.99114413,22837.94598,-0.5607159126
noisy,2.7,1.720845753,94.15156064,31.01773547,21641.73364,-0.5837248577
noisy,2.7,1.863050826,101.9319381,31.04466961,20633.41118,-0.6031197725
noisy,2.7,2.017007261,110.3552605,31.07092593,19785.65632,-0.6194261959
noisy,2.7,2.183686153,119.4746588,31.09575332,19075.03547,-0.6330948696
noisy,2.7,2.364138845,129.3476544,31.11864804,18481.34131,-0.6445144779
noisy,2.7,2.559503557,140.0365221,31.13932013,17987.07263,-0.6540216537
noisy,2.7,2.771012572,151.6086829,31.15765391,17577.03843,-0.6619085933
noisy,2.7,3,164.1371293,31.17366723,17238.05823,-0.6684288209
noisy,2.8,0.3,16.41371293,32.99999555,188399.2178,2.623827577
noisy,2.8,0.3247910202,17.77008856,32.82214509,168543.8925,2.241913702
noisy,2.8,0.3516306893,19.23855064,32.62361106,151584.9037,1.915710377
noisy,2.8,0.380688301,20.82836163,32.40977043,136690.7114,1.629223068
noisy,2.8,0.4121471388,22.5495494,32.18899176,123245.8426,1.370613257
noisy,2.8,0.4462056322,24.41297052,31.97164917,110851.9713,1.132219206
noisy,2.8,0.4830786083,26.43037866,31.7682316,99310.24103,0.9102159465
noisy,2.8,0.5229986467,28.61449883,31.58721788,88575.99825,0.7037445743
noisy,2.8,0.5662175466,30.97910756,31.43365758,78693.61569,0.5136585917
noisy,2.8,0.6130079154,33.53911982,31.30887018,69731.29212,0.3412697904
noisy,2.8,0.6636648873,36.31068314,31.19282826,61734.53423,0.1874534842
noisy,2.8,0.718507986,39.3112794,31.10205593,54705.41976,0.05224963813
noisy,2.8,0.7778831392,42.55983514,31.0339429,48602.97244,-0.06512991974
noisy,2.8,0.8421648612,46.07684091,30.98352965,43354.84958,-0.1660766889
noisy,2.8,0.9117586147,49.88448055,30.94581991,38871.69784,-0.252309366
noisy,2.8,0.9871033687,54.00677109,30.92360059,35059.23765,-0.3256414029
noisy,2.8,1.068674367,58.46971426,30.91501742,31826.44582,-0.3878236152
noisy,2.8,1.156986126,63.30146048,30.91807937,29090.11191,-0.4404565422
noisy,2.8,1.252595681,68.53248642,30.93066022,26776.74548,-0.4849537603
noisy,2.8,1.356106097,74.19578726,30.95057181,24822.83297,-0.522536942
noisy,2.8,1.468170276,80.32708479,30.97567501,23174.2017,-0.5542480899
noisy,2.8,1.589495072,86.96505272,31.00399234,21784.97714,-0.5809695929
noisy,2.8,1.720845753,94.15156064,31.03379666,20616.4119,-0.6034467506
noisy,2.8,1.863050826,101.9319381,31.06366442,19635.7365,-0.6223098788
noisy,2.8,2.017007261,110.3552605,31.09249389,18815.11437,-0.6380944087
noisy,2.8,2.183686153,119.4746588,31.119495,18130.74805,-0.6512580809
noisy,2.8,2.364138845,129.3476544,31.14415934,17562.15735,-0.6621948283
noisy,2.8,2.559503557,140.0365221,31.16621816,17091.62633,-0.671245414
noisy,2.8,2.771012572,151.6086829,31.18559446,16703.79459,-0.6787052931
noisy,2.8,3,164.1371293,31.20235469,16385.35621,-0.6848304022
noisy,2.9,0.3,16.41371293,33.14700065,185822.9636,2.574273756
noisy,2.9,0.3247910202,17.77008856,32.96592487,166389.7379,2.200478897
noisy,2.9,0.3516306893,19.23855064,32.75996749,149949.7197,1.884257884
noisy,2.9,0.380688301,20.82836163,32.53408924,135573.3657,1.607731109
noisy,2.9,0.4121471388,22.5495494,32.29707905,122561.9695,1.357459071
noisy,2.9,0.4462056322,24.41297052,32.06069597,110461.1058,1.124700972
noisy,2.9,0.4830786083,26.43037866,31.83748045,99053.30426,0.9052738105
noisy,2.9,0.5229986467,28.61449883,31.6379777,88312.57517,0.6986776752
noisy,2.9,0.5662175466,30.97910756,31.46868268,78326.5879,0.5065988732
noisy,2.9,0.6130079154,33.53911982,31.33162386,69213.08929,0.3313022453
noisy,2.9,0.6636648873,36.31068314,31.20897312,61058.55503,0.174451137
noisy,2.9,0.718507986,39.3112794,31.11080475,53890.98239,0.03658407083
noisy,2.9,0.7778831392,42.55983514,31.03757226,47681.05817,-0.08286278721
noisy,2.9,0.8421648612,46.07684091,30.98392495,42358.12676,-0.1852484864
noisy,2.9,0.9117586147,49.88448055,30.94433598,37829.11997,-0.2723631777
noisy,2.9,0.9871033687,54.00677109,30.92170748,33994.00787,-0.3461309203
noisy,2.9,1.068674367,58.46971426,30.91400722,30755.92829,-0.4084148417
noisy,2.9,1.156986126,63.30146048,30.9190199,28026.62348,-0.4609125652
noisy,2.9,1.252595681,68.53248642,30.93435239,25728.5986,-0.505114691
noisy,2.9,1.356106097,74.19578726,30.9575307,23795.32918,-0.5423008063
noisy,2.9,1.468170276,80.32708479,30.98614099,22170.46676,-0.5735547644
noisy,2.9,1.589495072,86.96505272,31.01796739,20806.6186,-0.5997881564
noisy,2.9,1.720845753,94.15156064,31.05109548,19664.0113,-0.6217660176
noisy,2.9,1.863050826,101.9319381,31.0839699,18709.19645,-0.6401317222
noisy,2.9,2.017007261,110.3552605,31.11540938,17913.88472,-0.655429411
noisy,2.9,2.183686153,119.4746588,31.14458929,17253.95986,-0.6681229557
noisy,2.9,2.364138845,129.3476544,31.17100268,16708.69724,-0.6786109914
noisy,2.9,2.559503557,140.0365221,31.19440892,16260.18093,-0.687238128
noisy,2.9,2.771012572,151.6086829,31.2147767,15892.8872,-0.6943029617
noisy,2.9,3,164.1371293,31.23222746,15593.38711,-0.700063796
noisy,3,0.3,16.41371293,33.28991846,182658.37,2.513403325
noisy,3,0.3247910202,17.77008856,33.10777132,163728.2258,2.149285155
noisy,3,0.3516306893,19.23855064,32.89656958,147903.3697,1.844896683
noisy,3,0.380688301,20.82836163,32.66050638,134152.6345,1.580403582
noisy,3,0.4121471388,22.5495494,32.40845843,121684.1183,1.34057375
noisy,3,0.4462056322,24.41297052,32.15341892,109973.9212,1.115330059
noisy,3,0.4830786083,26.43037866,31.91010062,98775.01078,0.8999208817
noisy,3,0.5229986467,28.61449883,31.69143006,88076.3391,0.6941337138
noisy,3,0.5662175466,30.97910756,31.5056672,78012.68647,0.5005610315
noisy,3,0.6130079154,33.53911982,31.3555937,68759.04162,0.322568714
noisy,3,0.6636648873,36.31068314,31.22605999,60450.21823,0.1627498799
noisy,3,0.718507986,39.3112794,31.12019801,53144.98809,0.02223499476
noisy,3,0.7778831392,42.55983514,31.04163025,46827.98584,-0.09927149144
noisy,3,0.8421648612,46.07684091,30.98462233,41430.87692,-0.2030839826
noisy,3,0.9117586147,49.88448055,30.94308068,36856.78207,-0.2910659353
noisy,3,0.9871033687,54.00677109,30.92004456,32999.65573,-0.365257118
noisy,3,1.068674367,58.46971426,30.91330239,29756.59591,-0.4276368335
noisy,3,1.156986126,63.30146048,30.92040032,27034.20797,-0.4800015122
noisy,3,1.252595681,68.53248642,30.93865481,24750.98906,-0.5239188477
noisy,3,1.356106097,74.19578726,30.96528013,22837.44979,-0.5607254569
noisy,3,1.468170276,80.32708479,30.99756543,21235.13555,-0.5915457044
noisy,3,1.589495072,86.96505272,31.03304119,19895.21412,-0.6173188699
noisy,3,1.720845753,94.15156064,31.06959781,18776.96538,-0.6388281982
noisy,3,1.863050826,101.9319381,31.10554624,17846.33473,-0.6567287237
noisy,3,2.017007261,110.3552605,31.13962779,17074.63938,-0.6715721552
noisy,3,2.183686153,119.4746588,31.17098793,16437.48608,-0.6838276929
noisy,3,2.364138845,129.3476544,31.19912734,15913.92967,-0.6938982133
noisy,3,2.559503557,140.0365221,31.22384046,15485.86441,-0.7021319772
noisy,3,2.771012572,151.6086829,31.2451487,15137.60547,-0.7088306799
noisy,3,3,164.1371293,31.2632348,14855.60044,-0.7142549997
noiseless,0.5,0.3,16.41371293,1.186090381,272329.8794,4.238219874
noiseless,0.5,0.3247910202,17.77008856,1.162705585,265718.2754,4.111046772
noiseless,0.5,0.3516306893,19.23855064,1.139314642,259359.4045,3.98873495
noiseless,0.5,0.380688301,20.82836163,1.115939984,253243.5098,3.871096735
noiseless,0.5,0.4121471388,22.5495494,1.092604487,247361.2177,3.757951825
noiseless,0.5,0.4462056322,24.41297052,1.069331437,241703.5226,3.649127003
noiseless,0.5,0.4830786083,26.43037866,1.046144489,236261.7726,3.544455848
noiseless,0.5,0.5229986467,28.61449883,1.023067637,231027.6552,3.443778471
noiseless,0.5,0.5662175466,30.97910756,1.000125176,225993.1839,3.346941254
noiseless,0.5,0.6130079154,33.53911982,0.9773416624,221150.6853,3.2537966
noiseless,0.5,0.6636648873,36.31068314,0.9547418837,216492.7866,3.164202694
noiseless,0.5,0.718507986,39.3112794,0.932350817,212012.4035,3.078023271
noiseless,0.5,0.7778831392,42.55983514,0.9101935945,207702.7289,2.995127398
noiseless,0.5,0.8421648612,46.07684091,0.8882954647,203557.2217,2.915389258
noiseless,0.5,0.9117586147,49.88448055,0.8666817541,199569.5961,2.838687944
noiseless,0.5,0.9871033687,54.00677109,0.8453778266,195733.8117,2.764907268
noiseless,0.5,1.068674367,58.46971426,0.8244090403,192044.0631,2.693935569
noiseless,0.5,1.156986126,63.30146048,0.8038007024,188494.7712,2.625665531
noiseless,0.5,1.252595681,68.53248642,0.7835780188,185080.5737,2.55999401
noiseless,0.5,1.356106097,74.19578726,0.7637660395,181796.3165,2.496821871
noiseless,0.5,1.468170276,80.32708479,0.7443895972,178637.0455,2.436053819
noiseless,0.5,1.589495072,86.96505272,0.7254732391,175597.9985,2.377598255
noiseless,0.5,1.720845753,94.15156064,0.7070411485,172674.5974,2.321367122
noiseless,0.5,1.863050826,101.9319381,0.6891170571,169862.4411,2.267275765
noiseless,0.5,2.017007261,110.3552605,0.6717241442,167157.2985,2.215242797
noiseless,0.5,2.183686153,119.4746588,0.6548849237,164555.1013,2.165189967
noiseless,0.5,2.364138845,129.3476544,0.6386211156,162051.9379,2.117042036
noiseless,0.5,2.559503557,140.0365221,0.6229535029,159644.047,2.070726655
noiseless,0.5,2.771012572,151.6086829,0.6079017718,157327.8116,2.026174254
noiseless,0.5,3,164.1371293,0.5934843377,155099.7536,1.98331793
noiseless,0.6,0.3,16.41371293,1.310022376,244590.2638,3.704652989
noiseless,0.6,0.3247910202,17.77008856,1.275921331,237256.2215,3.563583907
noiseless,0.6,0.3516306893,19.23855064,1.241763981,230254.9896,3.428916376
noiseless,0.6,0.380688301,20.82836163,1.207595033,223571.2565,3.300355883
noiseless,0.6,0.4121471388,22.5495494,1.173460475,217190.4324,3.177621795
noiseless,0.6,0.4462056322,24.41297052,1.139407522,211098.6147,3.060446695
noiseless,0.6,0.4830786083,26.43037866,1.105484585,205282.5548,2.948575753
noiseless,0.6,0.5229986467,28.61449883,1.071741238,199729.6276,2.841766123
noiseless,0.6,0.5662175466,30.97910756,1.038228203,194427.8009,2.739786369
noiseless,0.6,0.6130079154,33.53911982,1.004997341,189365.6074,2.64241592
noiseless,0.6,0.6636648873,36.31068314,0.9721016653,184532.1171,2.54944454
noiseless,0.6,0.718507986,39.3112794,0.9395953581,179916.9121,2.460671839
noiseless,0.6,0.7778831392,42.55983514,0.9075338087,175510.0611,2.375906794
noiseless,0.6,0.8421648612,46.07684091,0.8759736584,171302.0964,2.294967295
noiseless,0.6,0.9117586147,49.88448055,0.8449728573,167283.9918,2.217679721
noiseless,0.6,0.9871033687,54.00677109,0.8145907248,163447.1404,2.143878524
noiseless,0.6,1.068674367,58.46971426,0.7848880104,159783.3352,2.073405841
noiseless,0.6,1.156986126,63.30146048,0.7559269422,156284.7494,2.006111126
noiseless,0.6,1.252595681,68.53248642,0.7277712538,152943.9181,1.941850793
noiseless,0.6,1.356106097,74.19578726,0.7004861706,149753.7209,1.88048788
noiseless,0.6,1.468170276,80.32708479,0.6741383339,146707.3651,1.821891734
noiseless,0.6,1.589495072,86.96505272,0.648795637,143798.3705,1.765937707
noiseless,0.6,1.720845753,94.15156064,0.6245269387,141020.5536,1.712506862
noiseless,0.6,1.863050826,101.9319381,0.6014016174,138368.0141,1.661485706
noiseless,0.6,2.017007261,110.3552605,0.5794889257,135835.121,1.612765929
noiseless,0.6,2.183686153,119.4746588,0.5588571038,133416.4998,1.566244153
noiseless,0.6,2.364138845,129.3476544,0.5395722183,131107.0203,1.5218217
noiseless,0.6,2.559503557,140.0365221,0.5216967051,128901.7852,1.47940437
noiseless,0.6,2.771012572,151.6086829,0.5052876201,126796.1188,1.438902227
noiseless,0.6,3,164.1371293,0.4903946355,124785.5567,1.4002294
noiseless,0.7,0.3,16.41371293,1.45927655,226399.9198,3.35476475
noiseless,0.7,0.3247910202,17.77008856,1.412453337,218280.252,3.198584294
noiseless,0.7,0.3516306893,19.23855064,1.365473672,210585.486,3.05057675
noiseless,0.7,0.380688301,20.82836163,1.318414943,203292.9823,2.910306656
noiseless,0.7,0.4121471388,22.5495494,1.271357154,196381.3464,2.777362491
noiseless,0.7,0.4462056322,24.41297052,1.224382889,189830.3591,2.651355342
noiseless,0.7,0.4830786083,26.43037866,1.177577326,183620.9108,2.531917638
noiseless,0.7,0.5229986467,28.61449883,1.131028315,177734.9389,2.418701949
noiseless,0.7,0.5662175466,30.97910756,1.084826518,172155.3691,2.311379853
noiseless,0.7,0.6130079154,33.53911982,1.039065647,166866.0596,2.209640865
noiseless,0.7,0.6636648873,36.31068314,0.9938427888,161851.7482,2.11319142
noiseless,0.7,0.718507986,39.3112794,0.9492588504,157098.0025,2.021753914
noiseless,0.7,0.7778831392,42.55983514,0.9054191232,152591.1731,1.935065801
noiseless,0.7,0.8421648612,46.07684091,0.8624339848,148318.3488,1.852878738
noiseless,0.7,0.9117586147,49.88448055,0.8204197417,144267.315,1.774957778
noiseless,0.7,0.9871033687,54.00677109,0.7794996085,140426.514,1.701080609
noiseless,0.7,1.068674367,58.46971426,0.7398048038,136785.0078,1.631036844
noiseless,0.7,1.156986126,63.30146048,0.7014757145,133332.4431,1.564627337
noiseless,0.7,1.252595681,68.53248642,0.6646630384,130059.0184,1.501663558
noiseless,0.7,1.356106097,74.19578726,0.6295287517,126955.4526,1.441966987
noiseless,0.7,1.468170276,80.32708479,0.5962466579,124012.9561,1.385368556
noiseless,0.7,1.589495072,86.96505272,0.5650021611,121223.203,1.33170812
noiseless,0.7,1.720845753,94.15156064,0.5359907753,118578.3056,1.280833958
noiseless,0.7,1.863050826,101.9319381,0.5094147578,116070.7896,1.232602307
noiseless,0.7,2.017007261,110.3552605,0.4854772088,113693.5718,1.186876919
noiseless,0.7,2.183686153,119.4746588,0.4643730896,111439.9381,1.14352865
noiseless,0.7,2.364138845,129.3476544,0.446277004,109303.5235,1.102435071
noiseless,0.7,2.559503557,140.0365221,0.4313283305,107278.293,1.063480099
noiseless,0.7,2.771012572,151.6086829,0.4196153217,105358.5237,1.026553657
noiseless,0.7,3,164.1371293,0.4111608063,103538.7882,0.9915513469
noiseless,0.8,0.3,16.41371293,1.633912989,214278.889,3.121618743
noiseless,0.8,0.3247910202,17.77008856,1.572421711,205309.2758,2.949089727
noiseless,0.8,0.3516306893,19.23855064,1.510616492,196869.454,2.786751159
noiseless,0.8,0.380688301,20.82836163,1.448619375,188927.4124,2.633987312
noiseless,0.8,0.4121471388,22.5495494,1.386556509,181453.1531,2.490221179
noiseless,0.8,0.4462056322,24.41297052,1.324558087,174418.5617,2.354911985
noiseless,0.8,0.4830786083,26.43037866,1.262758446,167797.2863,2.227552856
noiseless,0.8,0.5229986467,28.61449883,1.201296362,161564.6233,2.10766862
noiseless,0.8,0.5662175466,30.97910756,1.140315608,155697.41,1.994813751
noiseless,0.8,0.6130079154,33.53911982,1.079965818,150173.9247,1.888570431
noiseless,0.8,0.6636648873,36.31068314,1.020403755,144973.7922,1.788546748
noiseless,0.8,0.718507986,39.3112794,0.9617950485,140077.8957,1.694374994
noiseless,0.8,0.7778831392,42.55983514,0.9043165439,135468.2947,1.605710087
noiseless,0.8,0.8421648612,46.07684091,0.8481593715,131128.148,1.522228087
noiseless,0.8,0.9117586147,49.88448055,0.793532897,127041.6415,1.443624816
noiseless,0.8,0.9871033687,54.00677109,0.7406696883,123193.9219,1.369614569
noiseless,0.8,1.068674367,58.46971426,0.6898315867,119571.0335,1.299928915
noiseless,0.8,1.156986126,63.30146048,0.6413168207,116159.8607,1.234315575
noiseless,0.8,1.252595681,68.53248642,0.5954677622,112948.0735,1.172537383
noiseless,0.8,1.356106097,74.19578726,0.5526782664,109924.0772,1.114371317
noiseless,0.8,1.468170276,80.32708479,0.5133983906,107076.9654,1.059607595
noiseless,0.8,1.589495072,86.96505272,0.4781325518,104396.4765,1.008048839
noiseless,0.8,1.720845753,94.15156064,0.4474251178,101872.9532,0.959509289
noiseless,0.8,1.863050826,101.9319381,0.4218261684,99497.30458,0.9138140826
noiseless,0.8,2.017007261,110.3552605,0.4018322022,97260.97072,0.8707985733
noiseless,0.8,2.183686153,119.4746588,0.3878049323,95155.89036,0.8303077031
noiseless,0.8,2.364138845,129.3476544,0.3798859504,93174.4701,0.7921954145
noiseless,0.8,2.559503557,140.0365221,0.3779379997,91309.55607,0.7563241038
noiseless,0.8,2.771012572,151.6086829,0.3815412426,89554.40735,0.7225641104
noiseless,0.8,3,164.1371293,0.3900502668,87902.67122,0.6907932409
noiseless,0.9,0.3,16.41371293,1.833785428,206288.7182,2.967929138
noiseless,0.9,0.3247910202,17.77008856,1.755718428,196404.7215,2.777812107
noiseless,0.9,0.3516306893,19.23855064,1.677122564,187168.8123,2.600160932
noiseless,0.9,0.380688301,20.82836163,1.598179514,178537.296,2.434135154
noiseless,0.9,0.4121471388,22.5495494,1.519075997,170469.574,2.278953864
noiseless,0.9,0.4462056322,24.41297052,1.440003445,162927.9181,2.133891369
noiseless,0.9,0.4830786083,26.43037866,1.361158057,155877.2607,1.998273149
noiseless,0.9,0.5229986467,28.61449883,1.282741332,149284.9986,1.871472086
noiseless,0.9,0.5662175466,30.97910756,1.204961238,143120.8106,1.752904956
noiseless,0.9,0.6130079154,33.53911982,1.128034197,137356.4881,1.642029173
noiseless,0.9,0.6636648873,36.31068314,1.052188152,131965.7778,1.538339758
noiseless,0.9,0.718507986,39.3112794,0.9776670606,126924.236,1.44136654
noiseless,0.9,0.7778831392,42.55983514,0.904737331,122209.0939,1.350671568
noiseless,0.9,0.8421648612,46.07684091,0.8336968966,117799.1335,1.265846714
noiseless,0.9,0.9117586147,49.88448055,0.7648878894,113674.5725,1.18651147
noiseless,0.9,0.9871033687,54.00677109,0.6987141512,109816.9586,1.11231091
noiseless,0.9,1.068674367,58.46971426,0.6356649842,106209.0727,1.042913824
noiseless,0.9,1.156986126,63.30146048,0.5763461906,102834.8386,0.9780109935
noiseless,0.9,1.252595681,68.53248642,0.5215175953,99679.24144,0.9173136078
noiseless,0.9,1.356106097,74.19578726,0.4721308051,96728.25151,0.8605518079
noiseless,0.9,1.468170276,80.32708479,0.429348616,93968.75473,0.8074733471
noiseless,0.9,1.589495072,86.96505272,0.394506339,91388.48859,0.7578423577
noiseless,0.9,1.720845753,94.15156064,0.3689557261,88975.98309,0.711438216
noiseless,0.9,1.863050826,101.9319381,0.353753928,86720.50631,0.6680544959
noiseless,0.9,2.017007261,110.3552605,0.3492731252,84612.01433,0.6274980037
noiseless,0.9,2.183686153,119.4746588,0.3549563178,82641.10478,0.5895878868
noiseless,0.9,2.364138845,129.3476544,0.3694197393,80798.97411,0.5541548101
noiseless,0.9,2.559503557,140.0365221,0.3908411134,79077.37789,0.5210401936
noiseless,0.9,2.771012572,151.6086829,0.4173759716,77468.59414,0.4900955062
noiseless,0.9,3,164.1371293,0.4474164914,75965.38927,0.4611816109
noiseless,1,0.3,16.41371293,2.058671918,201258.9073,2.871181562
noiseless,1,0.3247910202,17.77008856,1.962124256,190397.2798,2.662259967
noiseless,1,0.3516306893,19.23855064,1.864778874,180315.7984,2.468344351
noiseless,1,0.380688301,20.82836163,1.766897577,170956.519,2.288320171
noiseless,1,0.4121471388,22.5495494,1.668746623,162266.072,2.12116087
noiseless,1,0.4462056322,24.41297052,1.570595543,154195.288,1.965920683
noiseless,1,0.4830786083,26.43037866,1.472716682,146698.8522,1.82172799
noiseless,1,0.5229986467,28.61449883,1.375385714,139734.9844,1.687779152
noiseless,1,0.5662175466,30.97910756,1.278883408,133265.1432,1.563332834
noiseless,1,0.6130079154,33.53911982,1.183499058,127253.7547,1.447704778
noiseless,1,0.6636648873,36.31068314,1.089536189,121667.9631,1.340263007
noiseless,1,0.718507986,39.3112794,0.9973214698,116477.4024,1.240423436
noiseless,1,0.7778831392,42.55983514,0.9072183436,111653.9879,1.147645861
noiseless,1,0.8421648612,46.07684091,0.8196477915,107171.7265,1.06143031
noiseless,1,0.9117586147,49.88448055,0.7351201489,103006.5437,0.9813137131
noiseless,1,0.9871033687,54.00677109,0.6542841308,99136.12702,0.9068668924
noiseless,1,1.068674367,58.46971426,0.5780021504,95539.7831,0.8376918161
noiseless,1,1.156986126,63.30146048,0.5074628483,92198.3088,0.7734191143
noiseless,1,1.252595681,68.53248642,0.4443348827,89093.87366,0.7137058215
noiseless,1,1.356106097,74.19578726,0.3909265584,86209.91338,0.6582333259
noiseless,1,1.468170276,80.32708479,0.3501956625,83531.03285,0.606705505
noiseless,1,1.589495072,86.96505272,0.3252549814,81042.91783,0.558847027
noiseless,1,1.720845753,94.15156064,0.3180931742,78732.25441,0.5144018009
noiseless,1,1.863050826,101.9319381,0.3281857206,76586.65533,0.47313156
noiseless,1,2.017007261,110.3552605,0.3524976328,74594.59256,0.4348145644
noiseless,1,2.183686153,119.4746588,0.3869632133,72745.33536,0.3992444102
noiseless,1,2.364138845,129.3476544,0.4279016163,71028.89341,0.3662289351
noiseless,1,2.559503557,140.0365221,0.4725487581,69435.96437,0.3355892103
noiseless,1,2.771012572,151.6086829,0.5189988802,67957.88558,0.307158611
noiseless,1,3,164.1371293,0.5659792762,66586.58945,0.2807819583
noiseless,1.1,0.3,16.41371293,2.308363588,198434.7107,2.816858612
noiseless,1.1,0.3247910202,17.77008856,2.191399122,186535.0331,2.587970294
noiseless,1.1,0.3516306893,19.23855064,2.073315997,175561.3399,2.376893134
noiseless,1.1,0.380688301,20.82836163,1.95448539,165438.6459,2.182184801
noiseless,1.1,0.4121471388,22.5495494,1.835279747,156098.5049,2.002528744
noiseless,1.1,0.4462056322,24.41297052,1.716069552,147478.4155,1.836722761
noiseless,1.1,0.4830786083,26.43037866,1.597221429,139521.2742,1.683668472
noiseless,1.1,0.5229986467,28.61449883,1.479097963,132174.8727,1.542361663
noiseless,1.1,0.5662175466,30.97910756,1.362059727,125391.4395,1.411883456
noiseless,1.1,0.6130079154,33.53911982,1.24647018,119127.2217,1.291392268
noiseless,1.1,0.6636648873,36.31068314,1.132704506,113342.1061,1.180116534
noiseless,1.1,0.718507986,39.3112794,1.021164221,107999.2777,1.07734812
noiseless,1.1,0.7778831392,42.55983514,0.9123008633,103064.9116,0.9824364099
noiseless,1.1,0.8421648612,46.07684091,0.8066548994,98507.89698,0.8947829922
noiseless,1.1,0.9117586147,49.88448055,0.7049214122,94299.59025,0.8138369132
noiseless,1.1,0.9871033687,54.00677109,0.6080645608,90413.59429,0.739090428
noiseless,1.1,1.068674367,58.46971426,0.5175215553,86825.56111,0.6700752075
noiseless,1.1,1.156986126,63.30146048,0.4355627587,83513.01562,0.6063589465
noiseless,1.1,1.252595681,68.53248642,0.3658645051,80455.19765,0.5475423272
noiseless,1.1,1.356106097,74.19578726,0.3140745067,77632.92033,0.493256293
noiseless,1.1,1.468170276,80.32708479,0.2870787789,75028.44249,0.4431595956
noiseless,1.1,1.589495072,86.96505272,0.2889370531,72625.3535,0.3969365791
noiseless,1.1,1.720845753,94.15156064,0.3164776586,70408.46884,0.3542951717
noiseless,1.1,1.863050826,101.9319381,0.3615901053,68363.73515,0.3149650599
noiseless,1.1,2.017007261,110.3552605,0.4166425349,66478.14367,0.2786960218
noiseless,1.1,2.183686153,119.4746588,0.4765179481,64739.65092,0.2452564033
noiseless,1.1,2.364138845,129.3476544,0.5381633306,63137.10608,0.2144317202
noiseless,1.1,2.559503557,140.0365221,0.5997914087,61660.18418,0.1860233734
noiseless,1.1,2.771012572,151.6086829,0.6603396161,60299.32464,0.1598474668
noiseless,1.1,3,164.1371293,0.7191634795,59045.67467,0.1357337184
noiseless,1.2,0.3,16.41371293,2.582702383,197300.4864,2.795041995
noiseless,1.2,0.3247910202,17.77008856,2.443333032,184307.1496,2.545117327
noiseless,1.2,0.3516306893,19.23855064,2.302466416,172399.0077,2.316066201
noiseless,1.2,0.380688301,20.82836163,2.160624878,161481.0547,2.106061192
noiseless,1.2,0.4121471388,22.5495494,2.018325181,151467.3804,1.913449836
noiseless,1.2,0.4462056322,24.41297052,1.876071121,142280.2569,1.736737045
noiseless,1.2,0.4830786083,26.43037866,1.734348496,133849.3005,1.574569004
noiseless,1.2,0.5229986467,28.61449883,1.593623078,126110.7103,1.42571851
noiseless,1.2,0.5662175466,30.97910756,1.454342267,119006.5774,1.289071696
noiseless,1.2,0.6130079154,33.53911982,1.316941263,112484.264,1.163616084
noiseless,1.2,0.6636648873,36.31068314,1.181855197,106495.8483,1.048429906
noiseless,1.2,0.718507986,39.3112794,1.049539944,100997.6312,0.9426726161
noiseless,1.2,0.7778831392,42.55983514,0.9205072303,95949.70016,0.8455765025
noiseless,1.2,0.8421648612,46.07684091,0.7953860159,91315.54522,0.756439304
noiseless,1.2,0.9117586147,49.88448055,0.6750365563,87061.7224,0.6746177306
noiseless,1.2,0.9871033687,54.00677109,0.5607776971,83157.55815,0.5995217815
noiseless,1.2,1.068674367,58.46971426,0.4548696072,79574.89013,0.5306097587
noiseless,1.2,1.156986126,63.30146048,0.3615657208,76287.83919,0.4673838813
noiseless,1.2,1.252595681,68.53248642,0.2891318221,73272.60801,0.4093864117
noiseless,1.2,1.356106097,74.19578726,0.2511869525,70507.30228,0.3561962165
noiseless,1.2,1.468170276,80.32708479,0.2583907727,67971.771,0.3074256946
noiseless,1.2,1.589495072,86.96505272,0.3035383373,65647.46301,0.2627180177
noiseless,1.2,1.720845753,94.15156064,0.3697812155,63517.29729,0.2217446348
noiseless,1.2,1.863050826,101.9319381,0.445131444,61565.54508,0.184203006
noiseless,1.2,2.017007261,110.3552605,0.5234261359,59777.72236,0.1498145338
noiseless,1.2,2.183686153,119.4746588,0.6016213522,58140.49138,0.1183226685
noiseless,1.2,2.364138845,129.3476544,0.6781437655,56641.57028,0.08949117079
noiseless,1.2,2.559503557,140.0365221,0.7521363804,55269.65002,0.06310251315
noiseless,1.2,2.771012572,151.6086829,0.8231173759,54014.31798,0.03895641034
noiseless,1.2,3,164.1371293,0.8908174544,52865.98759,0.01686846662
noiseless,1.3,0.3,16.41371293,2.881572175,197484.0922,2.798573622
noiseless,1.3,0.3247910202,17.77008856,2.71775832,183348.6215,2.526680198
noiseless,1.3,0.3516306893,19.23855064,2.551991999,170470.0109,2.278962268
noiseless,1.3,0.380688301,20.82836163,2.385005198,158730.1164,2.053147353
noiseless,1.3,0.4121471388,22.5495494,2.217513094,148023.1588,1.847200807
noiseless,1.3,0.4462056322,24.41297052,2.050198861,138254.357,1.659299532
noiseless,1.3,0.4830786083,26.43037866,1.88370265,129338.6825,1.487808017
noiseless,1.3,0.5229986467,28.61449883,1.718615855,121199.7323,1.331256665
noiseless,1.3,0.5662175466,30.97910756,1.555481537,113768.7188,1.188322358
noiseless,1.3,0.6130079154,33.53911982,1.394801863,106983.5724,1.057811197
noiseless,1.3,0.6636648873,36.31068314,1.237053862,100788.1515,0.9386433091
noiseless,1.3,0.718507986,39.3112794,1.08271655,95131.55471,0.829839611
noiseless,1.3,0.7778831392,42.55983514,0.9323167793,89967.52442,0.7305103483
noiseless,1.3,0.8421648612,46.07684091,0.7865122157,85253.93507,0.6398452423
noiseless,1.3,0.9117586147,49.88448055,0.6462590617,80952.35369,0.5571050408
noiseless,1.3,0.9871033687,54.00677109,0.5131971641,77027.66338,0.4816142764
noiseless,1.3,1.068674367,58.46971426,0.3906553956,73447.73971,0.4127550408
noiseless,1.3,1.156986126,63.30146048,0.286524294,70183.1708,0.3499616015
noiseless,1.3,1.252595681,68.53248642,0.2201281039,67207.01326,0.292715707
noiseless,1.3,1.356106097,74.19578726,0.2196818402,64494.57724,0.2405424518
noiseless,1.3,1.468170276,80.32708479,0.2793597983,62023.23501,0.1930065957
noiseless,1.3,1.589495072,86.96505272,0.3665181058,59772.24904,0.1497092555
noiseless,1.3,1.720845753,94.15156064,0.4622866585,57722.61595,0.1102849043
noiseless,1.3,1.863050826,101.9319381,0.5592861182,55856.92417,0.07439863356
noiseless,1.3,2.017007261,110.3552605,0.6544906735,54159.22335,0.04174364115
noiseless,1.3,2.183686153,119.4746588,0.7465052087,52614.90431,0.0120389216
noiseless,1.3,2.364138845,129.3476544,0.834627277,51210.58842,-0.01497286064
noiseless,1.3,2.559503557,140.0365221,0.9184910908,49934.02584,-0.03952732935
noiseless,1.3,2.771012572,151.6086829,0.9979158465,48774.00183,-0.06184019795
noiseless,1.3,3,164.1371293,1.072833792,47720.25075,-0.08210892458
noiseless,1.4,0.3,16.41371293,3.204851916,198701.8838,2.821997642
noiseless,1.4,0.3247910202,17.77008856,3.014529162,183385.5643,2.527390787
noiseless,1.4,0.3516306893,19.23855064,2.82168414,169508.7341,2.260472269
noiseless,1.4,0.380688301,20.82836163,2.627337757,156926.9072,2.018462924
noiseless,1.4,0.4121471388,22.5495494,2.432478697,145512.083,1.798900682
noiseless,1.4,0.4462056322,24.41297052,2.238034356,135150.7534,1.599602232
noiseless,1.4,0.4830786083,26.43037866,2.044848981,125742.0913,1.418628184
noiseless,1.4,0.5229986467,28.61449883,1.853671198,117196.3217,1.25425173
noiseless,1.4,0.5662175466,30.97910756,1.665152168,109433.2748,1.104930815
noiseless,1.4,0.6130079154,33.53911982,1.479854928,102381.1181,0.9692837563
noiseless,1.4,0.6636648873,36.31068314,1.298275308,95975.26204,0.846068181
noiseless,1.4,0.718507986,39.3112794,1.120876355,90157.42639,0.7341630811
noiseless,1.4,0.7778831392,42.55983514,0.9481433197,84874.85424,0.6325536857
noiseless,1.4,0.8421648612,46.07684091,0.7806811521,80079.6545,0.5403188172
noiseless,1.4,0.9117586147,49.88448055,0.6194223415,75728.25452,0.4566203634
noiseless,1.4,0.9871033687,54.00677109,0.4661764323,71780.94378,0.3806944988
noiseless,1.4,1.068674367,58.46971426,0.3254588921,68201.49071,0.311844315
noiseless,1.4,1.156986126,63.30146048,0.2119978808,64956.81706,0.2494335578
noiseless,1.4,1.252595681,68.53248642,0.1724861355,62016.71692,0.1928812212
noiseless,1.4,1.356106097,74.19578726,0.2359405019,59353.60969,0.1416567972
noiseless,1.4,1.468170276,80.32708479,0.3434973359,56942.31949,0.0952760318
noiseless,1.4,1.589495072,86.96505272,0.4604729311,54759.87511,0.05329707761
noiseless,1.4,1.720845753,94.15156064,0.5772216538,52785.32669,0.01531696763
noiseless,1.4,1.863050826,101.9319381,0.6906082921,50999.57661,-0.01903163766
noiseless,1.4,2.017007261,110.3552605,0.7993587509,49385.22293,-0.0500834618
noiseless,1.4,2.183686153,119.4746588,0.9028782282,47926.41438,-0.07814340131
noiseless,1.4,2.364138845,129.3476544,1.000878838,46608.7163,-0.1034891045
noiseless,1.4,2.559503557,140.0365221,1.093238825,45418.98699,-0.1263733496
noiseless,1.4,2.771012572,151.6086829,1.179940665,44345.26414,-0.1470262298
noiseless,1.4,3,164.1371293,1.261039764,43376.66071,-0.1656571556
noiseless,1.5,0.3,16.41371293,3.55234016,200725.5048,2.860921655
noiseless,1.5,0.3247910202,17.77008856,3.333475362,184202.2285,2.543099187
noiseless,1.5,0.3516306893,19.23855064,3.111341827,169309.9374,2.256648447
noiseless,1.5,0.380688301,20.82836163,2.887352792,155874.5561,1.998221126
noiseless,1.5,0.4121471388,22.5495494,2.662871853,143743.6326,1.764884832
noiseless,1.5,0.4462056322,24.41297052,2.439160174,132783.4962,1.554068434
noiseless,1.5,0.4830786083,26.43037866,2.217335695,122876.6752,1.363512382
noiseless,1.5,0.5229986467,28.61449883,1.998348796,113919.5834,1.191224213
noiseless,1.5,0.5662175466,30.97910756,1.782976674,105820.4839,1.035439384
noiseless,1.5,0.6130079154,33.53911982,1.57183636,98497.73202,0.8945874709
noiseless,1.5,0.6636648873,36.31068314,1.365414719,91878.28893,0.7672635855
noiseless,1.5,0.718507986,39.3112794,1.164114088,85896.48933,0.6522046664
noiseless,1.5,0.7778831392,42.55983514,0.96831669,80493.03609,0.5482701434
noiseless,1.5,0.8421648612,46.07684091,0.7784866298,75614.18997,0.4544263507
noiseless,1.5,0.9117586147,49.88448055,0.5953830849,71211.11962,0.3697340259
noiseless,1.5,0.9871033687,54.00677109,0.4206964075,67239.37821,0.2933382414
noiseless,1.5,1.068674367,58.46971426,0.2598683574,63658.47601,0.2244601839
noiseless,1.5,1.156986126,63.30146048,0.1415777237,60431.52332,0.1623902864
noiseless,1.5,1.252595681,68.53248642,0.1685075116,57524.9237,0.1064823267
noiseless,1.5,1.356106097,74.19578726,0.2939566498,54908.10248,0.05614820637
noiseless,1.5,1.468170276,80.32708479,0.4334788039,52553.2605,0.01085321316
noiseless,1.5,1.589495072,86.96505272,0.5715958535,50435.14654,-0.02988835606
noiseless,1.5,1.720845753,94.15156064,0.7048492923,48530.84476,-0.06651728367
noiseless,1.5,1.863050826,101.9319381,0.832047619,46819.57536,-0.09943326559
noiseless,1.5,2.017007261,110.3552605,0.9526710006,45282.50778,-0.1289985045
noiseless,1.5,2.183686153,119.4746588,1.066478443,43902.58635,-0.1555410635
noiseless,1.5,2.364138845,129.3476544,1.173380455,42664.36847,-0.1793579781
noiseless,1.5,2.559503557,140.0365221,1.273388239,41553.87551,-0.2007181252
noiseless,1.5,2.771012572,151.6086829,1.366588951,40558.45611,-0.2198648515
noiseless,1.5,3,164.1371293,1.453130765,39666.66173,-0.237018368
noiseless,1.6,0.3,16.41371293,3.923660269,203361.1371,2.911617602
noiseless,1.6,0.3247910202,17.77008856,3.674337219,185620.3403,2.570376332
noiseless,1.6,0.3516306893,19.23855064,3.420732766,169708.2035,2.264309031
noiseless,1.6,0.380688301,20.82836163,3.164781543,155417.7932,1.989435368
noiseless,1.6,0.4121471388,22.5495494,2.908354632,142570.153,1.742313148
noiseless,1.6,0.4462056322,24.41297052,2.653167822,131010.3341,1.519961957
noiseless,1.6,0.4830786083,26.43037866,2.400708648,120603.777,1.319793565
noiseless,1.6,0.5229986467,28.61449883,2.152191486,111233.0751,1.139549674
noiseless,1.6,0.5662175466,30.97910756,1.908545379,102795.148,0.977247551
noiseless,1.6,0.6130079154,33.53911982,1.670433915,95198.84061,0.8311338441
noiseless,1.6,0.6636648873,36.31068314,1.438301873,88362.94072,0.6996464482
noiseless,1.6,0.718507986,39.3112794,1.212441123,82214.58796,0.5813839069
noiseless,1.6,0.7778831392,42.55983514,0.993070599,76688.02867,0.4750814593
noiseless,1.6,0.8421648612,46.07684091,0.7804373428,71723.65867,0.3795926292
noiseless,1.6,0.9117586147,49.88448055,0.5749923119,67267.29313,0.2938751803
noiseless,1.6,0.9871033687,54.00677109,0.3779355039,63269.60502,0.2169803152
noiseless,1.6,1.068674367,58.46971426,0.1946045862,59685.68201,0.148044153
noiseless,1.6,1.156986126,63.30146048,0.08875615062,56474.6618,0.08628071402
noiseless,1.6,1.252595681,68.53248642,0.212085274,53599.41653,0.03097585012
noiseless,1.6,1.356106097,74.19578726,0.375838674,51026.26696,-0.01851825327
noiseless,1.6,1.468170276,80.32708479,0.537357602,48724.71465,-0.06278822862
noiseless,1.6,1.589495072,86.96505272,0.6925090153,46667.18638,-0.1023644423
noiseless,1.6,1.720845753,94.15156064,0.8401983609,44828.78879,-0.1377257137
noiseless,1.6,1.863050826,101.9319381,0.9799664183,43187.07364,-0.1693038311
noiseless,1.6,2.017007261,110.3552605,1.111591588,41721.81489,-0.1974878393
noiseless,1.6,2.183686153,119.4746588,1.234987534,40414.79926,-0.2226280671
noiseless,1.6,2.364138845,129.3476544,1.350168063,39249.63179,-0.2450398694
noiseless,1.6,2.559503557,140.0365221,1.457230691,38211.55692,-0.2650070666
noiseless,1.6,2.771012572,151.6086829,1.556345622,37287.29571,-0.2827850771
noiseless,1.6,3,164.1371293,1.647745991,36464.89864,-0.2986037477
noiseless,1.7,0.3,16.41371293,4.318156116,206436.3481,2.970768775
noiseless,1.7,0.3247910202,17.77008856,4.036688232,187485.8508,2.606259114
noiseless,1.7,0.3516306893,19.23855064,3.749542398,170564.6735,2.280783087
noiseless,1.7,0.380688301,20.82836163,3.459327673,155429.7163,1.989664706
noiseless,1.7,0.4121471388,22.5495494,3.168589758,141873.6659,1.728916336
noiseless,1.7,0.4462056322,24.41297052,2.879657942,129719.5619,1.495134169
noiseless,1.7,0.4830786083,26.43037866,2.594519162,118815.8062,1.285402243
noiseless,1.7,0.5229986467,28.61449883,2.314737873,109031.6915,1.097206428
noiseless,1.7,0.5662175466,30.97910756,2.041431936,100253.5196,0.9283597528
noiseless,1.7,0.6130079154,33.53911982,1.775303834,92381.35432,0.7769399645
noiseless,1.7,0.6636648873,36.31068314,1.516716238,85326.41342,0.6412393513
noiseless,1.7,0.718507986,39.3112794,1.265794524,79009.05644,0.5197260419
noiseless,1.7,0.7778831392,42.55983514,1.022538066,73357.29026,0.4110152608
noiseless,1.7,0.8421648612,46.07684091,0.7869290108,68305.69226,0.3138486144
noiseless,1.7,0.9117586147,49.88448055,0.559051125,63794.64555,0.2270793824
noiseless,1.7,0.9871033687,54.00677109,0.3393565601,59769.78953,0.1496619472
noiseless,1.7,1.068674367,58.46971426,0.1310089139,56181.60569,0.0806438285
noiseless,1.7,1.156986126,63.30146048,0.09321093171,52985.07946,0.01915917886
noiseless,1.7,1.252595681,68.53248642,0.2826054016,50139.39849,-0.0355770207
noiseless,1.7,1.356106097,74.19578726,0.4698310471,47607.66412,-0.08427450949
noiseless,1.7,1.468170276,80.32708479,0.6490747667,45356.60549,-0.1275732475
noiseless,1.7,1.589495072,86.96505272,0.8194830726,43356.29343,-0.1660489168
noiseless,1.7,1.720845753,94.15156064,0.9806630256,41579.8566,-0.2002183832
noiseless,1.7,1.863050826,101.9319381,1.132382132,40003.20387,-0.2305450359
noiseless,1.7,2.017007261,110.3552605,1.274519868,38604.75782,-0.2574439129
noiseless,1.7,2.183686153,119.4746588,1.407056881,37365.20349,-0.2812865339
noiseless,1.7,2.364138845,129.3476544,1.530070001,36267.25552,-0.3024053802
noiseless,1.7,2.559503557,140.0365221,1.643726362,35295.44529,-0.3210979881
noiseless,1.7,2.771012572,151.6086829,1.74827532,34435.9289,-0.3376306427
noiseless,1.7,3,164.1371293,1.844038295,33676.3154,-0.352241682
noiseless,1.8,0.3,16.41371293,4.734789037,209791.8986,3.03531223
noiseless,1.8,0.3247910202,17.77008856,4.419852778,189660.4048,2.648086298
noiseless,1.8,0.3516306893,19.23855064,4.097315478,171758.3411,2.303743084
noiseless,1.8,0.380688301,20.82836163,3.770631206,155803.0195,1.996845133
noiseless,1.8,0.4121471388,22.5495494,3.443222453,141557.0905,1.722827059
noiseless,1.8,0.4462056322,24.41297052,3.11823483,128821.2546,1.477855377
noiseless,1.8,0.4830786083,26.43037866,2.798326746,117427.486,1.258698136
noiseless,1.8,0.5229986467,28.61449883,2.485530242,107232.9193,1.062607343
noiseless,1.8,0.5662175466,30.97910756,2.181204691,98114.5597,0.8872172151
noiseless,1.8,0.6130079154,33.53911982,1.886084459,89964.92537,0.730460356
noiseless,1.8,0.6636648873,36.31068314,1.60040133,82688.64899,0.5905023919
noiseless,1.8,0.718507986,39.3112794,1.324049114,76199.97737,0.4656938739
noiseless,1.8,0.7778831392,42.55983514,1.056754525,70421.03645,0.3545369077
noiseless,1.8,0.8421648612,46.07684091,0.7982245788,65280.6909,0.2556632172
noiseless,1.8,0.9117586147,49.88448055,0.5482523439,60713.82151,0.1678202451
noiseless,1.8,0.9871033687,54.00677109,0.3067754274,56660.86391,0.08986228067
noiseless,1.8,1.068674367,58.46971426,0.073891516,53067.48661,0.02074426674
noiseless,1.8,1.156986126,63.30146048,0.1501588963,49884.3245,-0.04048332637
noiseless,1.8,1.252595681,68.53248642,0.3650304742,47066.71784,-0.09467952114
noiseless,1.8,1.356106097,74.19578726,0.5703205913,44574.43332,-0.1426181989
noiseless,1.8,1.468170276,80.32708479,0.7656175833,42371.36133,-0.1849939216
noiseless,1.8,1.589495072,86.96505272,0.9505438506,40425.19435,-0.2224281194
noiseless,1.8,1.720845753,94.15156064,1.124790496,38707.09575,-0.2554754599
noiseless,1.8,1.863050826,101.9319381,1.288142273,37191.36989,-0.2846301944
noiseless,1.8,2.017007261,110.3552605,1.440493012,35855.14298,-0.3103322963
noiseless,1.8,2.183686153,119.4746588,1.581852487,34678.06237,-0.3329732459
noiseless,1.8,2.364138845,129.3476544,1.712346063,33642.01926,-0.3529013625
noiseless,1.8,2.559503557,140.0365221,1.83220854,32730.8978,-0.3704266321
noiseless,1.8,2.771012572,151.6086829,1.941773576,31930.35114,-0.3858250138
noiseless,1.8,3,164.1371293,2.041459991,31227.60375,-0.3993422428
noiseless,1.9,0.3,16.41371293,5.172047537,213277.0318,3.102348186
noiseless,1.9,0.3247910202,17.77008856,4.822826565,192016.0092,2.693395957
noiseless,1.9,0.3516306893,19.23855064,4.463395117,173180.351,2.331095209
noiseless,1.9,0.380688301,20.82836163,4.09822805,156444.104,2.009176285
noiseless,1.9,0.4121471388,22.5495494,3.731857845,141538.2773,1.722465191
noiseless,1.9,0.4462056322,24.41297052,3.368496985,128241.2818,1.466699698
noiseless,1.9,0.4830786083,26.43037866,3.011698172,116369.8681,1.238355033
noiseless,1.9,0.5229986467,28.61449883,2.664118918,105770.8535,1.034484752
noiseless,1.9,0.5662175466,30.97910756,2.327434543,96313.95519,0.8525828872
noiseless,1.9,0.6130079154,33.53911982,2.002406782,87885.9659,0.690471917
noiseless,1.9,0.6636648873,36.31068314,1.68907734,80386.35397,0.5462181304
noiseless,1.9,0.718507986,39.3112794,1.387030797,73724.20077,0.4180727234
noiseless,1.9,0.7778831392,42.55983514,1.095667445,67816.25791,0.3044344262
noiseless,1.9,0.8421648612,46.07684091,0.8144461454,62585.83771,0.2038281648
noiseless,1.9,0.9117586147,49.88448055,0.5431162695,57962.24857,0.1148941978
noiseless,1.9,0.9871033687,54.00677109,0.2823111856,53880.52949,0.03638301105
noiseless,1.9,1.068674367,58.46971426,0.05179530532,50281.30407,-0.03284749046
noiseless,1.9,1.156986126,63.30146048,0.2222768201,47110.64116,-0.0938346634
noiseless,1.9,1.252595681,68.53248642,0.4530089596,44319.86479,-0.147514782
noiseless,1.9,1.356106097,74.19578726,0.6746401792,41865.29559,-0.194728012
noiseless,1.9,1.468170276,80.32708479,0.8853991277,39707.92965,-0.2362245864
noiseless,1.9,1.589495072,86.96505272,1.084577374,37813.0726,-0.2726718462
noiseless,1.9,1.720845753,94.15156064,1.271718704,36149.94974,-0.3046617375
noiseless,1.9,1.863050826,101.9319381,1.446535446,34691.3121,-0.3327183894
noiseless,1.9,2.017007261,110.3552605,1.608897785,33413.05448,-0.357305462
noiseless,1.9,2.183686153,119.4746588,1.758830425,32293.85693,-0.3788330403
noiseless,1.9,2.364138845,129.3476544,1.896505727,31314.85738,-0.3976639338
noiseless,1.9,2.559503557,140.0365221,2.022231885,30459.35862,-0.4141193099
noiseless,1.9,2.771012572,151.6086829,2.136436815,29712.57059,-0.4284836532
noiseless,1.9,3,164.1371293,2.239648911,29061.38603,-0.4410090798
noiseless,2,0.3,16.41371293,5.627881423,216747.3715,3.169099592
noiseless,2,0.3247910202,17.77008856,5.244208154,194432.0079,2.73986729
noiseless,2,0.3516306893,19.23855064,4.846864547,174730.382,2.360909797
noiseless,2,0.380688301,20.82836163,4.441508236,157269.1289,2.025045501
noiseless,2,0.4121471388,22.5495494,4.034035828,141745.9033,1.726458842
noiseless,2,0.4462056322,24.41297052,3.630025068,127917.1419,1.46046492
noiseless,2,0.4830786083,26.43037866,3.234204082,115586.1492,1.223280329
noiseless,2,0.5229986467,28.61449883,2.850064053,104592.0111,1.011809914
noiseless,2,0.5662175466,30.97910756,2.47970004,94799.9313,0.8234608898
noiseless,2,0.6130079154,33.53911982,2.12390221,86093.46011,0.6559933666
noiseless,2,0.6636648873,36.31068314,1.782451566,78368.81208,0.5074110482
noiseless,2,0.718507986,39.3112794,1.45452967,71531.15707,0.375889893
noiseless,2,0.7778831392,42.55983514,1.139150478,65492.53231,0.2597379513
noiseless,2,0.8421648612,46.07684091,0.835579989,60170.90734,0.1573773815
noiseless,2,0.9117586147,49.88448055,0.5439360053,55489.94103,0.06733977405
noiseless,2,0.9871033687,54.00677109,0.2680499658,51379.05577,-0.01173241925
noiseless,2,1.068674367,58.46971426,0.09306757205,47773.57301,-0.08108327966
noiseless,2,1.156986126,63.30146048,0.298564712,44614.76597,-0.141842407
noiseless,2,1.252595681,68.53248642,0.5438851877,41849.77198,-0.1950266059
noiseless,2,1.356106097,74.19578726,0.7814299677,39431.36239,-0.2415443115
noiseless,2,1.468170276,80.32708479,1.007526496,37317.59723,-0.2822022324
noiseless,2,1.589495072,86.96505272,1.220915987,35471.40243,-0.317713482
noiseless,2,1.720845753,94.15156064,1.420905942,33860.10705,-0.3487064802
noiseless,2,1.863050826,101.9319381,1.607097748,32454.97195,-0.3757340197
noiseless,2,2.017007261,110.3552605,1.779323066,31230.73377,-0.3992820373
noiseless,2,2.183686153,119.4746588,1.937619346,30165.18041,-0.4197777786
noiseless,2,2.364138845,129.3476544,2.0822112,29238.76777,-0.4375971715
noiseless,2,2.559503557,140.0365221,2.213490001,28434.28161,-0.4530713289
noiseless,2,2.771012572,151.6086829,2.331990368,27736.54462,-0.4664921836
noiseless,2,3,164.1371293,2.438364012,27132.16554,-0.4781173145
noiseless,2.1,0.3,16.41371293,6.099670816,220064.8568,3.23291087
noiseless,2.1,0.3247910202,17.77008856,5.682149859,196793.8109,2.785296178
noiseless,2.1,0.3516306893,19.23855064,5.246497149,176314.5564,2.391381128
noiseless,2.1,0.380688301,20.82836163,4.799676092,158201.4314,2.042978184
noiseless,2.1,0.4121471388,22.5495494,4.349205209,142116.6392,1.733589885
noiseless,2.1,0.4462056322,24.41297052,3.902368423,127795.0215,1.458115956
noiseless,2.1,0.4830786083,26.43037866,3.465414029,115028.6925,1.212557743
noiseless,2.1,0.5229986467,28.61449883,3.04293568,103652.3417,0.9937355302
noiseless,2.1,0.5662175466,30.97910756,2.637590438,93530.26004,0.7990389747
noiseless,2.1,0.6130079154,33.53911982,2.250208011,84545.97236,0.6262276975
noiseless,2.1,0.6636648873,36.31068314,1.880226594,76594.89297,0.4732900096
noiseless,2.1,0.718507986,39.3112794,1.526311897,69579.86608,0.3383571358
noiseless,2.1,0.7778831392,42.55983514,1.187019828,63409.03217,0.2196621733
noiseless,2.1,0.8421648612,46.07684091,0.8614932464,57995.27096,0.115529378
noiseless,2.1,0.9117586147,49.88448055,0.5507498969,53256.50094,0.02437992588
noiseless,2.1,0.9871033687,54.00677109,0.2653578591,49116.2781,-0.05525657093
noiseless,2.1,1.068674367,58.46971426,0.1522037516,45504.3406,-0.1247315872
noiseless,2.1,1.156986126,63.30146048,0.3762746556,42356.92643,-0.1852715746
noiseless,2.1,1.252595681,68.53248642,0.6364280861,39616.8189,-0.2379770865
noiseless,2.1,1.356106097,74.19578726,0.8899446765,37233.14882,-0.2838265835
noiseless,2.1,1.468170276,80.32708479,1.131466701,35161.0143,-0.323683746
noiseless,2.1,1.589495072,86.96505272,1.35913678,33360.98499,-0.3583070098
noiseless,2.1,1.720845753,94.15156064,1.571992899,31798.54957,-0.3883601949
noiseless,2.1,1.863050826,101.9319381,1.769510709,30443.5523,-0.4144233417
noiseless,2.1,2.017007261,110.3552605,1.951480257,29269.65147,-0.4370031288
noiseless,2.1,2.183686153,119.4746588,2.117955865,28253.82062,-0.4565424659
noiseless,2.1,2.364138845,129.3476544,2.269223119,27375.90435,-0.4734290393
noiseless,2.1,2.559503557,140.0365221,2.405768311,26618.2325,-0.488002731
noiseless,2.1,2.771012572,151.6086829,2.528246372,25965.2917,-0.5005619386
noiseless,2.1,3,164.1371293,2.63744678,25403.44868,-0.5113688955
noiseless,2.2,0.3,16.41371293,6.584237858,223099.2654,3.291277213
noiseless,2.2,0.3247910202,17.77008856,6.134335436,198992.9936,2.827597091
noiseless,2.2,0.3516306893,19.23855064,5.660720227,177844.5132,2.420809591
noiseless,2.2,0.380688301,20.82836163,5.171715705,159169.9508,2.061607494
noiseless,2.2,0.4121471388,22.5495494,4.676698911,142593.2209,1.742756855
noiseless,2.2,0.4462056322,24.41297052,4.185031136,127827.7056,1.458744628
noiseless,2.2,0.4830786083,26.43037866,3.704890622,114656.877,1.205405932
noiseless,2.2,0.5229986467,28.61449883,3.24231264,102915.0575,0.9795539914
noiseless,2.2,0.5662175466,30.97910756,2.800707297,92470.08481,0.7786466807
noiseless,2.2,0.6130079154,33.53911982,2.380970935,83209.47091,0.6005203146
noiseless,2.2,0.6636648873,36.31068314,1.982106417,75030.87634,0.4432064102
noiseless,2.2,0.718507986,39.3112794,1.602129807,67836.76144,0.3048288083
noiseless,2.2,0.7778831392,42.55983514,1.239050782,61532.34823,0.1835644702
noiseless,2.2,0.8421648612,46.07684091,0.8919585468,56025.71694,0.0776453345
noiseless,2.2,0.9117586147,49.88448055,0.5633519484,51228.93572,-0.01461995348
noiseless,2.2,0.9871033687,54.00677109,0.2742094518,47059.41321,-0.09482002443
noiseless,2.2,1.068674367,58.46971426,0.214315779,43441.00218,-0.164419558
noiseless,2.2,1.156986126,63.30146048,0.4544775029,40304.6605,-0.2247465679
noiseless,2.2,1.252595681,68.53248642,0.7300102117,37588.65778,-0.2769884279
noiseless,2.2,1.356106097,74.19578726,0.9997505826,35238.40797,-0.3221950915
noiseless,2.2,1.468170276,80.32708479,1.256884201,33206.03867,-0.3612873765
noiseless,2.2,1.589495072,86.96505272,1.498957081,31449.80257,-0.3950682855
noiseless,2.2,1.720845753,94.15156064,1.724728252,29933.41643,-0.4242357203
noiseless,2.2,1.863050826,101.9319381,1.933544847,28625.39017,-0.4493953875
noiseless,2.2,2.017007261,110.3552605,2.125158463,27498.38812,-0.4710730843
noiseless,2.2,2.183686153,119.4746588,2.299647531,26528.64816,-0.4897258709
noiseless,2.2,2.364138845,129.3476544,2.457368766,25695.47215,-0.5057518727
noiseless,2.2,2.559503557,140.0365221,2.598915764,24980.79091,-0.5194986473
noiseless,2.2,2.771012572,151.6086829,2.725077738,24368.80049,-0.531270181
noiseless,2.2,3,164.1371293,2.836796661,23845.66155,-0.5413326716
noiseless,2.3,0.3,16.41371293,7.077904719,225730.8969,3.341896206
noiseless,2.3,0.3247910202,17.77008856,6.597990126,200928.4541,2.86482535
noiseless,2.3,0.3516306893,19.23855064,6.087597499,179237.3867,2.447601281
noiseless,2.3,0.380688301,20.82836163,5.556364984,160108.4159,2.079658715
noiseless,2.3,0.4121471388,22.5495494,5.01571206,143123.1825,1.752950579
noiseless,2.3,0.4462056322,24.41297052,4.477458532,127973.0911,1.461541094
noiseless,2.3,0.4830786083,26.43037866,3.952183339,114435.5246,1.201148258
noiseless,2.3,0.5229986467,28.61449883,3.447780837,102349.0331,0.9686666049
noiseless,2.3,0.5662175466,30.97910756,2.968665088,91590.31281,0.7617244127
noiseless,2.3,0.6130079154,33.53911982,2.51584946,82055.71902,0.5783280892
noiseless,2.3,0.6636648873,36.31068314,2.087800791,73648.84344,0.4166232376
noiseless,2.3,0.718507986,39.3112794,1.681729996,66274.08225,0.2747709344
noiseless,2.3,0.7778831392,42.55983514,1.294992832,59834.87999,0.1509139513
noiseless,2.3,0.8421648612,46.07684091,0.9266819552,54234.83928,0.04319810084
noiseless,2.3,0.9117586147,49.88448055,0.5813377678,49380.04424,-0.05018307317
noiseless,2.3,0.9871033687,54.00677109,0.2931645574,45181.44447,-0.1309424404
noiseless,2.3,1.068674367,58.46971426,0.2769090207,41556.68806,-0.2006640262
noiseless,2.3,1.156986126,63.30146048,0.532787556,38431.20764,-0.2607821216
noiseless,2.3,1.252595681,68.53248642,0.824289178,35738.61109,-0.3125737679
noiseless,2.3,1.356106097,74.19578726,1.110582277,33420.53634,-0.3571615496
noiseless,2.3,1.468170276,80.32708479,1.383556407,31426.14938,-0.3955232507
noiseless,2.3,1.589495072,86.96505272,1.640177212,29711.44007,-0.4285053985
noiseless,2.3,1.720845753,94.15156064,1.878926718,28238.43273,-0.4568384495
noiseless,2.3,1.863050826,101.9319381,2.099027295,26974.39185,-0.4811520652
noiseless,2.3,2.017007261,110.3552605,2.300198385,25891.0749,-0.5019894864
noiseless,2.3,2.183686153,119.4746588,2.482550812,24964.06213,-0.5198204226
noiseless,2.3,2.364138845,129.3476544,2.646522623,24172.17791,-0.5350521837
noiseless,2.3,2.559503557,140.0365221,2.792826902,23497.00571,-0.5480390085
noiseless,2.3,2.771012572,151.6086829,2.922401055,22922.49051,-0.5590897127
noiseless,2.3,3,164.1371293,3.036354392,22434.61654,-0.5684738873
noiseless,2.4,0.3,16.41371293,7.576596311,227853.9597,3.382732966
noiseless,2.4,0.3247910202,17.77008856,7.069925663,202508.3273,2.895213948
noiseless,2.4,0.3516306893,19.23855064,6.524834056,180416.4802,2.470280949
noiseless,2.4,0.380688301,20.82836163,5.952101323,160955.1223,2.095944971
noiseless,2.4,0.4121471388,22.5495494,5.365284665,143658.0877,1.763239391
noiseless,2.4,0.4462056322,24.41297052,4.779024964,128193.1436,1.465773766
noiseless,2.4,0.4830786083,26.43037866,4.206822427,114333.7436,1.199190516
noiseless,2.4,0.5229986467,28.61449883,3.658931164,101927.6102,0.9605606066
noiseless,2.4,0.5662175466,30.97910756,3.141091153,90866.41,0.7478002628
noiseless,2.4,0.6130079154,33.53911982,2.654515033,81061.06806,0.5591961436
noiseless,2.4,0.6636648873,36.31068314,2.197028173,72425.47041,0.393091861
noiseless,2.4,0.718507986,39.3112794,1.764859514,64868.66657,0.2477379979
noiseless,2.4,0.7778831392,42.55983514,1.354582471,58293.62823,0.1212682303
noiseless,2.4,0.8421648612,46.07684091,0.9653300069,52599.82816,0.01174893424
noiseless,2.4,0.9117586147,49.88448055,0.6041715203,47687.20588,-0.08274453713
noiseless,2.4,0.9871033687,54.00677109,0.3200431076,43459.91093,-0.1640558513
noiseless,2.4,1.068674367,58.46971426,0.3393084263,39829.05495,-0.2338947614
noiseless,2.4,1.156986126,63.30146048,0.6110279845,36714.30481,-0.2938064616
noiseless,2.4,1.252595681,68.53248642,0.9190694256,34044.47371,-0.3451602182
noiseless,2.4,1.356106097,74.19578726,1.222269501,31757.38283,-0.3891520304
noiseless,2.4,1.468170276,80.32708479,1.511327146,29799.2624,-0.4268161507
noiseless,2.4,1.589495072,86.96505272,1.782647785,28123.90692,-0.4590413344
noiseless,2.4,1.720845753,94.15156064,2.034444671,26691.73658,-0.4865888923
noiseless,2.4,1.863050826,101.9319381,2.265822754,25468.86422,-0.5101106385
noiseless,2.4,2.017007261,110.3552605,2.476476678,24426.22867,-0.5301655597
noiseless,2.4,2.183686153,119.4746588,2.666557493,23538.8286,-0.5472345522
noiseless,2.4,2.364138845,129.3476544,2.836593838,22785.07184,-0.5617329378
noiseless,2.4,2.559503557,140.0365221,2.987429768,22146.24049,-0.5740207526
noiseless,2.4,2.771012572,151.6086829,3.120164582,21606.0616,-0.5844110036
noiseless,2.4,3,164.1371293,3.236089966,21150.36662,-0.5931762206
noiseless,2.5,0.3,16.41371293,8.075980616,229380.1611,3.412089197
noiseless,2.5,0.3247910202,17.77008856,7.546619317,203652.3403,2.917218848
noiseless,2.5,0.3516306893,19.23855064,6.969805824,181312.4361,2.487514511
noiseless,2.5,0.380688301,20.82836163,6.357141264,161653.1618,2.109371643
noiseless,2.5,0.4121471388,22.5495494,5.724290525,144153.1436,1.772761708
noiseless,2.5,0.4462056322,24.41297052,5.089023649,128453.1824,1.470775569
noiseless,2.5,0.4830786083,26.43037866,4.468313239,114324.073,1.199004504
noiseless,2.5,0.5229986467,28.61449883,3.87535732,101627.696,0.9547918073
noiseless,2.5,0.5662175466,30.97910756,3.317625271,90277.48617,0.736472411
noiseless,2.5,0.6130079154,33.53911982,2.79665262,80205.54015,0.5427402068
noiseless,2.5,0.6636648873,36.31068314,2.309517559,71341.11101,0.3722343886
noiseless,2.5,0.718507986,39.3112794,1.851270361,63601.03415,0.2233552993
noiseless,2.5,0.7778831392,42.55983514,1.417553308,56889.27681,0.0942557648
noiseless,2.5,0.8421648612,46.07684091,1.007552914,51101.55031,-0.01707019056
noiseless,2.5,0.9117586147,49.88448055,0.6312553395,46131.45993,-0.1126690513
noiseless,2.5,0.9871033687,54.00677109,0.3526756584,41875.98752,-0.1945223545
noiseless,2.5,1.068674367,58.46971426,0.4012725423,38239.36896,-0.2644721067
noiseless,2.5,1.156986126,63.30146048,0.6891171686,35135.27411,-0.3241788541
noiseless,2.5,1.252595681,68.53248642,1.014235723,32487.60623,-0.375106305
noiseless,2.5,1.356106097,74.19578726,1.334697261,30230.34778,-0.4185242952
noiseless,2.5,1.468170276,80.32708479,1.640079888,28306.83495,-0.4555227442
noiseless,2.5,1.589495072,86.96505272,1.926250482,26668.74565,-0.4870311189
noiseless,2.5,1.720845753,94.15156064,2.191165672,25274.9913,-0.5138397518
noiseless,2.5,1.863050826,101.9319381,2.433822033,24090.62985,-0.536620747
noiseless,2.5,2.017007261,110.3552605,2.65389627,23085.86949,-0.5559471452
noiseless,2.5,2.183686153,119.4746588,2.851585848,22235.20041,-0.5723096232
noiseless,2.5,2.364138845,129.3476544,3.027517623,21516.6699,-0.5861304381
noiseless,2.5,2.559503557,140.0365221,3.18267717,20911.29851,-0.5977746559
noiseless,2.5,2.771012572,151.6086829,3.318339273,20402.62228,-0.6075589584
noiseless,2.5,3,164.1371293,3.43599344,19976.33765,-0.6157584722
noiseless,2.6,0.3,16.41371293,8.57163475,230241.9874,3.428666281
noiseless,2.6,0.3247910202,17.77008856,8.02432219,204294.2697,2.929566254
noiseless,2.6,0.3516306893,19.23855064,7.419613308,181864.7009,2.498137232
noiseless,2.6,0.380688301,20.82836163,6.769455637,162150.9815,2.118947123
noiseless,2.6,0.4121471388,22.5495494,6.091433683,144567.1081,1.780724246
noiseless,2.6,0.4462056322,24.41297052,5.406659302,128721.4171,1.47593502
noiseless,2.6,0.4830786083,26.43037866,4.736131326,114381.8537,1.200115906
noiseless,2.6,0.5229986467,28.61449883,4.096653698,101429.0753,0.9509713713
noiseless,2.6,0.5662175466,30.97910756,3.497918995,89805.5921,0.7273956071
noiseless,2.6,0.6130079154,33.53911982,2.941960771,79472.12248,0.52863304
noiseless,2.6,0.6636648873,36.31068314,2.425009508,70379.09093,0.3537300925
noiseless,2.6,0.718507986,39.3112794,1.940722552,62454.68063,0.2013053803
noiseless,2.6,0.7778831392,42.55983514,1.483643555,55605.48604,0.06956226312
noiseless,2.6,0.8421648612,46.07684091,1.053002544,49723.84118,-0.04357019631
noiseless,2.6,0.9117586147,49.88448055,0.6619870119,44696.79743,-0.1402645455
noiseless,2.6,0.9871033687,54.00677109,0.3892925905,40413.77815,-0.222647708
noiseless,2.6,1.068674367,58.46971426,0.4627080121,36771.80185,-0.2927005156
noiseless,2.6,1.156986126,63.30146048,0.767021795,33678.32343,-0.3522030579
noiseless,2.6,1.252595681,68.53248642,1.109718337,31052.24039,-0.4027153277
noiseless,2.6,1.356106097,74.19578726,1.447782977,28823.69311,-0.4455810636
noiseless,2.6,1.468170276,80.32708479,1.769721897,26933.17955,-0.481944777
noiseless,2.6,1.589495072,86.96505272,2.070886566,25330.34917,-0.5127749524
noiseless,2.6,1.720845753,94.15156064,2.348991771,23972.70494,-0.5388890131
noiseless,2.6,1.863050826,101.9319381,2.602935026,22824.34831,-0.5609774615
noiseless,2.6,2.017007261,110.3552605,2.832380123,21854.84352,-0.5796257248
noiseless,2.6,2.183686153,119.4746588,3.037574546,21038.24166,-0.5953329256
noiseless,2.6,2.364138845,129.3476544,3.219248908,20352.28003,-0.6085272832
noiseless,2.6,2.559503557,140.0365221,3.378539932,19777.75131,-0.6195782475
noiseless,2.6,2.771012572,151.6086829,3.516911654,19298.02112,-0.6288057778
noiseless,2.6,3,164.1371293,3.636067615,18898.66328,-0.6364873593
noiseless,2.7,0.3,16.41371293,9.059221585,230395.196,3.431613224
noiseless,2.7,0.3247910202,17.77008856,8.49918853,204384.1605,2.931295289
noiseless,2.7,0.3516306893,19.23855064,7.871156997,182023.0762,2.501183554
noiseless,2.7,0.380688301,20.82836163,7.186800451,162403.1541,2.123797622
noiseless,2.7,0.4121471388,22.5495494,6.465253375,144862.4168,1.78640446
noiseless,2.7,0.4462056322,24.41297052,5.731044148,128968.6756,1.480690997
noiseless,2.7,0.4830786083,26.43037866,5.009718531,114484.7679,1.202095444
noiseless,2.7,0.5229986467,28.61449883,4.322413467,101313.8835,0.9487556753
noiseless,2.7,0.5662175466,30.97910756,3.681634896,89435.1742,0.7202706806
noiseless,2.7,0.6130079154,33.53911982,3.090151376,78846.21844,0.5165938802
noiseless,2.7,0.6636648873,36.31068314,2.543256564,69525.15872,0.3373048487
noiseless,2.7,0.718507986,39.3112794,2.032986072,61415.52839,0.18131746
noiseless,2.7,0.7778831392,42.55983514,1.552601196,54428.34266,0.04692010615
noiseless,2.7,0.8421648612,46.07684091,1.101345026,48452.95407,-0.0680154982
noiseless,2.7,0.9117586147,49.88448055,0.6957997033,43369.61041,-0.1657927668
noiseless,2.7,0.9871033687,54.00677109,0.4285884987,39059.76671,-0.2486918927
noiseless,2.7,1.068674367,58.46971426,0.5235848531,35412.88514,-0.3188390523
noiseless,2.7,1.156986126,63.30146048,0.8447344267,32330.00451,-0.3781377477
noiseless,2.7,1.252595681,68.53248642,1.205473554,29724.94138,-0.4282457031
noiseless,2.7,1.356106097,74.19578726,1.561462928,27524.00817,-0.470580287
noiseless,2.7,1.468170276,80.32708479,1.900174683,25664.93278,-0.5063392924
noiseless,2.7,1.589495072,86.96505272,2.216469965,24095.43148,-0.5365283886
noiseless,2.7,1.720845753,94.15156064,2.507838231,22771.70246,-0.5619900956
noiseless,2.7,1.863050826,101.9319381,2.773086263,21656.98946,-0.5834314147
noiseless,2.7,2.017007261,110.3552605,3.011866978,20720.29727,-0.6014485329
noiseless,2.7,2.183686153,119.4746588,3.224478114,19935.30311,-0.6165477648
noiseless,2.7,2.364138845,129.3476544,3.4117573,19279.47918,-0.6291624288
noiseless,2.7,2.559503557,140.0365221,3.575001356,18733.41751,-0.6396658343
noiseless,2.7,2.771012572,151.6086829,3.715877952,18280.32802,-0.6483809351
noiseless,2.7,3,164.1371293,3.836322027,17905.66933,-0.6555874325
noiseless,2.8,0.3,16.41371293,9.53466072,229820.1407,3.420552131
noiseless,2.8,0.3247910202,17.77008856,8.967415369,203889.9903,2.921790007
noiseless,2.8,0.3516306893,19.23855064,8.321229496,181749.1443,2.495914521
noiseless,2.8,0.380688301,20.82836163,7.606762504,162371.24,2.12318376
noiseless,2.8,0.4121471388,22.5495494,6.844137874,145005.4633,1.789155937
noiseless,2.8,0.4462056322,24.41297052,6.061197802,129168.2788,1.484530331
noiseless,2.8,0.4830786083,26.43037866,5.288480306,114612.5093,1.204552528
noiseless,2.8,0.5229986467,28.61449883,4.552226925,101266.2,0.9478384908
noiseless,2.8,0.5662175466,30.97910756,3.868445786,89152.64737,0.714836324
noiseless,2.8,0.6130079154,33.53911982,3.240949238,78315.21659,0.5063801479
noiseless,2.8,0.6636648873,36.31068314,2.664023281,68767.05438,0.3227228381
noiseless,2.8,0.718507986,39.3112794,2.127841959,60471.49486,0.1631591323
noiseless,2.8,0.7778831392,42.55983514,1.624187249,53345.92747,0.02610003026
noiseless,2.8,0.8421648612,46.07684091,1.152268618,47277.1272,-0.09063233211
noiseless,2.8,0.9117586147,49.88448055,0.7321841962,42138.2594,-0.1894775984
noiseless,2.8,0.9871033687,54.00677109,0.469644713,37802.38637,-0.2728773941
noiseless,2.8,1.068674367,58.46971426,0.5839042021,34151.0825,-0.3431096158
noiseless,2.8,1.156986126,63.30146048,0.922261541,31078.78901,-0.4022046694
noiseless,2.8,1.252595681,68.53248642,1.301472267,28494.1872,-0.4519190549
noiseless,2.8,1.356106097,74.19578726,1.675684062,26319.79193,-0.4937431857
noiseless,2.8,1.468170276,80.32708479,2.031368241,24490.63936,-0.5289266308
noiseless,2.8,1.589495072,86.96505272,2.362923126,22952.61304,-0.5585103108
noiseless,2.8,1.720845753,94.15156064,2.667630296,21660.71195,-0.5833598132
noiseless,2.8,1.863050826,101.9319381,2.944211987,20577.4202,-0.6041967496
noiseless,2.8,2.017007261,110.3552605,3.192308214,19671.26513,-0.6216264915
noiseless,2.8,2.183686153,119.4746588,3.412263289,18915.61067,-0.6361613792
noiseless,2.8,2.364138845,129.3476544,3.605022839,18287.70287,-0.648239081
noiseless,2.8,2.559503557,140.0365221,3.772052491,17767.95417,-0.6582363608
noiseless,2.8,2.771012572,151.6086829,3.915239102,17339.4278,-0.6664789941
noiseless,2.8,3,164.1371293,4.036767947,16987.47011,-0.6732488416
noiseless,2.9,0.3,16.41371293,9.994278795,228521.7015,3.395576869
noiseless,2.9,0.3247910202,17.77008856,9.42538065,202798.5273,2.900795897
noiseless,2.9,0.3516306893,19.23855064,8.766617711,181017.3741,2.481839043
noiseless,2.9,0.380688301,20.82836163,8.026817305,162024.6235,2.116516648
noiseless,2.9,0.4121471388,22.5495494,7.226347047,144966.9714,1.788415551
noiseless,2.9,0.4462056322,24.41297052,6.396051289,129296.0246,1.4869875
noiseless,2.9,0.4830786083,26.43037866,5.571784409,114746.5519,1.207130815
noiseless,2.9,0.5229986467,28.61449883,4.785680197,101271.7342,0.947944941
noiseless,2.9,0.5662175466,30.97910756,4.058033961,88946.05767,0.7108626056
noiseless,2.9,0.6130079154,33.53911982,3.394091529,77868.14883,0.497780874
noiseless,2.9,0.6636648873,36.31068314,2.787085962,68094.16715,0.3097799643
noiseless,2.9,0.718507986,39.3112794,2.225082768,59612.15001,0.1466297773
noiseless,2.9,0.7778831392,42.55983514,1.698177552,52347.97219,0.0069045266
noiseless,2.9,0.8421648612,46.07684091,1.20548782,46186.2402,-0.1116153619
noiseless,2.9,0.9117586147,49.88448055,0.7706975797,40992.73063,-0.2115116536
noiseless,2.9,0.9871033687,54.00677109,0.5118265763,36631.67886,-0.2953957581
noiseless,2.9,1.068674367,58.46971426,0.6436835766,32976.45193,-0.3657034393
noiseless,2.9,1.156986126,63.30146048,0.9996166441,29914.73365,-0.4245950804
noiseless,2.9,1.252595681,68.53248642,1.397693095,27350.03652,-0.4739266026
noiseless,2.9,1.356106097,74.19578726,1.790399012,25201.12283,-0.5152605995
noiseless,2.9,1.468170276,80.32708479,2.163237597,23400.42328,-0.5498967554
noiseless,2.9,1.589495072,86.96505272,2.510174547,21892.09264,-0.5789092442
noiseless,2.9,1.720845753,94.15156064,2.828301171,20630.03675,-0.603184679
noiseless,2.9,1.863050826,101.9319381,3.116258072,19576.0771,-0.6234574174
noiseless,2.9,2.017007261,110.3552605,3.373665341,18698.34237,-0.6403404986
noiseless,2.9,2.183686153,119.4746588,3.600905869,17969.93909,-0.6543512145
noiseless,2.9,2.364138845,129.3476544,3.799032241,17367.92015,-0.6659309485
noiseless,2.9,2.559503557,140.0365221,3.969687978,16872.53325,-0.675459633
noiseless,2.9,2.771012572,151.6086829,4.114996467,16466.69861,-0.6832657946
noiseless,2.9,3,164.1371293,4.237414229,16135.6494,-0.6896334711
noiseless,3,0.3,16.41371293,10.43492746,226527.7798,3.357224117
noiseless,3,0.3247910202,17.77008856,9.869768558,201115.2274,2.868417904
noiseless,3,0.3516306893,19.23855064,9.204207304,179815.7443,2.458725894
noiseless,3,0.380688301,20.82836163,8.4443958,161341.2126,2.103371354
noiseless,3,0.4121471388,22.5495494,7.610042767,144722.3979,1.78371122
noiseless,3,0.4462056322,24.41297052,6.734455283,129330.2496,1.487645811
noiseless,3,0.4830786083,26.43037866,5.858961115,114869.9966,1.209505254
noiseless,3,0.5229986467,28.61449883,5.02235432,101317.5827,0.9488268286
noiseless,3,0.5662175466,30.97910756,4.250090525,88804.81411,0.7081458092
noiseless,3,0.6130079154,33.53911982,3.549327204,77495.41732,0.4906114455
noiseless,3,0.6636648873,36.31068314,2.912232224,67497.2617,0.2982985873
noiseless,3,0.718507986,39.3112794,2.324512588,58828.44221,0.1315552883
noiseless,3,0.7778831392,42.55983514,1.774363467,51425.5847,-0.01083744301
noiseless,3,0.8421648612,46.07684091,1.260744766,45171.53921,-0.1311329665
noiseless,3,0.9117586147,49.88448055,0.810963053,39924.36207,-0.2320615449
noiseless,3,0.9871033687,54.00677109,0.5546975336,35539.02252,-0.3164128208
noiseless,3,1.068674367,58.46971426,0.7029491644,31880.37638,-0.38678627
noiseless,3,1.156986126,63.30146048,1.076816117,28829.21352,-0.4454748793
noiseless,3,1.252595681,68.53248642,1.494118183,26283.8641,-0.4944342516
noiseless,3,1.356106097,74.19578726,1.905563097,24159.39552,-0.5352980509
noiseless,3,1.468170276,80.32708479,2.295720793,22385.72532,-0.5694143018
noiseless,3,1.589495072,86.96505272,2.65815733,20905.38512,-0.597888399
noiseless,3,1.720845753,94.15156064,2.989790706,19671.29347,-0.6216259463
noiseless,3,1.863050826,101.9319381,3.28917843,18644.70444,-0.6413722152
noiseless,3,2.017007261,110.3552605,3.555907819,17793.42371,-0.6577464583
noiseless,3,2.183686153,119.4746588,3.790387861,17090.35126,-0.6712699398
noiseless,3,2.364138845,129.3476544,3.9937755,16512.37383,-0.6823872394
noiseless,3,2.559503557,140.0365221,4.167902373,16039.58324,-0.6914812876
noiseless,3,2.771012572,151.6086829,4.315148179,15654.75546,-0.6988833859
noiseless,3,3,164.1371293,4.438263871,15343.0062,-0.7048798311
