spend_log_sd,seed,channel,metric,value
0.15,0,tv,relative_bias,-0.638883436
0.15,0,tv,covered,0
0.15,0,video,relative_bias,0.2726004327
0.15,0,video,covered,1
0.15,0,search,relative_bias,-0.04053056736
0.15,0,search,covered,1
0.15,0,social,relative_bias,-0.5094599386
0.15,0,social,covered,1
0.15,0,ooh,relative_bias,2.961749739
0.15,0,ooh,covered,1
0.15,0,all,median_abs_relative_bias,0.5094599386
0.15,0,all,spearman,0.2
0.15,0,all,regret,3.11116461
0.15,0,all,beats_status_quo,0
0.15,0,all,achievable_lift_share,0.011951718
0.15,0,all,shortfall_from_optimum_share,0.03718376207
0.15,0,all,loss_vs_status_quo_share,0.02523204407
0.15,0,all,n_agreeing,3
0.15,1,tv,relative_bias,-0.4640189624
0.15,1,tv,covered,0
0.15,1,video,relative_bias,-0.8824744794
0.15,1,video,covered,0
0.15,1,search,relative_bias,-0.8318749932
0.15,1,search,covered,0
0.15,1,social,relative_bias,-0.1368837156
0.15,1,social,covered,1
0.15,1,ooh,relative_bias,15.34722857
0.15,1,ooh,covered,0
0.15,1,all,median_abs_relative_bias,0.8318749932
0.15,1,all,spearman,-0.4
0.15,1,all,regret,4.12278137
0.15,1,all,beats_status_quo,0
0.15,1,all,achievable_lift_share,0.01204200919
0.15,1,all,shortfall_from_optimum_share,0.04964657115
0.15,1,all,loss_vs_status_quo_share,0.03760456196
0.15,1,all,n_agreeing,3
0.15,2,tv,relative_bias,1.844581274
0.15,2,tv,covered,0
0.15,2,video,relative_bias,-0.1552771275
0.15,2,video,covered,1
0.15,2,search,relative_bias,0.3639905739
0.15,2,search,covered,1
0.15,2,social,relative_bias,-0.5500243674
0.15,2,social,covered,1
0.15,2,ooh,relative_bias,-1
0.15,2,ooh,covered,1
0.15,2,all,median_abs_relative_bias,0.5500243674
0.15,2,all,spearman,0.9
0.15,2,all,regret,1.155416696
0.15,2,all,beats_status_quo,0
0.15,2,all,achievable_lift_share,0.01162998244
0.15,2,all,shortfall_from_optimum_share,0.01343747589
0.15,2,all,loss_vs_status_quo_share,0.001807493447
0.15,2,all,n_agreeing,3
0.15,3,tv,relative_bias,0.440831827
0.15,3,tv,covered,0
0.15,3,video,relative_bias,-0.8581605495
0.15,3,video,covered,0
0.15,3,search,relative_bias,-0.1295755552
0.15,3,search,covered,1
0.15,3,social,relative_bias,-0.1225002095
0.15,3,social,covered,1
0.15,3,ooh,relative_bias,-0.5663634729
0.15,3,ooh,covered,1
0.15,3,all,median_abs_relative_bias,0.440831827
0.15,3,all,spearman,0.7
0.15,3,all,regret,2.382173287
0.15,3,all,beats_status_quo,0
0.15,3,all,achievable_lift_share,0.01185667545
0.15,3,all,shortfall_from_optimum_share,0.02824465554
0.15,3,all,loss_vs_status_quo_share,0.01638798009
0.15,3,all,n_agreeing,3
0.15,4,tv,relative_bias,-0.5184301051
0.15,4,tv,covered,0
0.15,4,video,relative_bias,-0.3430931124
0.15,4,video,covered,0
0.15,4,search,relative_bias,-0.754307462
0.15,4,search,covered,0
0.15,4,social,relative_bias,-0.08239740729
0.15,4,social,covered,1
0.15,4,ooh,relative_bias,0.5115029079
0.15,4,ooh,covered,1
0.15,4,all,median_abs_relative_bias,0.5115029079
0.15,4,all,spearman,0.7
0.15,4,all,regret,8.70760944
0.15,4,all,beats_status_quo,0
0.15,4,all,achievable_lift_share,0.01190223765
0.15,4,all,shortfall_from_optimum_share,0.1036400369
0.15,4,all,loss_vs_status_quo_share,0.09173779925
0.15,4,all,n_agreeing,3
0.15,5,tv,relative_bias,1.791249617
0.15,5,tv,covered,0
0.15,5,video,relative_bias,-1
0.15,5,video,covered,1
0.15,5,search,relative_bias,-0.5711177024
0.15,5,search,covered,0
0.15,5,social,relative_bias,-0.1955727023
0.15,5,social,covered,1
0.15,5,ooh,relative_bias,6.266361588
0.15,5,ooh,covered,1
0.15,5,all,median_abs_relative_bias,1
0.15,5,all,spearman,0
0.15,5,all,regret,6.093848961
0.15,5,all,beats_status_quo,0
0.15,5,all,achievable_lift_share,0.01171170539
0.15,5,all,shortfall_from_optimum_share,0.07136936375
0.15,5,all,loss_vs_status_quo_share,0.05965765836
0.15,5,all,n_agreeing,3
0.15,6,tv,relative_bias,-0.2555500402
0.15,6,tv,covered,0
0.15,6,video,relative_bias,-0.7500709987
0.15,6,video,covered,0
0.15,6,search,relative_bias,-0.2452787675
0.15,6,search,covered,1
0.15,6,social,relative_bias,-0.5031744228
0.15,6,social,covered,0
0.15,6,ooh,relative_bias,3.076839735
0.15,6,ooh,covered,0
0.15,6,all,median_abs_relative_bias,0.5031744228
0.15,6,all,spearman,0.1
0.15,6,all,regret,3.025900129
0.15,6,all,beats_status_quo,0
0.15,6,all,achievable_lift_share,0.01184308981
0.15,6,all,shortfall_from_optimum_share,0.03583600699
0.15,6,all,loss_vs_status_quo_share,0.02399291717
0.15,6,all,n_agreeing,3
0.15,7,tv,relative_bias,1.453307544
0.15,7,tv,covered,0
0.15,7,video,relative_bias,0.5604815029
0.15,7,video,covered,1
0.15,7,search,relative_bias,0.1969767298
0.15,7,search,covered,1
0.15,7,social,relative_bias,-0.1276413204
0.15,7,social,covered,1
0.15,7,ooh,relative_bias,-1
0.15,7,ooh,covered,1
0.15,7,all,median_abs_relative_bias,0.5604815029
0.15,7,all,spearman,1
0.15,7,all,regret,1.181838643
0.15,7,all,beats_status_quo,0
0.15,7,all,achievable_lift_share,0.01196548291
0.15,7,all,shortfall_from_optimum_share,0.01414127009
0.15,7,all,loss_vs_status_quo_share,0.002175787176
0.15,7,all,n_agreeing,3
0.15,8,tv,relative_bias,-0.4447358059
0.15,8,tv,covered,0
0.15,8,video,relative_bias,-0.573925557
0.15,8,video,covered,0
0.15,8,search,relative_bias,-0.04067342234
0.15,8,search,covered,1
0.15,8,social,relative_bias,1.411833572
0.15,8,social,covered,0
0.15,8,ooh,relative_bias,1.248845891
0.15,8,ooh,covered,0
0.15,8,all,median_abs_relative_bias,0.573925557
0.15,8,all,spearman,0.3
0.15,8,all,regret,2.446106866
0.15,8,all,beats_status_quo,0
0.15,8,all,achievable_lift_share,0.01151160531
0.15,8,all,shortfall_from_optimum_share,0.0281586168
0.15,8,all,loss_vs_status_quo_share,0.01664701148
0.15,8,all,n_agreeing,3
0.15,9,tv,relative_bias,0.2020137004
0.15,9,tv,covered,1
0.15,9,video,relative_bias,0.6787040255
0.15,9,video,covered,1
0.15,9,search,relative_bias,-1
0.15,9,search,covered,1
0.15,9,social,relative_bias,-0.5956763337
0.15,9,social,covered,1
0.15,9,ooh,relative_bias,16.60348839
0.15,9,ooh,covered,0
0.15,9,all,median_abs_relative_bias,0.6787040255
0.15,9,all,spearman,-0.1
0.15,9,all,regret,3.347798527
0.15,9,all,beats_status_quo,0
0.15,9,all,achievable_lift_share,0.01172252094
0.15,9,all,shortfall_from_optimum_share,0.03924463835
0.15,9,all,loss_vs_status_quo_share,0.0275221174
0.15,9,all,n_agreeing,3
0.15,10,tv,relative_bias,0.6347982007
0.15,10,tv,covered,0
0.15,10,video,relative_bias,-0.7507704851
0.15,10,video,covered,0
0.15,10,search,relative_bias,-0.1191615117
0.15,10,search,covered,1
0.15,10,social,relative_bias,0.5054389948
0.15,10,social,covered,1
0.15,10,ooh,relative_bias,3.899335663
0.15,10,ooh,covered,0
0.15,10,all,median_abs_relative_bias,0.6347982007
0.15,10,all,spearman,0
0.15,10,all,regret,2.682691734
0.15,10,all,beats_status_quo,0
0.15,10,all,achievable_lift_share,0.01193102264
0.15,10,all,shortfall_from_optimum_share,0.03200725582
0.15,10,all,loss_vs_status_quo_share,0.02007623317
0.15,10,all,n_agreeing,3
0.15,11,tv,relative_bias,-0.7676005554
0.15,11,tv,covered,0
0.15,11,video,relative_bias,-0.7553392068
0.15,11,video,covered,0
0.15,11,search,relative_bias,-0.549484935
0.15,11,search,covered,0
0.15,11,social,relative_bias,-0.4695827384
0.15,11,social,covered,0
0.15,11,ooh,relative_bias,-0.2743847466
0.15,11,ooh,covered,1
0.15,11,all,median_abs_relative_bias,0.549484935
0.15,11,all,spearman,0.7
0.15,11,all,regret,2.82800585
0.15,11,all,beats_status_quo,0
0.15,11,all,achievable_lift_share,0.01178394726
0.15,11,all,shortfall_from_optimum_share,0.03332507179
0.15,11,all,loss_vs_status_quo_share,0.02154112453
0.15,11,all,n_agreeing,3
0.15,12,tv,relative_bias,0.07592146763
0.15,12,tv,covered,1
0.15,12,video,relative_bias,1.503640008
0.15,12,video,covered,0
0.15,12,search,relative_bias,0.3857972429
0.15,12,search,covered,1
0.15,12,social,relative_bias,-0.7857487133
0.15,12,social,covered,0
0.15,12,ooh,relative_bias,4.600805556
0.15,12,ooh,covered,0
0.15,12,all,median_abs_relative_bias,0.7857487133
0.15,12,all,spearman,0.8
0.15,12,all,regret,3.476836594
0.15,12,all,beats_status_quo,0
0.15,12,all,achievable_lift_share,0.01165251414
0.15,12,all,shortfall_from_optimum_share,0.04051388759
0.15,12,all,loss_vs_status_quo_share,0.02886137344
0.15,12,all,n_agreeing,3
0.15,13,tv,relative_bias,1.587414597
0.15,13,tv,covered,0
0.15,13,video,relative_bias,2.12946184
0.15,13,video,covered,0
0.15,13,search,relative_bias,-0.649659028
0.15,13,search,covered,0
0.15,13,social,relative_bias,-0.9002161433
0.15,13,social,covered,1
0.15,13,ooh,relative_bias,3.6284385
0.15,13,ooh,covered,0
0.15,13,all,median_abs_relative_bias,1.587414597
0.15,13,all,spearman,0.7
0.15,13,all,regret,3.652077096
0.15,13,all,beats_status_quo,0
0.15,13,all,achievable_lift_share,0.01159406481
0.15,13,all,shortfall_from_optimum_share,0.04234241853
0.15,13,all,loss_vs_status_quo_share,0.03074835372
0.15,13,all,n_agreeing,3
0.15,14,tv,relative_bias,-0.2666490924
0.15,14,tv,covered,0
0.15,14,video,relative_bias,0.5789847748
0.15,14,video,covered,1
0.15,14,search,relative_bias,-0.4296308346
0.15,14,search,covered,1
0.15,14,social,relative_bias,0.3850857642
0.15,14,social,covered,1
0.15,14,ooh,relative_bias,0.6547453994
0.15,14,ooh,covered,1
0.15,14,all,median_abs_relative_bias,0.4296308346
0.15,14,all,spearman,0.8
0.15,14,all,regret,2.764003239
0.15,14,all,beats_status_quo,0
0.15,14,all,achievable_lift_share,0.01130606748
0.15,14,all,shortfall_from_optimum_share,0.03125000713
0.15,14,all,loss_vs_status_quo_share,0.01994393965
0.15,14,all,n_agreeing,3
0.15,15,tv,relative_bias,0.4059762425
0.15,15,tv,covered,1
0.15,15,video,relative_bias,-0.712120042
0.15,15,video,covered,0
0.15,15,search,relative_bias,0.4990712083
0.15,15,search,covered,1
0.15,15,social,relative_bias,1.271804855
0.15,15,social,covered,1
0.15,15,ooh,relative_bias,4.551642061
0.15,15,ooh,covered,0
0.15,15,all,median_abs_relative_bias,0.712120042
0.15,15,all,spearman,0.3
0.15,15,all,regret,3.050943592
0.15,15,all,beats_status_quo,0
0.15,15,all,achievable_lift_share,0.01203016736
0.15,15,all,shortfall_from_optimum_share,0.03670336203
0.15,15,all,loss_vs_status_quo_share,0.02467319466
0.15,15,all,n_agreeing,3
0.15,16,tv,relative_bias,0.5097263975
0.15,16,tv,covered,1
0.15,16,video,relative_bias,-1
0.15,16,video,covered,1
0.15,16,search,relative_bias,1.654248892
0.15,16,search,covered,1
0.15,16,social,relative_bias,-0.2736479186
0.15,16,social,covered,1
0.15,16,ooh,relative_bias,1.750520518
0.15,16,ooh,covered,1
0.15,16,all,median_abs_relative_bias,1
0.15,16,all,spearman,0.3
0.15,16,all,regret,2.66178439
0.15,16,all,beats_status_quo,0
0.15,16,all,achievable_lift_share,0.01146467899
0.15,16,all,shortfall_from_optimum_share,0.03051650358
0.15,16,all,loss_vs_status_quo_share,0.01905182459
0.15,16,all,n_agreeing,3
0.15,17,tv,relative_bias,-0.4904366739
0.15,17,tv,covered,0
0.15,17,video,relative_bias,-0.4113551939
0.15,17,video,covered,0
0.15,17,search,relative_bias,-0.8761681754
0.15,17,search,covered,0
0.15,17,social,relative_bias,0.6374504472
0.15,17,social,covered,1
0.15,17,ooh,relative_bias,-0.3002070278
0.15,17,ooh,covered,1
0.15,17,all,median_abs_relative_bias,0.4904366739
0.15,17,all,spearman,0.2
0.15,17,all,regret,2.875478494
0.15,17,all,beats_status_quo,0
0.15,17,all,achievable_lift_share,0.01186753441
0.15,17,all,shortfall_from_optimum_share,0.03412483996
0.15,17,all,loss_vs_status_quo_share,0.02225730555
0.15,17,all,n_agreeing,3
0.15,18,tv,relative_bias,1.464026278
0.15,18,tv,covered,0
0.15,18,video,relative_bias,0.03042522568
0.15,18,video,covered,1
0.15,18,search,relative_bias,-0.6722698824
0.15,18,search,covered,0
0.15,18,social,relative_bias,-0.08410441673
0.15,18,social,covered,1
0.15,18,ooh,relative_bias,-0.6785248895
0.15,18,ooh,covered,0
0.15,18,all,median_abs_relative_bias,0.6722698824
0.15,18,all,spearman,0.9
0.15,18,all,regret,0.4706965224
0.15,18,all,beats_status_quo,1
0.15,18,all,achievable_lift_share,0.01181655672
0.15,18,all,shortfall_from_optimum_share,0.005562012152
0.15,18,all,loss_vs_status_quo_share,-0.006254544563
0.15,18,all,n_agreeing,3
0.15,19,tv,relative_bias,-0.4022466211
0.15,19,tv,covered,0
0.15,19,video,relative_bias,0.7107836131
0.15,19,video,covered,0
0.15,19,search,relative_bias,0.2969650795
0.15,19,search,covered,1
0.15,19,social,relative_bias,-0.7735217344
0.15,19,social,covered,0
0.15,19,ooh,relative_bias,2.76333258
0.15,19,ooh,covered,1
0.15,19,all,median_abs_relative_bias,0.7107836131
0.15,19,all,spearman,0.6
0.15,19,all,regret,2.771941832
0.15,19,all,beats_status_quo,0
0.15,19,all,achievable_lift_share,0.01180116115
0.15,19,all,shortfall_from_optimum_share,0.03271213226
0.15,19,all,loss_vs_status_quo_share,0.02091097111
0.15,19,all,n_agreeing,3
0.15,20,tv,relative_bias,-0.3661221362
0.15,20,tv,covered,0
0.15,20,video,relative_bias,-0.7611834169
0.15,20,video,covered,0
0.15,20,search,relative_bias,-0.3431905011
0.15,20,search,covered,1
0.15,20,social,relative_bias,1.616746435
0.15,20,social,covered,1
0.15,20,ooh,relative_bias,-0.05392474403
0.15,20,ooh,covered,1
0.15,20,all,median_abs_relative_bias,0.3661221362
0.15,20,all,spearman,0.3
0.15,20,all,regret,2.201978617
0.15,20,all,beats_status_quo,0
0.15,20,all,achievable_lift_share,0.01218459374
0.15,20,all,shortfall_from_optimum_share,0.02683021486
0.15,20,all,loss_vs_status_quo_share,0.01464562112
0.15,20,all,n_agreeing,3
0.15,21,tv,relative_bias,-0.09823692654
0.15,21,tv,covered,1
0.15,21,video,relative_bias,-0.4600644911
0.15,21,video,covered,0
0.15,21,search,relative_bias,-0.6854630797
0.15,21,search,covered,0
0.15,21,social,relative_bias,1.441414573
0.15,21,social,covered,1
0.15,21,ooh,relative_bias,1.705224514
0.15,21,ooh,covered,1
0.15,21,all,median_abs_relative_bias,0.6854630797
0.15,21,all,spearman,0.5
0.15,21,all,regret,2.095032383
0.15,21,all,beats_status_quo,0
0.15,21,all,achievable_lift_share,0.01159933255
0.15,21,all,shortfall_from_optimum_share,0.02430097731
0.15,21,all,loss_vs_status_quo_share,0.01270164476
0.15,21,all,n_agreeing,3
0.15,22,tv,relative_bias,3.3008155
0.15,22,tv,covered,0
0.15,22,video,relative_bias,-0.4184251563
0.15,22,video,covered,1
0.15,22,search,relative_bias,-0.5455083611
0.15,22,search,covered,0
0.15,22,social,relative_bias,-0.04395134991
0.15,22,social,covered,1
0.15,22,ooh,relative_bias,-1
0.15,22,ooh,covered,1
0.15,22,all,median_abs_relative_bias,0.5455083611
0.15,22,all,spearman,0.9
0.15,22,all,regret,0.5396358768
0.15,22,all,beats_status_quo,1
0.15,22,all,achievable_lift_share,0.01183222963
0.15,22,all,shortfall_from_optimum_share,0.006385095608
0.15,22,all,loss_vs_status_quo_share,-0.005447134017
0.15,22,all,n_agreeing,3
0.15,23,tv,relative_bias,-0.1815139446
0.15,23,tv,covered,1
0.15,23,video,relative_bias,0.1478322922
0.15,23,video,covered,1
0.15,23,search,relative_bias,-0.4616227002
0.15,23,search,covered,0
0.15,23,social,relative_bias,-0.9212644169
0.15,23,social,covered,0
0.15,23,ooh,relative_bias,6.060295933
0.15,23,ooh,covered,1
0.15,23,all,median_abs_relative_bias,0.4616227002
0.15,23,all,spearman,0.4
0.15,23,all,regret,2.378682892
0.15,23,all,beats_status_quo,0
0.15,23,all,achievable_lift_share,0.01169060318
0.15,23,all,shortfall_from_optimum_share,0.02780823777
0.15,23,all,loss_vs_status_quo_share,0.01611763459
0.15,23,all,n_agreeing,3
0.15,24,tv,relative_bias,0.2588480025
0.15,24,tv,covered,1
0.15,24,video,relative_bias,0.2248425649
0.15,24,video,covered,1
0.15,24,search,relative_bias,0.2071704692
0.15,24,search,covered,1
0.15,24,social,relative_bias,0.4231017632
0.15,24,social,covered,1
0.15,24,ooh,relative_bias,4.212326104
0.15,24,ooh,covered,1
0.15,24,all,median_abs_relative_bias,0.2588480025
0.15,24,all,spearman,0.9
0.15,24,all,regret,0.8613451518
0.15,24,all,beats_status_quo,1
0.15,24,all,achievable_lift_share,0.01180474597
0.15,24,all,shortfall_from_optimum_share,0.01016796071
0.15,24,all,loss_vs_status_quo_share,-0.001636785261
0.15,24,all,n_agreeing,3
0.15,25,tv,relative_bias,-0.3981265199
0.15,25,tv,covered,0
0.15,25,video,relative_bias,-0.7843607508
0.15,25,video,covered,0
0.15,25,search,relative_bias,-0.800097993
0.15,25,search,covered,0
0.15,25,social,relative_bias,-0.2068381075
0.15,25,social,covered,1
0.15,25,ooh,relative_bias,6.80715103
0.15,25,ooh,covered,0
0.15,25,all,median_abs_relative_bias,0.7843607508
0.15,25,all,spearman,-0.3
0.15,25,all,regret,5.657981556
0.15,25,all,beats_status_quo,0
0.15,25,all,achievable_lift_share,0.01165141985
0.15,25,all,shortfall_from_optimum_share,0.06592351863
0.15,25,all,loss_vs_status_quo_share,0.05427209877
0.15,25,all,n_agreeing,3
0.15,26,tv,relative_bias,-0.24049808
0.15,26,tv,covered,1
0.15,26,video,relative_bias,3.19057314
0.15,26,video,covered,0
0.15,26,search,relative_bias,2.171850049
0.15,26,search,covered,0
0.15,26,social,relative_bias,0.3985345327
0.15,26,social,covered,1
0.15,26,ooh,relative_bias,0.1749182309
0.15,26,ooh,covered,1
0.15,26,all,median_abs_relative_bias,0.3985345327
0.15,26,all,spearman,0.7
0.15,26,all,regret,1.781148738
0.15,26,all,beats_status_quo,0
0.15,26,all,achievable_lift_share,0.01171204242
0.15,26,all,shortfall_from_optimum_share,0.02086088957
0.15,26,all,loss_vs_status_quo_share,0.009148847157
0.15,26,all,n_agreeing,3
0.15,27,tv,relative_bias,-0.1260759435
0.15,27,tv,covered,1
0.15,27,video,relative_bias,-0.6355529124
0.15,27,video,covered,0
0.15,27,search,relative_bias,2.970763318
0.15,27,search,covered,1
0.15,27,social,relative_bias,2.45808577
0.15,27,social,covered,1
0.15,27,ooh,relative_bias,-1
0.15,27,ooh,covered,1
0.15,27,all,median_abs_relative_bias,1
0.15,27,all,spearman,0.2
0.15,27,all,regret,2.423318959
0.15,27,all,beats_status_quo,0
0.15,27,all,achievable_lift_share,0.01172639322
0.15,27,all,shortfall_from_optimum_share,0.02841679102
0.15,27,all,loss_vs_status_quo_share,0.0166903978
0.15,27,all,n_agreeing,3
0.15,28,tv,relative_bias,0.08797273649
0.15,28,tv,covered,1
0.15,28,video,relative_bias,1.212632471
0.15,28,video,covered,0
0.15,28,search,relative_bias,0.08826394641
0.15,28,search,covered,1
0.15,28,social,relative_bias,0.6198236244
0.15,28,social,covered,1
0.15,28,ooh,relative_bias,-1
0.15,28,ooh,covered,0
0.15,28,all,median_abs_relative_bias,0.6198236244
0.15,28,all,spearman,0.9
0.15,28,all,regret,0.7016363301
0.15,28,all,beats_status_quo,1
0.15,28,all,achievable_lift_share,0.01159605955
0.15,28,all,shortfall_from_optimum_share,0.008136216665
0.15,28,all,loss_vs_status_quo_share,-0.003459842883
0.15,28,all,n_agreeing,3
0.15,29,tv,relative_bias,-0.4476828574
0.15,29,tv,covered,0
0.15,29,video,relative_bias,-0.5902541006
0.15,29,video,covered,0
0.15,29,search,relative_bias,-0.7545190687
0.15,29,search,covered,0
0.15,29,social,relative_bias,-0.2788308198
0.15,29,social,covered,1
0.15,29,ooh,relative_bias,0.8386579356
0.15,29,ooh,covered,1
0.15,29,all,median_abs_relative_bias,0.5902541006
0.15,29,all,spearman,0.7
0.15,29,all,regret,5.302920948
0.15,29,all,beats_status_quo,0
0.15,29,all,achievable_lift_share,0.01164683894
0.15,29,all,shortfall_from_optimum_share,0.06176226619
0.15,29,all,loss_vs_status_quo_share,0.05011542725
0.15,29,all,n_agreeing,3
0.15,30,tv,relative_bias,-0.2730456042
0.15,30,tv,covered,0
0.15,30,video,relative_bias,-0.3826290018
0.15,30,video,covered,0
0.15,30,search,relative_bias,-0.6386526714
0.15,30,search,covered,0
0.15,30,social,relative_bias,-1
0.15,30,social,covered,0
0.15,30,ooh,relative_bias,3.951867157
0.15,30,ooh,covered,0
0.15,30,all,median_abs_relative_bias,0.6386526714
0.15,30,all,spearman,0.4
0.15,30,all,regret,5.771503645
0.15,30,all,beats_status_quo,0
0.15,30,all,achievable_lift_share,0.0118450015
0.15,30,all,shortfall_from_optimum_share,0.06836346932
0.15,30,all,loss_vs_status_quo_share,0.05651846782
0.15,30,all,n_agreeing,3
0.15,31,tv,relative_bias,0.05569804237
0.15,31,tv,covered,1
0.15,31,video,relative_bias,-0.4562848814
0.15,31,video,covered,0
0.15,31,search,relative_bias,-0.1321165697
0.15,31,search,covered,1
0.15,31,social,relative_bias,-0.005844616445
0.15,31,social,covered,1
0.15,31,ooh,relative_bias,-1
0.15,31,ooh,covered,1
0.15,31,all,median_abs_relative_bias,0.1321165697
0.15,31,all,spearman,0.7
0.15,31,all,regret,1.656503722
0.15,31,all,beats_status_quo,0
0.15,31,all,achievable_lift_share,0.01179236504
0.15,31,all,shortfall_from_optimum_share,0.01953409658
0.15,31,all,loss_vs_status_quo_share,0.007741731538
0.15,31,all,n_agreeing,3
0.15,32,tv,relative_bias,-0.6477389495
0.15,32,tv,covered,0
0.15,32,video,relative_bias,0.5240775856
0.15,32,video,covered,1
0.15,32,search,relative_bias,0.4017512051
0.15,32,search,covered,1
0.15,32,social,relative_bias,-0.1884682022
0.15,32,social,covered,1
0.15,32,ooh,relative_bias,0.2943755149
0.15,32,ooh,covered,1
0.15,32,all,median_abs_relative_bias,0.4017512051
0.15,32,all,spearman,0.7
0.15,32,all,regret,5.907934645
0.15,32,all,beats_status_quo,0
0.15,32,all,achievable_lift_share,0.01166041631
0.15,32,all,shortfall_from_optimum_share,0.06888897752
0.15,32,all,loss_vs_status_quo_share,0.0572285612
0.15,32,all,n_agreeing,3
0.15,33,tv,relative_bias,-0.6865914858
0.15,33,tv,covered,0
0.15,33,video,relative_bias,0.2991595343
0.15,33,video,covered,1
0.15,33,search,relative_bias,-0.1348010806
0.15,33,search,covered,1
0.15,33,social,relative_bias,-0.7097970813
0.15,33,social,covered,0
0.15,33,ooh,relative_bias,0.5519806755
0.15,33,ooh,covered,1
0.15,33,all,median_abs_relative_bias,0.5519806755
0.15,33,all,spearman,0.6
0.15,33,all,regret,4.669095155
0.15,33,all,beats_status_quo,0
0.15,33,all,achievable_lift_share,0.01188744513
0.15,33,all,shortfall_from_optimum_share,0.05550361245
0.15,33,all,loss_vs_status_quo_share,0.04361616732
0.15,33,all,n_agreeing,3
0.15,34,tv,relative_bias,0.8464670268
0.15,34,tv,covered,0
0.15,34,video,relative_bias,0.1184334299
0.15,34,video,covered,1
0.15,34,search,relative_bias,-0.4835550704
0.15,34,search,covered,0
0.15,34,social,relative_bias,0.6315759575
0.15,34,social,covered,1
0.15,34,ooh,relative_bias,-0.9982932748
0.15,34,ooh,covered,1
0.15,34,all,median_abs_relative_bias,0.6315759575
0.15,34,all,spearman,0.9
0.15,34,all,regret,0.06748546039
0.15,34,all,beats_status_quo,1
0.15,34,all,achievable_lift_share,0.01196132619
0.15,34,all,shortfall_from_optimum_share,0.0008072156046
0.15,34,all,loss_vs_status_quo_share,-0.01115411058
0.15,34,all,n_agreeing,3
0.15,35,tv,relative_bias,1.360794353
0.15,35,tv,covered,0
0.15,35,video,relative_bias,1.90544828
0.15,35,video,covered,0
0.15,35,search,relative_bias,-0.003395416086
0.15,35,search,covered,1
0.15,35,social,relative_bias,-0.5382836033
0.15,35,social,covered,0
0.15,35,ooh,relative_bias,3.858795056
0.15,35,ooh,covered,0
0.15,35,all,median_abs_relative_bias,1.360794353
0.15,35,all,spearman,0.7
0.15,35,all,regret,4.872856673
0.15,35,all,beats_status_quo,0
0.15,35,all,achievable_lift_share,0.01179022712
0.15,35,all,shortfall_from_optimum_share,0.05745208689
0.15,35,all,loss_vs_status_quo_share,0.04566185977
0.15,35,all,n_agreeing,3
0.15,36,tv,relative_bias,0.5721660336
0.15,36,tv,covered,1
0.15,36,video,relative_bias,0.07602426716
0.15,36,video,covered,1
0.15,36,search,relative_bias,-0.8142327117
0.15,36,search,covered,0
0.15,36,social,relative_bias,3.628367161
0.15,36,social,covered,0
0.15,36,ooh,relative_bias,0.1326248843
0.15,36,ooh,covered,1
0.15,36,all,median_abs_relative_bias,0.5721660336
0.15,36,all,spearman,0.5
0.15,36,all,regret,5.271661574
0.15,36,all,beats_status_quo,0
0.15,36,all,achievable_lift_share,0.01157508025
0.15,36,all,shortfall_from_optimum_share,0.06101990575
0.15,36,all,loss_vs_status_quo_share,0.04944482551
0.15,36,all,n_agreeing,3
0.15,37,tv,relative_bias,-0.4412481788
0.15,37,tv,covered,0
0.15,37,video,relative_bias,-0.05996365122
0.15,37,video,covered,1
0.15,37,search,relative_bias,0.7836360039
0.15,37,search,covered,1
0.15,37,social,relative_bias,-0.8967660835
0.15,37,social,covered,0
0.15,37,ooh,relative_bias,0.4427102617
0.15,37,ooh,covered,1
0.15,37,all,median_abs_relative_bias,0.4427102617
0.15,37,all,spearman,0.6
0.15,37,all,regret,3.146292203
0.15,37,all,beats_status_quo,0
0.15,37,all,achievable_lift_share,0.01191628056
0.15,37,all,shortfall_from_optimum_share,0.03749210061
0.15,37,all,loss_vs_status_quo_share,0.02557582005
0.15,37,all,n_agreeing,3
0.15,38,tv,relative_bias,-0.408993023
0.15,38,tv,covered,0
0.15,38,video,relative_bias,0.1473484816
0.15,38,video,covered,1
0.15,38,search,relative_bias,-0.6342527048
0.15,38,search,covered,1
0.15,38,social,relative_bias,-1
0.15,38,social,covered,0
0.15,38,ooh,relative_bias,-1
0.15,38,ooh,covered,1
0.15,38,all,median_abs_relative_bias,0.6342527048
0.15,38,all,spearman,0.8720815993
0.15,38,all,regret,1.305338472
0.15,38,all,beats_status_quo,0
0.15,38,all,achievable_lift_share,0.01178424542
0.15,38,all,shortfall_from_optimum_share,0.0153824289
0.15,38,all,loss_vs_status_quo_share,0.003598183489
0.15,38,all,n_agreeing,3
0.15,39,tv,relative_bias,0.3992550895
0.15,39,tv,covered,1
0.15,39,video,relative_bias,0.4031484075
0.15,39,video,covered,1
0.15,39,search,relative_bias,-1
0.15,39,search,covered,1
0.15,39,social,relative_bias,-0.635927268
0.15,39,social,covered,1
0.15,39,ooh,relative_bias,2.763582192
0.15,39,ooh,covered,1
0.15,39,all,median_abs_relative_bias,0.635927268
0.15,39,all,spearman,0.6
0.15,39,all,regret,3.30248533
0.15,39,all,beats_status_quo,0
0.15,39,all,achievable_lift_share,0.01191646774
0.15,39,all,shortfall_from_optimum_share,0.03935395991
0.15,39,all,loss_vs_status_quo_share,0.02743749217
0.15,39,all,n_agreeing,3
0.15,40,tv,relative_bias,-0.2169980867
0.15,40,tv,covered,0
0.15,40,video,relative_bias,-0.5662025309
0.15,40,video,covered,0
0.15,40,search,relative_bias,-0.5547142383
0.15,40,search,covered,0
0.15,40,social,relative_bias,-1
0.15,40,social,covered,0
0.15,40,ooh,relative_bias,-1
0.15,40,ooh,covered,1
0.15,40,all,median_abs_relative_bias,0.5662025309
0.15,40,all,spearman,0.9746794345
0.15,40,all,regret,6.495320992
0.15,40,all,beats_status_quo,0
0.15,40,all,achievable_lift_share,0.01195870067
0.15,40,all,shortfall_from_optimum_share,0.0776755995
0.15,40,all,loss_vs_status_quo_share,0.06571689883
0.15,40,all,n_agreeing,3
0.15,41,tv,relative_bias,0.3760325054
0.15,41,tv,covered,0
0.15,41,video,relative_bias,-0.6202632906
0.15,41,video,covered,0
0.15,41,search,relative_bias,-0.3522775274
0.15,41,search,covered,0
0.15,41,social,relative_bias,-1
0.15,41,social,covered,1
0.15,41,ooh,relative_bias,-0.6427042041
0.15,41,ooh,covered,1
0.15,41,all,median_abs_relative_bias,0.6202632906
0.15,41,all,spearman,0.8
0.15,41,all,regret,5.467167063
0.15,41,all,beats_status_quo,0
0.15,41,all,achievable_lift_share,0.01181486888
0.15,41,all,shortfall_from_optimum_share,0.06459386199
0.15,41,all,loss_vs_status_quo_share,0.05277899311
0.15,41,all,n_agreeing,3
0.15,42,tv,relative_bias,-0.5634305087
0.15,42,tv,covered,0
0.15,42,video,relative_bias,-0.5877907071
0.15,42,video,covered,0
0.15,42,search,relative_bias,-0.675624196
0.15,42,search,covered,0
0.15,42,social,relative_bias,-0.568573991
0.15,42,social,covered,0
0.15,42,ooh,relative_bias,-0.9607485154
0.15,42,ooh,covered,0
0.15,42,all,median_abs_relative_bias,0.5877907071
0.15,42,all,spearman,1
0.15,42,all,regret,0.6398003491
0.15,42,all,beats_status_quo,1
0.15,42,all,achievable_lift_share,0.01229563415
0.15,42,all,shortfall_from_optimum_share,0.00786675102
0.15,42,all,loss_vs_status_quo_share,-0.004428883129
0.15,42,all,n_agreeing,3
0.15,43,tv,relative_bias,0.9958943358
0.15,43,tv,covered,0
0.15,43,video,relative_bias,-0.8506459583
0.15,43,video,covered,0
0.15,43,search,relative_bias,-1
0.15,43,search,covered,1
0.15,43,social,relative_bias,-0.992458486
0.15,43,social,covered,0
0.15,43,ooh,relative_bias,-1
0.15,43,ooh,covered,1
0.15,43,all,median_abs_relative_bias,0.9958943358
0.15,43,all,spearman,0.8207826817
0.15,43,all,regret,3.775957103
0.15,43,all,beats_status_quo,0
0.15,43,all,achievable_lift_share,0.01198096268
0.15,43,all,shortfall_from_optimum_share,0.04523960115
0.15,43,all,loss_vs_status_quo_share,0.03325863847
0.15,43,all,n_agreeing,3
0.15,44,tv,relative_bias,3.14557155
0.15,44,tv,covered,0
0.15,44,video,relative_bias,-0.02756338263
0.15,44,video,covered,1
0.15,44,search,relative_bias,-0.5839987619
0.15,44,search,covered,0
0.15,44,social,relative_bias,3.989264225
0.15,44,social,covered,0
0.15,44,ooh,relative_bias,0.4060466198
0.15,44,ooh,covered,1
0.15,44,all,median_abs_relative_bias,0.5839987619
0.15,44,all,spearman,0.7
0.15,44,all,regret,3.333710405
0.15,44,all,beats_status_quo,0
0.15,44,all,achievable_lift_share,0.01140680346
0.15,44,all,shortfall_from_optimum_share,0.0380269794
0.15,44,all,loss_vs_status_quo_share,0.02662017594
0.15,44,all,n_agreeing,3
0.15,45,tv,relative_bias,0.5881266896
0.15,45,tv,covered,1
0.15,45,video,relative_bias,-0.6802420146
0.15,45,video,covered,0
0.15,45,search,relative_bias,0.1229486796
0.15,45,search,covered,1
0.15,45,social,relative_bias,-1
0.15,45,social,covered,0
0.15,45,ooh,relative_bias,-0.9571003363
0.15,45,ooh,covered,1
0.15,45,all,median_abs_relative_bias,0.6802420146
0.15,45,all,spearman,0.8
0.15,45,all,regret,3.186771577
0.15,45,all,beats_status_quo,0
0.15,45,all,achievable_lift_share,0.01176838624
0.15,45,all,shortfall_from_optimum_share,0.03750315878
0.15,45,all,loss_vs_status_quo_share,0.02573477254
0.15,45,all,n_agreeing,3
0.15,46,tv,relative_bias,-0.2447680039
0.15,46,tv,covered,0
0.15,46,video,relative_bias,-0.7729535338
0.15,46,video,covered,0
0.15,46,search,relative_bias,-0.5580174513
0.15,46,search,covered,1
0.15,46,social,relative_bias,-0.2265146028
0.15,46,social,covered,1
0.15,46,ooh,relative_bias,0.0715703885
0.15,46,ooh,covered,1
0.15,46,all,median_abs_relative_bias,0.2447680039
0.15,46,all,spearman,0.6
0.15,46,all,regret,4.08715763
0.15,46,all,beats_status_quo,0
0.15,46,all,achievable_lift_share,0.01170672698
0.15,46,all,shortfall_from_optimum_share,0.0478472385
0.15,46,all,loss_vs_status_quo_share,0.03614051152
0.15,46,all,n_agreeing,3
0.15,47,tv,relative_bias,-0.0433407542
0.15,47,tv,covered,1
0.15,47,video,relative_bias,0.04093668127
0.15,47,video,covered,1
0.15,47,search,relative_bias,-0.424377903
0.15,47,search,covered,0
0.15,47,social,relative_bias,-0.4163484206
0.15,47,social,covered,0
0.15,47,ooh,relative_bias,0.8011066786
0.15,47,ooh,covered,1
0.15,47,all,median_abs_relative_bias,0.4163484206
0.15,47,all,spearman,1
0.15,47,all,regret,1.487180375
0.15,47,all,beats_status_quo,0
0.15,47,all,achievable_lift_share,0.01188447633
0.15,47,all,shortfall_from_optimum_share,0.01767435997
0.15,47,all,loss_vs_status_quo_share,0.005789883635
0.15,47,all,n_agreeing,3
0.15,48,tv,relative_bias,0.1377882553
0.15,48,tv,covered,1
0.15,48,video,relative_bias,1.530025187
0.15,48,video,covered,1
0.15,48,search,relative_bias,-0.2298276796
0.15,48,search,covered,1
0.15,48,social,relative_bias,-0.4088226343
0.15,48,social,covered,0
0.15,48,ooh,relative_bias,-0.2963524837
0.15,48,ooh,covered,1
0.15,48,all,median_abs_relative_bias,0.2963524837
0.15,48,all,spearman,0.9
0.15,48,all,regret,0.971873463
0.15,48,all,beats_status_quo,1
0.15,48,all,achievable_lift_share,0.01181580303
0.15,48,all,shortfall_from_optimum_share,0.01148346541
0.15,48,all,loss_vs_status_quo_share,-0.0003323376209
0.15,48,all,n_agreeing,3
0.15,49,tv,relative_bias,0.5235445568
0.15,49,tv,covered,1
0.15,49,video,relative_bias,-0.5721349409
0.15,49,video,covered,0
0.15,49,search,relative_bias,0.1015533423
0.15,49,search,covered,1
0.15,49,social,relative_bias,-0.16177388
0.15,49,social,covered,1
0.15,49,ooh,relative_bias,3.579958234
0.15,49,ooh,covered,1
0.15,49,all,median_abs_relative_bias,0.5235445568
0.15,49,all,spearman,0.3
0.15,49,all,regret,2.631605602
0.15,49,all,beats_status_quo,0
0.15,49,all,achievable_lift_share,0.01167295765
0.15,49,all,shortfall_from_optimum_share,0.03071862074
0.15,49,all,loss_vs_status_quo_share,0.01904566309
0.15,49,all,n_agreeing,3
0.15,50,tv,relative_bias,-0.4400257605
0.15,50,tv,covered,0
0.15,50,video,relative_bias,-0.5878928739
0.15,50,video,covered,0
0.15,50,search,relative_bias,-0.7388801005
0.15,50,search,covered,0
0.15,50,social,relative_bias,-1
0.15,50,social,covered,1
0.15,50,ooh,relative_bias,0.2718773731
0.15,50,ooh,covered,1
0.15,50,all,median_abs_relative_bias,0.5878928739
0.15,50,all,spearman,0.7
0.15,50,all,regret,5.753897405
0.15,50,all,beats_status_quo,0
0.15,50,all,achievable_lift_share,0.0121322971
0.15,50,all,shortfall_from_optimum_share,0.06980799282
0.15,50,all,loss_vs_status_quo_share,0.05767569572
0.15,50,all,n_agreeing,3
0.15,51,tv,relative_bias,0.8291501505
0.15,51,tv,covered,0
0.15,51,video,relative_bias,-0.1178977397
0.15,51,video,covered,1
0.15,51,search,relative_bias,-1
0.15,51,search,covered,1
0.15,51,social,relative_bias,-0.1170051335
0.15,51,social,covered,1
0.15,51,ooh,relative_bias,1.112071128
0.15,51,ooh,covered,1
0.15,51,all,median_abs_relative_bias,0.8291501505
0.15,51,all,spearman,0.7
0.15,51,all,regret,4.718043495
0.15,51,all,beats_status_quo,0
0.15,51,all,achievable_lift_share,0.01167599091
0.15,51,all,shortfall_from_optimum_share,0.05508783294
0.15,51,all,loss_vs_status_quo_share,0.04341184204
0.15,51,all,n_agreeing,3
0.15,52,tv,relative_bias,-0.8338143811
0.15,52,tv,covered,0
0.15,52,video,relative_bias,-0.3052607853
0.15,52,video,covered,1
0.15,52,search,relative_bias,-1
0.15,52,search,covered,0
0.15,52,social,relative_bias,-1
0.15,52,social,covered,0
0.15,52,ooh,relative_bias,0.9430532729
0.15,52,ooh,covered,1
0.15,52,all,median_abs_relative_bias,0.9430532729
0.15,52,all,spearman,0.1538967528
0.15,52,all,regret,7.121148306
0.15,52,all,beats_status_quo,0
0.15,52,all,achievable_lift_share,0.0116617069
0.15,52,all,shortfall_from_optimum_share,0.08304474433
0.15,52,all,loss_vs_status_quo_share,0.07138303743
0.15,52,all,n_agreeing,3
0.15,53,tv,relative_bias,0.4552247572
0.15,53,tv,covered,1
0.15,53,video,relative_bias,1.194138616
0.15,53,video,covered,0
0.15,53,search,relative_bias,-0.8515758734
0.15,53,search,covered,0
0.15,53,social,relative_bias,-0.4691291109
0.15,53,social,covered,0
0.15,53,ooh,relative_bias,-1
0.15,53,ooh,covered,1
0.15,53,all,median_abs_relative_bias,0.8515758734
0.15,53,all,spearman,0.9
0.15,53,all,regret,3.338529583
0.15,53,all,beats_status_quo,0
0.15,53,all,achievable_lift_share,0.01174162892
0.15,53,all,shortfall_from_optimum_share,0.03919977549
0.15,53,all,loss_vs_status_quo_share,0.02745814658
0.15,53,all,n_agreeing,3
0.15,54,tv,relative_bias,0.1782644782
0.15,54,tv,covered,1
0.15,54,video,relative_bias,0.205750691
0.15,54,video,covered,1
0.15,54,search,relative_bias,-0.6506729767
0.15,54,search,covered,0
0.15,54,social,relative_bias,0.1125832048
0.15,54,social,covered,1
0.15,54,ooh,relative_bias,-0.02998951864
0.15,54,ooh,covered,1
0.15,54,all,median_abs_relative_bias,0.1782644782
0.15,54,all,spearman,0.9
0.15,54,all,regret,2.637269868
0.15,54,all,beats_status_quo,0
0.15,54,all,achievable_lift_share,0.0122350494
0.15,54,all,shortfall_from_optimum_share,0.03226712711
0.15,54,all,loss_vs_status_quo_share,0.02003207771
0.15,54,all,n_agreeing,3
0.15,55,tv,relative_bias,0.4938838861
0.15,55,tv,covered,1
0.15,55,video,relative_bias,1.369753015
0.15,55,video,covered,1
0.15,55,search,relative_bias,-0.7372625026
0.15,55,search,covered,0
0.15,55,social,relative_bias,-1
0.15,55,social,covered,0
0.15,55,ooh,relative_bias,-1
0.15,55,ooh,covered,1
0.15,55,all,median_abs_relative_bias,1
0.15,55,all,spearman,0.9746794345
0.15,55,all,regret,1.204430287
0.15,55,all,beats_status_quo,0
0.15,55,all,achievable_lift_share,0.01178746731
0.15,55,all,shortfall_from_optimum_share,0.01419718263
0.15,55,all,loss_vs_status_quo_share,0.002409715329
0.15,55,all,n_agreeing,3
0.15,56,tv,relative_bias,1.652072631
0.15,56,tv,covered,0
0.15,56,video,relative_bias,-0.1800911603
0.15,56,video,covered,1
0.15,56,search,relative_bias,1.404546069
0.15,56,search,covered,0
0.15,56,social,relative_bias,-1
0.15,56,social,covered,1
0.15,56,ooh,relative_bias,-0.8209730586
0.15,56,ooh,covered,1
0.15,56,all,median_abs_relative_bias,1
0.15,56,all,spearman,0.8
0.15,56,all,regret,1.265902315
0.15,56,all,beats_status_quo,0
0.15,56,all,achievable_lift_share,0.01224374967
0.15,56,all,shortfall_from_optimum_share,0.01549939106
0.15,56,all,loss_vs_status_quo_share,0.003255641385
0.15,56,all,n_agreeing,3
0.15,57,tv,relative_bias,0.1237816952
0.15,57,tv,covered,1
0.15,57,video,relative_bias,-0.5567666322
0.15,57,video,covered,0
0.15,57,search,relative_bias,-0.3164754449
0.15,57,search,covered,1
0.15,57,social,relative_bias,0.9518226621
0.15,57,social,covered,1
0.15,57,ooh,relative_bias,4.700135026
0.15,57,ooh,covered,1
0.15,57,all,median_abs_relative_bias,0.5567666322
0.15,57,all,spearman,0.1
0.15,57,all,regret,2.375723624
0.15,57,all,beats_status_quo,0
0.15,57,all,achievable_lift_share,0.01224517767
0.15,57,all,shortfall_from_optimum_share,0.02909115787
0.15,57,all,loss_vs_status_quo_share,0.0168459802
0.15,57,all,n_agreeing,3
0.15,58,tv,relative_bias,-0.6634544297
0.15,58,tv,covered,0
0.15,58,video,relative_bias,-0.6780862454
0.15,58,video,covered,0
0.15,58,search,relative_bias,0.3040603649
0.15,58,search,covered,1
0.15,58,social,relative_bias,-0.66621523
0.15,58,social,covered,1
0.15,58,ooh,relative_bias,-0.4234087804
0.15,58,ooh,covered,1
0.15,58,all,median_abs_relative_bias,0.6634544297
0.15,58,all,spearman,0.7
0.15,58,all,regret,7.006843693
0.15,58,all,beats_status_quo,0
0.15,58,all,achievable_lift_share,0.0116312257
0.15,58,all,shortfall_from_optimum_share,0.08149818045
0.15,58,all,loss_vs_status_quo_share,0.06986695475
0.15,58,all,n_agreeing,3
0.15,59,tv,relative_bias,2.021481573
0.15,59,tv,covered,0
0.15,59,video,relative_bias,-0.337058755
0.15,59,video,covered,0
0.15,59,search,relative_bias,-0.781779404
0.15,59,search,covered,0
0.15,59,social,relative_bias,0.1345320229
0.15,59,social,covered,1
0.15,59,ooh,relative_bias,0.057633377
0.15,59,ooh,covered,1
0.15,59,all,median_abs_relative_bias,0.337058755
0.15,59,all,spearman,0.7
0.15,59,all,regret,2.875548596
0.15,59,all,beats_status_quo,0
0.15,59,all,achievable_lift_share,0.01183151949
0.15,59,all,shortfall_from_optimum_share,0.03402210926
0.15,59,all,loss_vs_status_quo_share,0.02219058977
0.15,59,all,n_agreeing,3
0.15,60,tv,relative_bias,3.158247822
0.15,60,tv,covered,0
0.15,60,video,relative_bias,-1
0.15,60,video,covered,0
0.15,60,search,relative_bias,-0.584985632
0.15,60,search,covered,0
0.15,60,social,relative_bias,-0.6508975163
0.15,60,social,covered,1
0.15,60,ooh,relative_bias,1.870780942
0.15,60,ooh,covered,1
0.15,60,all,median_abs_relative_bias,1
0.15,60,all,spearman,0.1
0.15,60,all,regret,3.222887348
0.15,60,all,beats_status_quo,0
0.15,60,all,achievable_lift_share,0.01195835385
0.15,60,all,shortfall_from_optimum_share,0.03854042733
0.15,60,all,loss_vs_status_quo_share,0.02658207348
0.15,60,all,n_agreeing,3
0.15,61,tv,relative_bias,0.09148898318
0.15,61,tv,covered,1
0.15,61,video,relative_bias,-0.6838758771
0.15,61,video,covered,0
0.15,61,search,relative_bias,1.218845267
0.15,61,search,covered,0
0.15,61,social,relative_bias,0.0761693063
0.15,61,social,covered,1
0.15,61,ooh,relative_bias,0.643882918
0.15,61,ooh,covered,1
0.15,61,all,median_abs_relative_bias,0.643882918
0.15,61,all,spearman,0.7
0.15,61,all,regret,4.049058624
0.15,61,all,beats_status_quo,0
0.15,61,all,achievable_lift_share,0.0118147968
0.15,61,all,shortfall_from_optimum_share,0.04783880488
0.15,61,all,loss_vs_status_quo_share,0.03602400808
0.15,61,all,n_agreeing,3
0.15,62,tv,relative_bias,-0.3046835903
0.15,62,tv,covered,0
0.15,62,video,relative_bias,-0.582803004
0.15,62,video,covered,0
0.15,62,search,relative_bias,1.874786186
0.15,62,search,covered,1
0.15,62,social,relative_bias,2.645733136
0.15,62,social,covered,1
0.15,62,ooh,relative_bias,-0.2549496731
0.15,62,ooh,covered,1
0.15,62,all,median_abs_relative_bias,0.582803004
0.15,62,all,spearman,0.2
0.15,62,all,regret,2.582755161
0.15,62,all,beats_status_quo,0
0.15,62,all,achievable_lift_share,0.01198636779
0.15,62,all,shortfall_from_optimum_share,0.03095785328
0.15,62,all,loss_vs_status_quo_share,0.01897148549
0.15,62,all,n_agreeing,3
0.15,63,tv,relative_bias,-0.5633917769
0.15,63,tv,covered,0
0.15,63,video,relative_bias,0.8249174968
0.15,63,video,covered,0
0.15,63,search,relative_bias,2.280375808
0.15,63,search,covered,0
0.15,63,social,relative_bias,-0.2412531015
0.15,63,social,covered,1
0.15,63,ooh,relative_bias,15.49344851
0.15,63,ooh,covered,0
0.15,63,all,median_abs_relative_bias,0.8249174968
0.15,63,all,spearman,-0.4
0.15,63,all,regret,4.921852786
0.15,63,all,beats_status_quo,0
0.15,63,all,achievable_lift_share,0.01176581219
0.15,63,all,shortfall_from_optimum_share,0.05790959551
0.15,63,all,loss_vs_status_quo_share,0.04614378332
0.15,63,all,n_agreeing,3
0.15,64,tv,relative_bias,0.178355411
0.15,64,tv,covered,1
0.15,64,video,relative_bias,0.4092986834
0.15,64,video,covered,1
0.15,64,search,relative_bias,-0.6482281846
0.15,64,search,covered,0
0.15,64,social,relative_bias,3.523656774
0.15,64,social,covered,0
0.15,64,ooh,relative_bias,1.217574652
0.15,64,ooh,covered,1
0.15,64,all,median_abs_relative_bias,0.6482281846
0.15,64,all,spearman,0.2
0.15,64,all,regret,2.985597355
0.15,64,all,beats_status_quo,0
0.15,64,all,achievable_lift_share,0.01192648008
0.15,64,all,shortfall_from_optimum_share,0.03560766739
0.15,64,all,loss_vs_status_quo_share,0.02368118731
0.15,64,all,n_agreeing,3
0.15,65,tv,relative_bias,0.09613461606
0.15,65,tv,covered,1
0.15,65,video,relative_bias,0.7481798239
0.15,65,video,covered,1
0.15,65,search,relative_bias,-0.719641979
0.15,65,search,covered,0
0.15,65,social,relative_bias,-0.9327802627
0.15,65,social,covered,0
0.15,65,ooh,relative_bias,2.304866563
0.15,65,ooh,covered,0
0.15,65,all,median_abs_relative_bias,0.7481798239
0.15,65,all,spearman,0.7
0.15,65,all,regret,3.672796753
0.15,65,all,beats_status_quo,0
0.15,65,all,achievable_lift_share,0.01197470605
0.15,65,all,shortfall_from_optimum_share,0.0439806615
0.15,65,all,loss_vs_status_quo_share,0.03200595545
0.15,65,all,n_agreeing,3
0.15,66,tv,relative_bias,-0.06506459095
0.15,66,tv,covered,1
0.15,66,video,relative_bias,-0.488151522
0.15,66,video,covered,0
0.15,66,search,relative_bias,-0.9285040934
0.15,66,search,covered,0
0.15,66,social,relative_bias,-1
0.15,66,social,covered,1
0.15,66,ooh,relative_bias,5.233293367
0.15,66,ooh,covered,0
0.15,66,all,median_abs_relative_bias,0.9285040934
0.15,66,all,spearman,0.4
0.15,66,all,regret,3.455863103
0.15,66,all,beats_status_quo,0
0.15,66,all,achievable_lift_share,0.01177351098
0.15,66,all,shortfall_from_optimum_share,0.0406876422
0.15,66,all,loss_vs_status_quo_share,0.02891413122
0.15,66,all,n_agreeing,3
0.15,67,tv,relative_bias,-0.7441670247
0.15,67,tv,covered,0
0.15,67,video,relative_bias,-0.748020904
0.15,67,video,covered,0
0.15,67,search,relative_bias,1.769982168
0.15,67,search,covered,0
0.15,67,social,relative_bias,-0.7050454684
0.15,67,social,covered,0
0.15,67,ooh,relative_bias,-0.5503472637
0.15,67,ooh,covered,1
0.15,67,all,median_abs_relative_bias,0.7441670247
0.15,67,all,spearman,0.7
0.15,67,all,regret,6.425565683
0.15,67,all,beats_status_quo,0
0.15,67,all,achievable_lift_share,0.01190610173
0.15,67,all,shortfall_from_optimum_share,0.07650343867
0.15,67,all,loss_vs_status_quo_share,0.06459733694
0.15,67,all,n_agreeing,3
0.15,68,tv,relative_bias,-0.5249721501
0.15,68,tv,covered,0
0.15,68,video,relative_bias,-0.655786056
0.15,68,video,covered,0
0.15,68,search,relative_bias,-0.3696220832
0.15,68,search,covered,0
0.15,68,social,relative_bias,-1
0.15,68,social,covered,0
0.15,68,ooh,relative_bias,-0.8658739605
0.15,68,ooh,covered,1
0.15,68,all,median_abs_relative_bias,0.655786056
0.15,68,all,spearman,0.8
0.15,68,all,regret,3.993590202
0.15,68,all,beats_status_quo,0
0.15,68,all,achievable_lift_share,0.01145640136
0.15,68,all,shortfall_from_optimum_share,0.04575217222
0.15,68,all,loss_vs_status_quo_share,0.03429577086
0.15,68,all,n_agreeing,3
0.15,69,tv,relative_bias,0.0461825326
0.15,69,tv,covered,1
0.15,69,video,relative_bias,0.04658605177
0.15,69,video,covered,1
0.15,69,search,relative_bias,1.060317689
0.15,69,search,covered,1
0.15,69,social,relative_bias,4.754384044
0.15,69,social,covered,0
0.15,69,ooh,relative_bias,0.2292809095
0.15,69,ooh,covered,1
0.15,69,all,median_abs_relative_bias,0.2292809095
0.15,69,all,spearman,0.3
0.15,69,all,regret,1.899030951
0.15,69,all,beats_status_quo,0
0.15,69,all,achievable_lift_share,0.01183806393
0.15,69,all,shortfall_from_optimum_share,0.0224808498
0.15,69,all,loss_vs_status_quo_share,0.01064278587
0.15,69,all,n_agreeing,3
0.15,70,tv,relative_bias,-0.5022492432
0.15,70,tv,covered,0
0.15,70,video,relative_bias,0.7796417672
0.15,70,video,covered,1
0.15,70,search,relative_bias,-0.8072484521
0.15,70,search,covered,0
0.15,70,social,relative_bias,0.5277752636
0.15,70,social,covered,1
0.15,70,ooh,relative_bias,5.764956253
0.15,70,ooh,covered,1
0.15,70,all,median_abs_relative_bias,0.7796417672
0.15,70,all,spearman,0.1
0.15,70,all,regret,3.087374807
0.15,70,all,beats_status_quo,0
0.15,70,all,achievable_lift_share,0.011710828
0.15,70,all,shortfall_from_optimum_share,0.03615571534
0.15,70,all,loss_vs_status_quo_share,0.02444488734
0.15,70,all,n_agreeing,3
0.15,71,tv,relative_bias,-0.2251623245
0.15,71,tv,covered,1
0.15,71,video,relative_bias,0.8731646468
0.15,71,video,covered,1
0.15,71,search,relative_bias,-0.6333405118
0.15,71,search,covered,0
0.15,71,social,relative_bias,0.9112445634
0.15,71,social,covered,1
0.15,71,ooh,relative_bias,2.207554044
0.15,71,ooh,covered,1
0.15,71,all,median_abs_relative_bias,0.8731646468
0.15,71,all,spearman,0.6
0.15,71,all,regret,3.519910462
0.15,71,all,beats_status_quo,0
0.15,71,all,achievable_lift_share,0.01187432395
0.15,71,all,shortfall_from_optimum_share,0.04179655711
0.15,71,all,loss_vs_status_quo_share,0.02992223316
0.15,71,all,n_agreeing,3
0.15,72,tv,relative_bias,-0.1553112797
0.15,72,tv,covered,1
0.15,72,video,relative_bias,-0.6167768109
0.15,72,video,covered,0
0.15,72,search,relative_bias,0.5382057465
0.15,72,search,covered,1
0.15,72,social,relative_bias,-0.5919163031
0.15,72,social,covered,1
0.15,72,ooh,relative_bias,0.1806033101
0.15,72,ooh,covered,1
0.15,72,all,median_abs_relative_bias,0.5382057465
0.15,72,all,spearman,0.9
0.15,72,all,regret,2.237459134
0.15,72,all,beats_status_quo,0
0.15,72,all,achievable_lift_share,0.01181049836
0.15,72,all,shortfall_from_optimum_share,0.02642550743
0.15,72,all,loss_vs_status_quo_share,0.01461500907
0.15,72,all,n_agreeing,3
0.15,73,tv,relative_bias,0.8422230472
0.15,73,tv,covered,1
0.15,73,video,relative_bias,0.1049402361
0.15,73,video,covered,1
0.15,73,search,relative_bias,-0.6615820616
0.15,73,search,covered,1
0.15,73,social,relative_bias,-0.7040449686
0.15,73,social,covered,0
0.15,73,ooh,relative_bias,1.369545041
0.15,73,ooh,covered,1
0.15,73,all,median_abs_relative_bias,0.7040449686
0.15,73,all,spearman,0.7
0.15,73,all,regret,2.376152461
0.15,73,all,beats_status_quo,0
0.15,73,all,achievable_lift_share,0.01202371737
0.15,73,all,shortfall_from_optimum_share,0.02857018561
0.15,73,all,loss_vs_status_quo_share,0.01654646824
0.15,73,all,n_agreeing,3
0.15,74,tv,relative_bias,-0.01819532984
0.15,74,tv,covered,1
0.15,74,video,relative_bias,-0.01653833365
0.15,74,video,covered,1
0.15,74,search,relative_bias,-0.4608845782
0.15,74,search,covered,1
0.15,74,social,relative_bias,-0.01771441072
0.15,74,social,covered,1
0.15,74,ooh,relative_bias,3.247978787
0.15,74,ooh,covered,0
0.15,74,all,median_abs_relative_bias,0.01819532984
0.15,74,all,spearman,0.6
0.15,74,all,regret,2.5679897
0.15,74,all,beats_status_quo,0
0.15,74,all,achievable_lift_share,0.01185849228
0.15,74,all,shortfall_from_optimum_share,0.03045248602
0.15,74,all,loss_vs_status_quo_share,0.01859399374
0.15,74,all,n_agreeing,3
0.15,75,tv,relative_bias,-0.3247982421
0.15,75,tv,covered,0
0.15,75,video,relative_bias,-0.7643387294
0.15,75,video,covered,0
0.15,75,search,relative_bias,0.9786314351
0.15,75,search,covered,1
0.15,75,social,relative_bias,-0.0569572546
0.15,75,social,covered,1
0.15,75,ooh,relative_bias,2.335039206
0.15,75,ooh,covered,1
0.15,75,all,median_abs_relative_bias,0.7643387294
0.15,75,all,spearman,0.1
0.15,75,all,regret,2.836257393
0.15,75,all,beats_status_quo,0
0.15,75,all,achievable_lift_share,0.01168896419
0.15,75,all,shortfall_from_optimum_share,0.03315291109
0.15,75,all,loss_vs_status_quo_share,0.02146394691
0.15,75,all,n_agreeing,3
0.15,76,tv,relative_bias,0.2508405178
0.15,76,tv,covered,1
0.15,76,video,relative_bias,-0.01343218899
0.15,76,video,covered,1
0.15,76,search,relative_bias,-0.280547649
0.15,76,search,covered,1
0.15,76,social,relative_bias,-0.8294363188
0.15,76,social,covered,0
0.15,76,ooh,relative_bias,0.4619697659
0.15,76,ooh,covered,1
0.15,76,all,median_abs_relative_bias,0.280547649
0.15,76,all,spearman,0.9
0.15,76,all,regret,7.5506558
0.15,76,all,beats_status_quo,0
0.15,76,all,achievable_lift_share,0.01179449036
0.15,76,all,shortfall_from_optimum_share,0.08905613703
0.15,76,all,loss_vs_status_quo_share,0.07726164667
0.15,76,all,n_agreeing,3
0.15,77,tv,relative_bias,1.420052095
0.15,77,tv,covered,0
0.15,77,video,relative_bias,0.05847849953
0.15,77,video,covered,1
0.15,77,search,relative_bias,-0.4807857294
0.15,77,search,covered,0
0.15,77,social,relative_bias,-0.5760519156
0.15,77,social,covered,0
0.15,77,ooh,relative_bias,1.19191884
0.15,77,ooh,covered,1
0.15,77,all,median_abs_relative_bias,0.5760519156
0.15,77,all,spearman,0.9
0.15,77,all,regret,2.461901944
0.15,77,all,beats_status_quo,0
0.15,77,all,achievable_lift_share,0.01187385612
0.15,77,all,shortfall_from_optimum_share,0.02923226946
0.15,77,all,loss_vs_status_quo_share,0.01735841334
0.15,77,all,n_agreeing,3
0.15,78,all,solve_failed,1
0.15,79,tv,relative_bias,0.1899487759
0.15,79,tv,covered,1
0.15,79,video,relative_bias,-0.3556847055
0.15,79,video,covered,0
0.15,79,search,relative_bias,-0.7594713185
0.15,79,search,covered,0
0.15,79,social,relative_bias,0.9277427271
0.15,79,social,covered,1
0.15,79,ooh,relative_bias,-1
0.15,79,ooh,covered,1
0.15,79,all,median_abs_relative_bias,0.7594713185
0.15,79,all,spearman,0.7
0.15,79,all,regret,3.46284999
0.15,79,all,beats_status_quo,0
0.15,79,all,achievable_lift_share,0.01189932895
0.15,79,all,shortfall_from_optimum_share,0.04120559113
0.15,79,all,loss_vs_status_quo_share,0.02930626219
0.15,79,all,n_agreeing,3
0.15,80,tv,relative_bias,-0.2681669538
0.15,80,tv,covered,0
0.15,80,video,relative_bias,1.111386266
0.15,80,video,covered,1
0.15,80,search,relative_bias,-0.3338188643
0.15,80,search,covered,1
0.15,80,social,relative_bias,0.03636927854
0.15,80,social,covered,1
0.15,80,ooh,relative_bias,6.965963695
0.15,80,ooh,covered,0
0.15,80,all,median_abs_relative_bias,0.3338188643
0.15,80,all,spearman,0.1
0.15,80,all,regret,1.478168451
0.15,80,all,beats_status_quo,0
0.15,80,all,achievable_lift_share,0.01165776868
0.15,80,all,shortfall_from_optimum_share,0.01723214588
0.15,80,all,loss_vs_status_quo_share,0.005574377192
0.15,80,all,n_agreeing,3
0.15,81,tv,relative_bias,1.234041044
0.15,81,tv,covered,0
0.15,81,video,relative_bias,1.27789615
0.15,81,video,covered,1
0.15,81,search,relative_bias,-0.388713708
0.15,81,search,covered,1
0.15,81,social,relative_bias,-1
0.15,81,social,covered,1
0.15,81,ooh,relative_bias,5.805983112
0.15,81,ooh,covered,0
0.15,81,all,median_abs_relative_bias,1.234041044
0.15,81,all,spearman,0.7
0.15,81,all,regret,1.629641081
0.15,81,all,beats_status_quo,0
0.15,81,all,achievable_lift_share,0.01231714936
0.15,81,all,shortfall_from_optimum_share,0.0200725326
0.15,81,all,loss_vs_status_quo_share,0.007755383241
0.15,81,all,n_agreeing,3
0.15,82,tv,relative_bias,-0.6717964002
0.15,82,tv,covered,0
0.15,82,video,relative_bias,-0.5374110126
0.15,82,video,covered,0
0.15,82,search,relative_bias,0.9830453003
0.15,82,search,covered,1
0.15,82,social,relative_bias,-0.8837430068
0.15,82,social,covered,0
0.15,82,ooh,relative_bias,0.7626590697
0.15,82,ooh,covered,1
0.15,82,all,median_abs_relative_bias,0.7626590697
0.15,82,all,spearman,0.6
0.15,82,all,regret,4.190294162
0.15,82,all,beats_status_quo,0
0.15,82,all,achievable_lift_share,0.01191949605
0.15,82,all,shortfall_from_optimum_share,0.04994619471
0.15,82,all,loss_vs_status_quo_share,0.03802669866
0.15,82,all,n_agreeing,3
0.15,83,tv,relative_bias,-0.294821608
0.15,83,tv,covered,0
0.15,83,video,relative_bias,2.566488308
0.15,83,video,covered,0
0.15,83,search,relative_bias,-0.9162271672
0.15,83,search,covered,0
0.15,83,social,relative_bias,-0.03967270423
0.15,83,social,covered,1
0.15,83,ooh,relative_bias,1.585405344
0.15,83,ooh,covered,1
0.15,83,all,median_abs_relative_bias,0.9162271672
0.15,83,all,spearman,0.6
0.15,83,all,regret,3.729198726
0.15,83,all,beats_status_quo,0
0.15,83,all,achievable_lift_share,0.01177571888
0.15,83,all,shortfall_from_optimum_share,0.04391399584
0.15,83,all,loss_vs_status_quo_share,0.03213827696
0.15,83,all,n_agreeing,3
0.15,84,tv,relative_bias,-0.2195094504
0.15,84,tv,covered,0
0.15,84,video,relative_bias,-0.1696043294
0.15,84,video,covered,1
0.15,84,search,relative_bias,1.826753128
0.15,84,search,covered,1
0.15,84,social,relative_bias,-1
0.15,84,social,covered,1
0.15,84,ooh,relative_bias,2.914692594
0.15,84,ooh,covered,1
0.15,84,all,median_abs_relative_bias,1
0.15,84,all,spearman,0.6
0.15,84,all,regret,1.47550504
0.15,84,all,beats_status_quo,0
0.15,84,all,achievable_lift_share,0.01137316844
0.15,84,all,shortfall_from_optimum_share,0.01678116735
0.15,84,all,loss_vs_status_quo_share,0.005407998914
0.15,84,all,n_agreeing,3
0.15,85,tv,relative_bias,-0.4136428583
0.15,85,tv,covered,0
0.15,85,video,relative_bias,1.208290632
0.15,85,video,covered,0
0.15,85,search,relative_bias,-0.1733732645
0.15,85,search,covered,1
0.15,85,social,relative_bias,-0.6413095114
0.15,85,social,covered,1
0.15,85,ooh,relative_bias,2.81489561
0.15,85,ooh,covered,0
0.15,85,all,median_abs_relative_bias,0.6413095114
0.15,85,all,spearman,0.8
0.15,85,all,regret,1.818565237
0.15,85,all,beats_status_quo,0
0.15,85,all,achievable_lift_share,0.01149106615
0.15,85,all,shortfall_from_optimum_share,0.02089725343
0.15,85,all,loss_vs_status_quo_share,0.00940618728
0.15,85,all,n_agreeing,3
0.15,86,tv,relative_bias,-0.4520541166
0.15,86,tv,covered,0
0.15,86,video,relative_bias,1.900264348
0.15,86,video,covered,0
0.15,86,search,relative_bias,-0.3211354391
0.15,86,search,covered,1
0.15,86,social,relative_bias,-0.3065151615
0.15,86,social,covered,1
0.15,86,ooh,relative_bias,-0.6292735287
0.15,86,ooh,covered,1
0.15,86,all,median_abs_relative_bias,0.4520541166
0.15,86,all,spearman,0.9
0.15,86,all,regret,4.755435881
0.15,86,all,beats_status_quo,0
0.15,86,all,achievable_lift_share,0.01177635199
0.15,86,all,shortfall_from_optimum_share,0.05600168681
0.15,86,all,loss_vs_status_quo_share,0.04422533482
0.15,86,all,n_agreeing,3
0.15,87,tv,relative_bias,0.3107021542
0.15,87,tv,covered,0
0.15,87,video,relative_bias,-0.641579259
0.15,87,video,covered,0
0.15,87,search,relative_bias,0.6895201211
0.15,87,search,covered,1
0.15,87,social,relative_bias,0.1822801312
0.15,87,social,covered,1
0.15,87,ooh,relative_bias,0.5751340439
0.15,87,ooh,covered,1
0.15,87,all,median_abs_relative_bias,0.5751340439
0.15,87,all,spearman,0.7
0.15,87,all,regret,2.368935006
0.15,87,all,beats_status_quo,0
0.15,87,all,achievable_lift_share,0.01161507
0.15,87,all,shortfall_from_optimum_share,0.02751534592
0.15,87,all,loss_vs_status_quo_share,0.01590027592
0.15,87,all,n_agreeing,3
0.15,88,tv,relative_bias,0.3286605796
0.15,88,tv,covered,1
0.15,88,video,relative_bias,-0.7195029104
0.15,88,video,covered,0
0.15,88,search,relative_bias,2.733939507
0.15,88,search,covered,0
0.15,88,social,relative_bias,-0.6294504431
0.15,88,social,covered,0
0.15,88,ooh,relative_bias,1.893571254
0.15,88,ooh,covered,1
0.15,88,all,median_abs_relative_bias,0.7195029104
0.15,88,all,spearman,0.3
0.15,88,all,regret,4.859683731
0.15,88,all,beats_status_quo,0
0.15,88,all,achievable_lift_share,0.01192383413
0.15,88,all,shortfall_from_optimum_share,0.05794606274
0.15,88,all,loss_vs_status_quo_share,0.04602222861
0.15,88,all,n_agreeing,3
0.15,89,tv,relative_bias,-0.3816516243
0.15,89,tv,covered,0
0.15,89,video,relative_bias,0.2432186951
0.15,89,video,covered,1
0.15,89,search,relative_bias,-1
0.15,89,search,covered,0
0.15,89,social,relative_bias,-0.09371987746
0.15,89,social,covered,1
0.15,89,ooh,relative_bias,1.579681462
0.15,89,ooh,covered,1
0.15,89,all,median_abs_relative_bias,0.3816516243
0.15,89,all,spearman,0.6
0.15,89,all,regret,3.77022577
0.15,89,all,beats_status_quo,0
0.15,89,all,achievable_lift_share,0.01201648724
0.15,89,all,shortfall_from_optimum_share,0.04530486984
0.15,89,all,loss_vs_status_quo_share,0.0332883826
0.15,89,all,n_agreeing,3
0.15,90,tv,relative_bias,-0.03601919281
0.15,90,tv,covered,1
0.15,90,video,relative_bias,-1
0.15,90,video,covered,0
0.15,90,search,relative_bias,1.574474736
0.15,90,search,covered,1
0.15,90,social,relative_bias,-0.5973207005
0.15,90,social,covered,1
0.15,90,ooh,relative_bias,0.9435466914
0.15,90,ooh,covered,1
0.15,90,all,median_abs_relative_bias,0.9435466914
0.15,90,all,spearman,0.1
0.15,90,all,regret,5.691032049
0.15,90,all,beats_status_quo,0
0.15,90,all,achievable_lift_share,0.01184489124
0.15,90,all,shortfall_from_optimum_share,0.06740965564
0.15,90,all,loss_vs_status_quo_share,0.0555647644
0.15,90,all,n_agreeing,3
0.15,91,tv,relative_bias,1.904837661
0.15,91,tv,covered,0
0.15,91,video,relative_bias,4.699447823
0.15,91,video,covered,0
0.15,91,search,relative_bias,0.5858206458
0.15,91,search,covered,1
0.15,91,social,relative_bias,0.339255622
0.15,91,social,covered,1
0.15,91,ooh,relative_bias,14.8997985
0.15,91,ooh,covered,0
0.15,91,all,median_abs_relative_bias,1.904837661
0.15,91,all,spearman,0.6
0.15,91,all,regret,1.000311084
0.15,91,all,beats_status_quo,0
0.15,91,all,achievable_lift_share,0.01217102401
0.15,91,all,shortfall_from_optimum_share,0.01217481022
0.15,91,all,loss_vs_status_quo_share,3.786206748e-06
0.15,91,all,n_agreeing,3
0.15,92,tv,relative_bias,0.7740300147
0.15,92,tv,covered,0
0.15,92,video,relative_bias,1.254137183
0.15,92,video,covered,0
0.15,92,search,relative_bias,1.082121568
0.15,92,search,covered,0
0.15,92,social,relative_bias,-0.2277205459
0.15,92,social,covered,1
0.15,92,ooh,relative_bias,1.86688004
0.15,92,ooh,covered,1
0.15,92,all,median_abs_relative_bias,1.082121568
0.15,92,all,spearman,0.9
0.15,92,all,regret,2.573334971
0.15,92,all,beats_status_quo,0
0.15,92,all,achievable_lift_share,0.01168078887
0.15,92,all,shortfall_from_optimum_share,0.03005858248
0.15,92,all,loss_vs_status_quo_share,0.01837779362
0.15,92,all,n_agreeing,3
0.15,93,tv,relative_bias,0.1148521977
0.15,93,tv,covered,1
0.15,93,video,relative_bias,1.825941688
0.15,93,video,covered,0
0.15,93,search,relative_bias,0.07593828161
0.15,93,search,covered,1
0.15,93,social,relative_bias,-0.1241279887
0.15,93,social,covered,1
0.15,93,ooh,relative_bias,2.339862886
0.15,93,ooh,covered,1
0.15,93,all,median_abs_relative_bias,0.1241279887
0.15,93,all,spearman,0.8
0.15,93,all,regret,0.863448395
0.15,93,all,beats_status_quo,1
0.15,93,all,achievable_lift_share,0.01228934488
0.15,93,all,shortfall_from_optimum_share,0.01061121512
0.15,93,all,loss_vs_status_quo_share,-0.001678129768
0.15,93,all,n_agreeing,3
0.15,94,tv,relative_bias,-0.3279215932
0.15,94,tv,covered,0
0.15,94,video,relative_bias,-0.7675761445
0.15,94,video,covered,0
0.15,94,search,relative_bias,-0.6397110163
0.15,94,search,covered,0
0.15,94,social,relative_bias,-0.6324544836
0.15,94,social,covered,1
0.15,94,ooh,relative_bias,-0.5792200069
0.15,94,ooh,covered,1
0.15,94,all,median_abs_relative_bias,0.6324544836
0.15,94,all,spearman,0.9
0.15,94,all,regret,4.802427467
0.15,94,all,beats_status_quo,0
0.15,94,all,achievable_lift_share,0.01202103431
0.15,94,all,shortfall_from_optimum_share,0.05773014535
0.15,94,all,loss_vs_status_quo_share,0.04570911104
0.15,94,all,n_agreeing,3
0.15,95,tv,relative_bias,1.310563124
0.15,95,tv,covered,0
0.15,95,video,relative_bias,-0.4959899238
0.15,95,video,covered,0
0.15,95,search,relative_bias,0.3740582493
0.15,95,search,covered,1
0.15,95,social,relative_bias,2.260597076
0.15,95,social,covered,1
0.15,95,ooh,relative_bias,2.013435556
0.15,95,ooh,covered,1
0.15,95,all,median_abs_relative_bias,1.310563124
0.15,95,all,spearman,0.3
0.15,95,all,regret,3.309076981
0.15,95,all,beats_status_quo,0
0.15,95,all,achievable_lift_share,0.01161804296
0.15,95,all,shortfall_from_optimum_share,0.03844499851
0.15,95,all,loss_vs_status_quo_share,0.02682695555
0.15,95,all,n_agreeing,3
0.15,96,tv,relative_bias,4.353086391
0.15,96,tv,covered,0
0.15,96,video,relative_bias,-0.5095191516
0.15,96,video,covered,0
0.15,96,search,relative_bias,0.1667484068
0.15,96,search,covered,1
0.15,96,social,relative_bias,0.447743215
0.15,96,social,covered,1
0.15,96,ooh,relative_bias,2.143638446
0.15,96,ooh,covered,0
0.15,96,all,median_abs_relative_bias,0.5095191516
0.15,96,all,spearman,0.4
0.15,96,all,regret,2.299481368
0.15,96,all,beats_status_quo,0
0.15,96,all,achievable_lift_share,0.01185813637
0.15,96,all,shortfall_from_optimum_share,0.02726756363
0.15,96,all,loss_vs_status_quo_share,0.01540942726
0.15,96,all,n_agreeing,3
0.15,97,tv,relative_bias,-0.5082268578
0.15,97,tv,covered,0
0.15,97,video,relative_bias,1.78751891
0.15,97,video,covered,0
0.15,97,search,relative_bias,0.14957944
0.15,97,search,covered,1
0.15,97,social,relative_bias,0.9263213831
0.15,97,social,covered,1
0.15,97,ooh,relative_bias,-0.1341349648
0.15,97,ooh,covered,1
0.15,97,all,median_abs_relative_bias,0.5082268578
0.15,97,all,spearman,0.3
0.15,97,all,regret,6.211298222
0.15,97,all,beats_status_quo,0
0.15,97,all,achievable_lift_share,0.01177390396
0.15,97,all,shortfall_from_optimum_share,0.07313122874
0.15,97,all,loss_vs_status_quo_share,0.06135732478
0.15,97,all,n_agreeing,3
0.15,98,tv,relative_bias,-0.2930851462
0.15,98,tv,covered,0
0.15,98,video,relative_bias,-0.3184672025
0.15,98,video,covered,1
0.15,98,search,relative_bias,-0.7740094127
0.15,98,search,covered,0
0.15,98,social,relative_bias,1.471553387
0.15,98,social,covered,0
0.15,98,ooh,relative_bias,0.566764544
0.15,98,ooh,covered,1
0.15,98,all,median_abs_relative_bias,0.566764544
0.15,98,all,spearman,0.2
0.15,98,all,regret,2.873015095
0.15,98,all,beats_status_quo,0
0.15,98,all,achievable_lift_share,0.01163518101
0.15,98,all,shortfall_from_optimum_share,0.03342805069
0.15,98,all,loss_vs_status_quo_share,0.02179286968
0.15,98,all,n_agreeing,3
0.15,99,tv,relative_bias,-0.5062708767
0.15,99,tv,covered,0
0.15,99,video,relative_bias,-0.2028661832
0.15,99,video,covered,0
0.15,99,search,relative_bias,-0.737860054
0.15,99,search,covered,0
0.15,99,social,relative_bias,-0.9385570663
0.15,99,social,covered,0
0.15,99,ooh,relative_bias,0.8583251304
0.15,99,ooh,covered,1
0.15,99,all,median_abs_relative_bias,0.737860054
0.15,99,all,spearman,0.7
0.15,99,all,regret,4.146434858
0.15,99,all,beats_status_quo,0
0.15,99,all,achievable_lift_share,0.01183014568
0.15,99,all,shortfall_from_optimum_share,0.04905292842
0.15,99,all,loss_vs_status_quo_share,0.03722278274
0.15,99,all,n_agreeing,3
0.15,100,tv,relative_bias,1.022983168
0.15,100,tv,covered,0
0.15,100,video,relative_bias,0.6934700374
0.15,100,video,covered,0
0.15,100,search,relative_bias,-0.1472479428
0.15,100,search,covered,1
0.15,100,social,relative_bias,-0.2299479306
0.15,100,social,covered,1
0.15,100,ooh,relative_bias,4.498396223
0.15,100,ooh,covered,1
0.15,100,all,median_abs_relative_bias,0.6934700374
0.15,100,all,spearman,0.7
0.15,100,all,regret,3.609189875
0.15,100,all,beats_status_quo,0
0.15,100,all,achievable_lift_share,0.01157161354
0.15,100,all,shortfall_from_optimum_share,0.04176415044
0.15,100,all,loss_vs_status_quo_share,0.03019253689
0.15,100,all,n_agreeing,3
0.15,101,tv,relative_bias,-0.3539916776
0.15,101,tv,covered,0
0.15,101,video,relative_bias,-0.07255873782
0.15,101,video,covered,0
0.15,101,search,relative_bias,-0.7767015655
0.15,101,search,covered,0
0.15,101,social,relative_bias,-0.1608550474
0.15,101,social,covered,0
0.15,101,ooh,relative_bias,0.3992127732
0.15,101,ooh,covered,1
0.15,101,all,median_abs_relative_bias,0.3539916776
0.15,101,all,spearman,0.7
0.15,101,all,regret,1.698006383
0.15,101,all,beats_status_quo,0
0.15,101,all,achievable_lift_share,0.01207919515
0.15,101,all,shortfall_from_optimum_share,0.02051055046
0.15,101,all,loss_vs_status_quo_share,0.00843135531
0.15,101,all,n_agreeing,3
0.15,102,tv,relative_bias,1.734630519
0.15,102,tv,covered,0
0.15,102,video,relative_bias,-0.8879041003
0.15,102,video,covered,0
0.15,102,search,relative_bias,-0.4760441038
0.15,102,search,covered,0
0.15,102,social,relative_bias,0.1114753353
0.15,102,social,covered,1
0.15,102,ooh,relative_bias,1.918945429
0.15,102,ooh,covered,1
0.15,102,all,median_abs_relative_bias,0.8879041003
0.15,102,all,spearman,0.1
0.15,102,all,regret,2.690217315
0.15,102,all,beats_status_quo,0
0.15,102,all,achievable_lift_share,0.01170660695
0.15,102,all,shortfall_from_optimum_share,0.03149331673
0.15,102,all,loss_vs_status_quo_share,0.01978670977
0.15,102,all,n_agreeing,3
0.15,103,tv,relative_bias,-0.3026864591
0.15,103,tv,covered,0
0.15,103,video,relative_bias,0.162219831
0.15,103,video,covered,1
0.15,103,search,relative_bias,-0.2075889667
0.15,103,search,covered,1
0.15,103,social,relative_bias,-1
0.15,103,social,covered,1
0.15,103,ooh,relative_bias,0.9141812293
0.15,103,ooh,covered,1
0.15,103,all,median_abs_relative_bias,0.3026864591
0.15,103,all,spearman,0.9
0.15,103,all,regret,1.223786027
0.15,103,all,beats_status_quo,0
0.15,103,all,achievable_lift_share,0.01180854618
0.15,103,all,shortfall_from_optimum_share,0.01445113381
0.15,103,all,loss_vs_status_quo_share,0.00264258763
0.15,103,all,n_agreeing,3
0.15,104,tv,relative_bias,-0.4551985707
0.15,104,tv,covered,0
0.15,104,video,relative_bias,-0.3755064785
0.15,104,video,covered,0
0.15,104,search,relative_bias,-0.8385296733
0.15,104,search,covered,0
0.15,104,social,relative_bias,0.2854885844
0.15,104,social,covered,1
0.15,104,ooh,relative_bias,0.8845715235
0.15,104,ooh,covered,1
0.15,104,all,median_abs_relative_bias,0.4551985707
0.15,104,all,spearman,0.5
0.15,104,all,regret,5.706069041
0.15,104,all,beats_status_quo,0
0.15,104,all,achievable_lift_share,0.01204275742
0.15,104,all,shortfall_from_optimum_share,0.06871680528
0.15,104,all,loss_vs_status_quo_share,0.05667404786
0.15,104,all,n_agreeing,3
0.15,105,tv,relative_bias,0.2490988875
0.15,105,tv,covered,1
0.15,105,video,relative_bias,0.8405882068
0.15,105,video,covered,1
0.15,105,search,relative_bias,1.904966226
0.15,105,search,covered,0
0.15,105,social,relative_bias,-0.4637015443
0.15,105,social,covered,1
0.15,105,ooh,relative_bias,-1
0.15,105,ooh,covered,1
0.15,105,all,median_abs_relative_bias,0.8405882068
0.15,105,all,spearman,0.7
0.15,105,all,regret,1.095070332
0.15,105,all,beats_status_quo,0
0.15,105,all,achievable_lift_share,0.01154850729
0.15,105,all,shortfall_from_optimum_share,0.01264642771
0.15,105,all,loss_vs_status_quo_share,0.00109792042
0.15,105,all,n_agreeing,3
0.15,106,tv,relative_bias,0.9214652456
0.15,106,tv,covered,0
0.15,106,video,relative_bias,-0.4719806582
0.15,106,video,covered,0
0.15,106,search,relative_bias,-0.2843500014
0.15,106,search,covered,1
0.15,106,social,relative_bias,-1
0.15,106,social,covered,1
0.15,106,ooh,relative_bias,0.3517052808
0.15,106,ooh,covered,1
0.15,106,all,median_abs_relative_bias,0.4719806582
0.15,106,all,spearman,0.8
0.15,106,all,regret,3.560734039
0.15,106,all,beats_status_quo,0
0.15,106,all,achievable_lift_share,0.01174102976
0.15,106,all,shortfall_from_optimum_share,0.04180668431
0.15,106,all,loss_vs_status_quo_share,0.03006565455
0.15,106,all,n_agreeing,3
0.15,107,tv,relative_bias,-0.01051284531
0.15,107,tv,covered,1
0.15,107,video,relative_bias,0.006900670449
0.15,107,video,covered,1
0.15,107,search,relative_bias,-0.4848933666
0.15,107,search,covered,0
0.15,107,social,relative_bias,0.5732078409
0.15,107,social,covered,1
0.15,107,ooh,relative_bias,-0.7628424286
0.15,107,ooh,covered,1
0.15,107,all,median_abs_relative_bias,0.4848933666
0.15,107,all,spearman,0.9
0.15,107,all,regret,1.16038565
0.15,107,all,beats_status_quo,0
0.15,107,all,achievable_lift_share,0.01212489692
0.15,107,all,shortfall_from_optimum_share,0.01406955638
0.15,107,all,loss_vs_status_quo_share,0.001944659467
0.15,107,all,n_agreeing,3
0.15,108,tv,relative_bias,-0.8156895936
0.15,108,tv,covered,0
0.15,108,video,relative_bias,-0.679827089
0.15,108,video,covered,0
0.15,108,search,relative_bias,-0.7491718334
0.15,108,search,covered,0
0.15,108,social,relative_bias,-0.149073537
0.15,108,social,covered,0
0.15,108,ooh,relative_bias,3.552129576
0.15,108,ooh,covered,0
0.15,108,all,median_abs_relative_bias,0.7491718334
0.15,108,all,spearman,-0.6
0.15,108,all,regret,4.949387843
0.15,108,all,beats_status_quo,0
0.15,108,all,achievable_lift_share,0.01171290335
0.15,108,all,shortfall_from_optimum_share,0.05797170144
0.15,108,all,loss_vs_status_quo_share,0.0462587981
0.15,108,all,n_agreeing,3
0.15,109,tv,relative_bias,0.2147665725
0.15,109,tv,covered,1
0.15,109,video,relative_bias,-0.4603219262
0.15,109,video,covered,0
0.15,109,search,relative_bias,0.003104504206
0.15,109,search,covered,1
0.15,109,social,relative_bias,0.1100004408
0.15,109,social,covered,1
0.15,109,ooh,relative_bias,-1
0.15,109,ooh,covered,1
0.15,109,all,median_abs_relative_bias,0.2147665725
0.15,109,all,spearman,0.7
0.15,109,all,regret,0.7580855844
0.15,109,all,beats_status_quo,1
0.15,109,all,achievable_lift_share,0.01152671387
0.15,109,all,shortfall_from_optimum_share,0.008738235622
0.15,109,all,loss_vs_status_quo_share,-0.002788478251
0.15,109,all,n_agreeing,3
0.15,110,tv,relative_bias,0.7406335353
0.15,110,tv,covered,1
0.15,110,video,relative_bias,0.206583851
0.15,110,video,covered,1
0.15,110,search,relative_bias,-0.9312046121
0.15,110,search,covered,1
0.15,110,social,relative_bias,-1
0.15,110,social,covered,1
0.15,110,ooh,relative_bias,-0.4062802817
0.15,110,ooh,covered,1
0.15,110,all,median_abs_relative_bias,0.7406335353
0.15,110,all,spearman,0.7
0.15,110,all,regret,3.266656864
0.15,110,all,beats_status_quo,0
0.15,110,all,achievable_lift_share,0.01170327208
0.15,110,all,shortfall_from_optimum_share,0.03823057407
0.15,110,all,loss_vs_status_quo_share,0.02652730199
0.15,110,all,n_agreeing,3
0.15,111,tv,relative_bias,1.055790349
0.15,111,tv,covered,0
0.15,111,video,relative_bias,-0.006455760137
0.15,111,video,covered,1
0.15,111,search,relative_bias,0.5503214873
0.15,111,search,covered,1
0.15,111,social,relative_bias,0.3158813557
0.15,111,social,covered,1
0.15,111,ooh,relative_bias,-0.1099379575
0.15,111,ooh,covered,1
0.15,111,all,median_abs_relative_bias,0.3158813557
0.15,111,all,spearman,0.9
0.15,111,all,regret,0.3065354518
0.15,111,all,beats_status_quo,1
0.15,111,all,achievable_lift_share,0.01207581289
0.15,111,all,shortfall_from_optimum_share,0.003701664759
0.15,111,all,loss_vs_status_quo_share,-0.008374148128
0.15,111,all,n_agreeing,3
0.15,112,tv,relative_bias,-0.4210124131
0.15,112,tv,covered,0
0.15,112,video,relative_bias,-0.7510699319
0.15,112,video,covered,0
0.15,112,search,relative_bias,-0.3963684285
0.15,112,search,covered,0
0.15,112,social,relative_bias,-0.09103865856
0.15,112,social,covered,1
0.15,112,ooh,relative_bias,2.134865696
0.15,112,ooh,covered,1
0.15,112,all,median_abs_relative_bias,0.4210124131
0.15,112,all,spearman,0
0.15,112,all,regret,2.402347556
0.15,112,all,beats_status_quo,0
0.15,112,all,achievable_lift_share,0.01187023389
0.15,112,all,shortfall_from_optimum_share,0.02851642737
0.15,112,all,loss_vs_status_quo_share,0.01664619348
0.15,112,all,n_agreeing,3
0.15,113,tv,relative_bias,0.1708375747
0.15,113,tv,covered,1
0.15,113,video,relative_bias,3.190675052
0.15,113,video,covered,0
0.15,113,search,relative_bias,-1
0.15,113,search,covered,1
0.15,113,social,relative_bias,0.245598851
0.15,113,social,covered,1
0.15,113,ooh,relative_bias,-1
0.15,113,ooh,covered,1
0.15,113,all,median_abs_relative_bias,1
0.15,113,all,spearman,0.7181848465
0.15,113,all,regret,4.773206002
0.15,113,all,beats_status_quo,0
0.15,113,all,achievable_lift_share,0.01206091043
0.15,113,all,shortfall_from_optimum_share,0.05756921004
0.15,113,all,loss_vs_status_quo_share,0.04550829961
0.15,113,all,n_agreeing,3
0.15,114,tv,relative_bias,-0.4466553914
0.15,114,tv,covered,0
0.15,114,video,relative_bias,0.7640707253
0.15,114,video,covered,1
0.15,114,search,relative_bias,-0.5539121994
0.15,114,search,covered,1
0.15,114,social,relative_bias,5.892269002
0.15,114,social,covered,0
0.15,114,ooh,relative_bias,1.645919583
0.15,114,ooh,covered,1
0.15,114,all,median_abs_relative_bias,0.7640707253
0.15,114,all,spearman,0.1
0.15,114,all,regret,2.572201064
0.15,114,all,beats_status_quo,0
0.15,114,all,achievable_lift_share,0.01185509158
0.15,114,all,shortfall_from_optimum_share,0.03049367918
0.15,114,all,loss_vs_status_quo_share,0.0186385876
0.15,114,all,n_agreeing,3
0.15,115,tv,relative_bias,0.5657337812
0.15,115,tv,covered,1
0.15,115,video,relative_bias,2.603265323
0.15,115,video,covered,0
0.15,115,search,relative_bias,-0.4973412403
0.15,115,search,covered,0
0.15,115,social,relative_bias,3.082089408
0.15,115,social,covered,0
0.15,115,ooh,relative_bias,5.949408687
0.15,115,ooh,covered,0
0.15,115,all,median_abs_relative_bias,2.603265323
0.15,115,all,spearman,0.6
0.15,115,all,regret,3.724806548
0.15,115,all,beats_status_quo,0
0.15,115,all,achievable_lift_share,0.0120614206
0.15,115,all,shortfall_from_optimum_share,0.04492645844
0.15,115,all,loss_vs_status_quo_share,0.03286503783
0.15,115,all,n_agreeing,3
0.15,116,tv,relative_bias,0.08139223103
0.15,116,tv,covered,1
0.15,116,video,relative_bias,-1
0.15,116,video,covered,0
0.15,116,search,relative_bias,-0.4614148453
0.15,116,search,covered,0
0.15,116,social,relative_bias,0.8867745415
0.15,116,social,covered,0
0.15,116,ooh,relative_bias,-1
0.15,116,ooh,covered,1
0.15,116,all,median_abs_relative_bias,0.8867745415
0.15,116,all,spearman,0.4616902584
0.15,116,all,regret,3.186806296
0.15,116,all,beats_status_quo,0
0.15,116,all,achievable_lift_share,0.01195106379
0.15,116,all,shortfall_from_optimum_share,0.03808572533
0.15,116,all,loss_vs_status_quo_share,0.02613466154
0.15,116,all,n_agreeing,3
0.15,117,tv,relative_bias,-0.2081631507
0.15,117,tv,covered,1
0.15,117,video,relative_bias,0.141140197
0.15,117,video,covered,1
0.15,117,search,relative_bias,-0.3067521821
0.15,117,search,covered,1
0.15,117,social,relative_bias,3.149021115
0.15,117,social,covered,0
0.15,117,ooh,relative_bias,0.5959070343
0.15,117,ooh,covered,1
0.15,117,all,median_abs_relative_bias,0.3067521821
0.15,117,all,spearman,0.4
0.15,117,all,regret,2.157731376
0.15,117,all,beats_status_quo,0
0.15,117,all,achievable_lift_share,0.01185903653
0.15,117,all,shortfall_from_optimum_share,0.0255886152
0.15,117,all,loss_vs_status_quo_share,0.01372957868
0.15,117,all,n_agreeing,3
0.15,118,tv,relative_bias,-0.7763415911
0.15,118,tv,covered,0
0.15,118,video,relative_bias,-0.7853569809
0.15,118,video,covered,0
0.15,118,search,relative_bias,1.270181837
0.15,118,search,covered,0
0.15,118,social,relative_bias,1.630086217
0.15,118,social,covered,1
0.15,118,ooh,relative_bias,-1
0.15,118,ooh,covered,1
0.15,118,all,median_abs_relative_bias,1
0.15,118,all,spearman,0.2
0.15,118,all,regret,6.667516048
0.15,118,all,beats_status_quo,0
0.15,118,all,achievable_lift_share,0.01167382208
0.15,118,all,shortfall_from_optimum_share,0.07783539604
0.15,118,all,loss_vs_status_quo_share,0.06616157396
0.15,118,all,n_agreeing,3
0.15,119,tv,relative_bias,-0.2828935654
0.15,119,tv,covered,0
0.15,119,video,relative_bias,-0.5356921897
0.15,119,video,covered,0
0.15,119,search,relative_bias,-0.4591289905
0.15,119,search,covered,0
0.15,119,social,relative_bias,0.201805315
0.15,119,social,covered,1
0.15,119,ooh,relative_bias,2.154078645
0.15,119,ooh,covered,1
0.15,119,all,median_abs_relative_bias,0.4591289905
0.15,119,all,spearman,0.2
0.15,119,all,regret,0.6571839141
0.15,119,all,beats_status_quo,1
0.15,119,all,achievable_lift_share,0.01207599058
0.15,119,all,shortfall_from_optimum_share,0.007936146758
0.15,119,all,loss_vs_status_quo_share,-0.004139843825
0.15,119,all,n_agreeing,3
0.15,120,tv,relative_bias,-0.411809177
0.15,120,tv,covered,0
0.15,120,video,relative_bias,-0.548016168
0.15,120,video,covered,0
0.15,120,search,relative_bias,-1
0.15,120,search,covered,1
0.15,120,social,relative_bias,-0.5478717777
0.15,120,social,covered,0
0.15,120,ooh,relative_bias,12.91914808
0.15,120,ooh,covered,0
0.15,120,all,median_abs_relative_bias,0.548016168
0.15,120,all,spearman,-0.1
0.15,120,all,regret,9.494587485
0.15,120,all,beats_status_quo,0
0.15,120,all,achievable_lift_share,0.01200548218
0.15,120,all,shortfall_from_optimum_share,0.1139871009
0.15,120,all,loss_vs_status_quo_share,0.1019816187
0.15,120,all,n_agreeing,3
0.15,121,tv,relative_bias,2.154133701
0.15,121,tv,covered,0
0.15,121,video,relative_bias,0.7865765267
0.15,121,video,covered,1
0.15,121,search,relative_bias,-1
0.15,121,search,covered,1
0.15,121,social,relative_bias,-0.8131890303
0.15,121,social,covered,0
0.15,121,ooh,relative_bias,2.29123777
0.15,121,ooh,covered,1
0.15,121,all,median_abs_relative_bias,1
0.15,121,all,spearman,0.6
0.15,121,all,regret,2.856890734
0.15,121,all,beats_status_quo,0
0.15,121,all,achievable_lift_share,0.0120187098
0.15,121,all,shortfall_from_optimum_share,0.03433614065
0.15,121,all,loss_vs_status_quo_share,0.02231743086
0.15,121,all,n_agreeing,3
0.15,122,tv,relative_bias,-0.2701057537
0.15,122,tv,covered,0
0.15,122,video,relative_bias,-0.3777918369
0.15,122,video,covered,0
0.15,122,search,relative_bias,-1
0.15,122,search,covered,0
0.15,122,social,relative_bias,-0.4718634616
0.15,122,social,covered,1
0.15,122,ooh,relative_bias,4.740115587
0.15,122,ooh,covered,1
0.15,122,all,median_abs_relative_bias,0.4718634616
0.15,122,all,spearman,0.3
0.15,122,all,regret,3.045178887
0.15,122,all,beats_status_quo,0
0.15,122,all,achievable_lift_share,0.01226293393
0.15,122,all,shortfall_from_optimum_share,0.0373428275
0.15,122,all,loss_vs_status_quo_share,0.02507989357
0.15,122,all,n_agreeing,3
0.15,123,tv,relative_bias,-0.2868423353
0.15,123,tv,covered,1
0.15,123,video,relative_bias,-0.544703524
0.15,123,video,covered,0
0.15,123,search,relative_bias,-0.1958919713
0.15,123,search,covered,1
0.15,123,social,relative_bias,-1
0.15,123,social,covered,0
0.15,123,ooh,relative_bias,-0.3236560186
0.15,123,ooh,covered,1
0.15,123,all,median_abs_relative_bias,0.3236560186
0.15,123,all,spearman,0.8
0.15,123,all,regret,7.041215137
0.15,123,all,beats_status_quo,0
0.15,123,all,achievable_lift_share,0.01158302578
0.15,123,all,shortfall_from_optimum_share,0.08155857648
0.15,123,all,loss_vs_status_quo_share,0.0699755507
0.15,123,all,n_agreeing,3
0.15,124,tv,relative_bias,-1
0.15,124,tv,covered,0
0.15,124,video,relative_bias,1.07641081
0.15,124,video,covered,0
0.15,124,search,relative_bias,0.8572990192
0.15,124,search,covered,1
0.15,124,social,relative_bias,-1
0.15,124,social,covered,1
0.15,124,ooh,relative_bias,1.034215105
0.15,124,ooh,covered,1
0.15,124,all,median_abs_relative_bias,1
0.15,124,all,spearman,0.0512989176
0.15,124,all,regret,6.856599499
0.15,124,all,beats_status_quo,0
0.15,124,all,achievable_lift_share,0.01145610263
0.15,124,all,shortfall_from_optimum_share,0.07854990753
0.15,124,all,loss_vs_status_quo_share,0.06709380491
0.15,124,all,n_agreeing,3
0.15,125,tv,relative_bias,0.2617619714
0.15,125,tv,covered,1
0.15,125,video,relative_bias,0.2891435978
0.15,125,video,covered,1
0.15,125,search,relative_bias,-0.4333283751
0.15,125,search,covered,1
0.15,125,social,relative_bias,0.9047574088
0.15,125,social,covered,1
0.15,125,ooh,relative_bias,-1
0.15,125,ooh,covered,1
0.15,125,all,median_abs_relative_bias,0.4333283751
0.15,125,all,spearman,0.9
0.15,125,all,regret,0.4475039565
0.15,125,all,beats_status_quo,1
0.15,125,all,achievable_lift_share,0.01199357519
0.15,125,all,shortfall_from_optimum_share,0.005367172349
0.15,125,all,loss_vs_status_quo_share,-0.00662640284
0.15,125,all,n_agreeing,3
0.15,126,tv,relative_bias,3.052795702
0.15,126,tv,covered,0
0.15,126,video,relative_bias,-0.7815989124
0.15,126,video,covered,0
0.15,126,search,relative_bias,-0.03782215403
0.15,126,search,covered,1
0.15,126,social,relative_bias,-0.5386762144
0.15,126,social,covered,1
0.15,126,ooh,relative_bias,4.679392875
0.15,126,ooh,covered,1
0.15,126,all,median_abs_relative_bias,0.7815989124
0.15,126,all,spearman,0.1
0.15,126,all,regret,3.207963342
0.15,126,all,beats_status_quo,0
0.15,126,all,achievable_lift_share,0.01171032573
0.15,126,all,shortfall_from_optimum_share,0.03756629566
0.15,126,all,loss_vs_status_quo_share,0.02585596993
0.15,126,all,n_agreeing,3
0.15,127,tv,relative_bias,-0.432332409
0.15,127,tv,covered,0
0.15,127,video,relative_bias,-1
0.15,127,video,covered,0
0.15,127,search,relative_bias,0.3498857866
0.15,127,search,covered,1
0.15,127,social,relative_bias,-1
0.15,127,social,covered,0
0.15,127,ooh,relative_bias,9.070569277
0.15,127,ooh,covered,1
0.15,127,all,median_abs_relative_bias,1
0.15,127,all,spearman,-0.4103913408
0.15,127,all,regret,3.708192695
0.15,127,all,beats_status_quo,0
0.15,127,all,achievable_lift_share,0.01191460511
0.15,127,all,shortfall_from_optimum_share,0.04418165163
0.15,127,all,loss_vs_status_quo_share,0.03226704652
0.15,127,all,n_agreeing,3
0.15,128,tv,relative_bias,-0.2179079818
0.15,128,tv,covered,0
0.15,128,video,relative_bias,-0.2148930239
0.15,128,video,covered,1
0.15,128,search,relative_bias,0.3339329164
0.15,128,search,covered,1
0.15,128,social,relative_bias,0.8618496167
0.15,128,social,covered,1
0.15,128,ooh,relative_bias,4.528152185
0.15,128,ooh,covered,1
0.15,128,all,median_abs_relative_bias,0.3339329164
0.15,128,all,spearman,0.4
0.15,128,all,regret,1.118234785
0.15,128,all,beats_status_quo,0
0.15,128,all,achievable_lift_share,0.0115709215
0.15,128,all,shortfall_from_optimum_share,0.01293900692
0.15,128,all,loss_vs_status_quo_share,0.001368085421
0.15,128,all,n_agreeing,3
0.15,129,tv,relative_bias,-0.3717282631
0.15,129,tv,covered,0
0.15,129,video,relative_bias,-0.005925077015
0.15,129,video,covered,1
0.15,129,search,relative_bias,1.145021153
0.15,129,search,covered,0
0.15,129,social,relative_bias,-0.4809878613
0.15,129,social,covered,0
0.15,129,ooh,relative_bias,0.5855342476
0.15,129,ooh,covered,1
0.15,129,all,median_abs_relative_bias,0.4809878613
0.15,129,all,spearman,0.7
0.15,129,all,regret,1.178190183
0.15,129,all,beats_status_quo,0
0.15,129,all,achievable_lift_share,0.01196017655
0.15,129,all,shortfall_from_optimum_share,0.01409136259
0.15,129,all,loss_vs_status_quo_share,0.002131186042
0.15,129,all,n_agreeing,3
0.15,130,tv,relative_bias,-0.4391674478
0.15,130,tv,covered,0
0.15,130,video,relative_bias,-0.5649620695
0.15,130,video,covered,0
0.15,130,search,relative_bias,0.6706669438
0.15,130,search,covered,1
0.15,130,social,relative_bias,-1
0.15,130,social,covered,0
0.15,130,ooh,relative_bias,-0.3635583341
0.15,130,ooh,covered,1
0.15,130,all,median_abs_relative_bias,0.5649620695
0.15,130,all,spearman,0.6
0.15,130,all,regret,3.960905651
0.15,130,all,beats_status_quo,0
0.15,130,all,achievable_lift_share,0.01159279874
0.15,130,all,shortfall_from_optimum_share,0.04591798204
0.15,130,all,loss_vs_status_quo_share,0.0343251833
0.15,130,all,n_agreeing,3
0.15,131,tv,relative_bias,0.8271194976
0.15,131,tv,covered,0
0.15,131,video,relative_bias,1.764269238
0.15,131,video,covered,0
0.15,131,search,relative_bias,-0.6071586294
0.15,131,search,covered,0
0.15,131,social,relative_bias,-0.02079381489
0.15,131,social,covered,1
0.15,131,ooh,relative_bias,3.498453824
0.15,131,ooh,covered,0
0.15,131,all,median_abs_relative_bias,0.8271194976
0.15,131,all,spearman,0.6
0.15,131,all,regret,2.343083835
0.15,131,all,beats_status_quo,0
0.15,131,all,achievable_lift_share,0.01152267377
0.15,131,all,shortfall_from_optimum_share,0.02699859064
0.15,131,all,loss_vs_status_quo_share,0.01547591687
0.15,131,all,n_agreeing,3
0.15,132,tv,relative_bias,-0.3670350998
0.15,132,tv,covered,0
0.15,132,video,relative_bias,-0.9705706781
0.15,132,video,covered,0
0.15,132,search,relative_bias,1.740790169
0.15,132,search,covered,0
0.15,132,social,relative_bias,-0.285292742
0.15,132,social,covered,1
0.15,132,ooh,relative_bias,-1
0.15,132,ooh,covered,1
0.15,132,all,median_abs_relative_bias,0.9705706781
0.15,132,all,spearman,0.5
0.15,132,all,regret,3.344095036
0.15,132,all,beats_status_quo,0
0.15,132,all,achievable_lift_share,0.01164891272
0.15,132,all,shortfall_from_optimum_share,0.0389550712
0.15,132,all,loss_vs_status_quo_share,0.02730615848
0.15,132,all,n_agreeing,3
0.15,133,tv,relative_bias,0.8886181778
0.15,133,tv,covered,0
0.15,133,video,relative_bias,-0.4525956612
0.15,133,video,covered,0
0.15,133,search,relative_bias,-0.1048848968
0.15,133,search,covered,1
0.15,133,social,relative_bias,-0.1343203647
0.15,133,social,covered,1
0.15,133,ooh,relative_bias,-0.8186272467
0.15,133,ooh,covered,1
0.15,133,all,median_abs_relative_bias,0.4525956612
0.15,133,all,spearman,0.9
0.15,133,all,regret,1.228599027
0.15,133,all,beats_status_quo,0
0.15,133,all,achievable_lift_share,0.01195225791
0.15,133,all,shortfall_from_optimum_share,0.01468453244
0.15,133,all,loss_vs_status_quo_share,0.002732274531
0.15,133,all,n_agreeing,3
0.15,134,tv,relative_bias,-0.6920457325
0.15,134,tv,covered,0
0.15,134,video,relative_bias,0.004922673869
0.15,134,video,covered,1
0.15,134,search,relative_bias,-0.8615847431
0.15,134,search,covered,0
0.15,134,social,relative_bias,-0.1331377832
0.15,134,social,covered,1
0.15,134,ooh,relative_bias,3.153666725
0.15,134,ooh,covered,1
0.15,134,all,median_abs_relative_bias,0.6920457325
0.15,134,all,spearman,0.1
0.15,134,all,regret,2.593102631
0.15,134,all,beats_status_quo,0
0.15,134,all,achievable_lift_share,0.01210828761
0.15,134,all,shortfall_from_optimum_share,0.03139803246
0.15,134,all,loss_vs_status_quo_share,0.01928974485
0.15,134,all,n_agreeing,3
0.15,135,tv,relative_bias,-0.6105554795
0.15,135,tv,covered,0
0.15,135,video,relative_bias,0.9654030376
0.15,135,video,covered,0
0.15,135,search,relative_bias,-0.7979045213
0.15,135,search,covered,0
0.15,135,social,relative_bias,2.167024619
0.15,135,social,covered,1
0.15,135,ooh,relative_bias,0.6200774343
0.15,135,ooh,covered,1
0.15,135,all,median_abs_relative_bias,0.7979045213
0.15,135,all,spearman,0.3
0.15,135,all,regret,7.736003275
0.15,135,all,beats_status_quo,0
0.15,135,all,achievable_lift_share,0.01215125034
0.15,135,all,shortfall_from_optimum_share,0.0940021124
0.15,135,all,loss_vs_status_quo_share,0.08185086206
0.15,135,all,n_agreeing,3
0.15,136,tv,relative_bias,-0.5808788998
0.15,136,tv,covered,0
0.15,136,video,relative_bias,-0.6625135053
0.15,136,video,covered,0
0.15,136,search,relative_bias,-0.6520836485
0.15,136,search,covered,0
0.15,136,social,relative_bias,-0.6529909092
0.15,136,social,covered,0
0.15,136,ooh,relative_bias,-0.5039554146
0.15,136,ooh,covered,1
0.15,136,all,median_abs_relative_bias,0.6520836485
0.15,136,all,spearman,1
0.15,136,all,regret,7.137289261
0.15,136,all,beats_status_quo,0
0.15,136,all,achievable_lift_share,0.01162964403
0.15,136,all,shortfall_from_optimum_share,0.08300413341
0.15,136,all,loss_vs_status_quo_share,0.07137448938
0.15,136,all,n_agreeing,3
0.15,137,tv,relative_bias,-0.3256614155
0.15,137,tv,covered,0
0.15,137,video,relative_bias,-0.5508874527
0.15,137,video,covered,0
0.15,137,search,relative_bias,0.5575225178
0.15,137,search,covered,1
0.15,137,social,relative_bias,-0.2939263486
0.15,137,social,covered,1
0.15,137,ooh,relative_bias,9.734902265
0.15,137,ooh,covered,0
0.15,137,all,median_abs_relative_bias,0.5508874527
0.15,137,all,spearman,-0.3
0.15,137,all,regret,3.927797002
0.15,137,all,beats_status_quo,0
0.15,137,all,achievable_lift_share,0.01200597394
0.15,137,all,shortfall_from_optimum_share,0.04715702845
0.15,137,all,loss_vs_status_quo_share,0.03515105451
0.15,137,all,n_agreeing,3
0.15,138,tv,relative_bias,3.326338258
0.15,138,tv,covered,0
0.15,138,video,relative_bias,0.3199877174
0.15,138,video,covered,1
0.15,138,search,relative_bias,0.9100416359
0.15,138,search,covered,0
0.15,138,social,relative_bias,0.5317869394
0.15,138,social,covered,1
0.15,138,ooh,relative_bias,0.1495502914
0.15,138,ooh,covered,1
0.15,138,all,median_abs_relative_bias,0.5317869394
0.15,138,all,spearman,0.9
0.15,138,all,regret,1.429926164
0.15,138,all,beats_status_quo,0
0.15,138,all,achievable_lift_share,0.0116215233
0.15,138,all,shortfall_from_optimum_share,0.01661792023
0.15,138,all,loss_vs_status_quo_share,0.004996396928
0.15,138,all,n_agreeing,3
0.15,139,tv,relative_bias,-0.2913657697
0.15,139,tv,covered,0
0.15,139,video,relative_bias,-0.3895094078
0.15,139,video,covered,0
0.15,139,search,relative_bias,0.2648838781
0.15,139,search,covered,0
0.15,139,social,relative_bias,-0.767047469
0.15,139,social,covered,0
0.15,139,ooh,relative_bias,-0.2934899362
0.15,139,ooh,covered,0
0.15,139,all,median_abs_relative_bias,0.2934899362
0.15,139,all,spearman,0.9
0.15,139,all,regret,1.273380882
0.15,139,all,beats_status_quo,0
0.15,139,all,achievable_lift_share,0.01184214904
0.15,139,all,shortfall_from_optimum_share,0.01507956619
0.15,139,all,loss_vs_status_quo_share,0.00323741715
0.15,139,all,n_agreeing,3
0.15,140,tv,relative_bias,-0.3684064324
0.15,140,tv,covered,0
0.15,140,video,relative_bias,-0.3625134485
0.15,140,video,covered,0
0.15,140,search,relative_bias,-0.1966609324
0.15,140,search,covered,1
0.15,140,social,relative_bias,-0.8205962558
0.15,140,social,covered,0
0.15,140,ooh,relative_bias,3.720388791
0.15,140,ooh,covered,1
0.15,140,all,median_abs_relative_bias,0.3684064324
0.15,140,all,spearman,0.3
0.15,140,all,regret,2.189443429
0.15,140,all,beats_status_quo,0
0.15,140,all,achievable_lift_share,0.0119741605
0.15,140,all,shortfall_from_optimum_share,0.02621674702
0.15,140,all,loss_vs_status_quo_share,0.01424258652
0.15,140,all,n_agreeing,3
0.15,141,tv,relative_bias,0.518426052
0.15,141,tv,covered,0
0.15,141,video,relative_bias,-0.6132895385
0.15,141,video,covered,0
0.15,141,search,relative_bias,0.08457319248
0.15,141,search,covered,1
0.15,141,social,relative_bias,-0.8314346142
0.15,141,social,covered,0
0.15,141,ooh,relative_bias,2.715965449
0.15,141,ooh,covered,1
0.15,141,all,median_abs_relative_bias,0.6132895385
0.15,141,all,spearman,0.5
0.15,141,all,regret,3.96662948
0.15,141,all,beats_status_quo,0
0.15,141,all,achievable_lift_share,0.01195794363
0.15,141,all,shortfall_from_optimum_share,0.04743273174
0.15,141,all,loss_vs_status_quo_share,0.03547478811
0.15,141,all,n_agreeing,3
0.15,142,tv,relative_bias,-0.3632195303
0.15,142,tv,covered,0
0.15,142,video,relative_bias,-0.6390349189
0.15,142,video,covered,0
0.15,142,search,relative_bias,-0.3206595255
0.15,142,search,covered,0
0.15,142,social,relative_bias,0.04041510138
0.15,142,social,covered,1
0.15,142,ooh,relative_bias,0.6108059044
0.15,142,ooh,covered,1
0.15,142,all,median_abs_relative_bias,0.3632195303
0.15,142,all,spearman,0.6
0.15,142,all,regret,1.545609556
0.15,142,all,beats_status_quo,0
0.15,142,all,achievable_lift_share,0.01178962923
0.15,142,all,shortfall_from_optimum_share,0.01822216361
0.15,142,all,loss_vs_status_quo_share,0.006432534373
0.15,142,all,n_agreeing,3
0.15,143,tv,relative_bias,0.4990982013
0.15,143,tv,covered,1
0.15,143,video,relative_bias,0.5141533585
0.15,143,video,covered,1
0.15,143,search,relative_bias,-0.8642913616
0.15,143,search,covered,0
0.15,143,social,relative_bias,1.865069775
0.15,143,social,covered,0
0.15,143,ooh,relative_bias,2.11455733
0.15,143,ooh,covered,1
0.15,143,all,median_abs_relative_bias,0.8642913616
0.15,143,all,spearman,0.5
0.15,143,all,regret,2.979729918
0.15,143,all,beats_status_quo,0
0.15,143,all,achievable_lift_share,0.01175773896
0.15,143,all,shortfall_from_optimum_share,0.03503488656
0.15,143,all,loss_vs_status_quo_share,0.02327714759
0.15,143,all,n_agreeing,3
0.15,144,tv,relative_bias,0.03808734967
0.15,144,tv,covered,1
0.15,144,video,relative_bias,0.3575247858
0.15,144,video,covered,1
0.15,144,search,relative_bias,0.9157526675
0.15,144,search,covered,1
0.15,144,social,relative_bias,-0.778427274
0.15,144,social,covered,0
0.15,144,ooh,relative_bias,-1
0.15,144,ooh,covered,1
0.15,144,all,median_abs_relative_bias,0.778427274
0.15,144,all,spearman,0.9
0.15,144,all,regret,0.9361983111
0.15,144,all,beats_status_quo,1
0.15,144,all,achievable_lift_share,0.01195835439
0.15,144,all,shortfall_from_optimum_share,0.01119539118
0.15,144,all,loss_vs_status_quo_share,-0.0007629632061
0.15,144,all,n_agreeing,3
0.15,145,tv,relative_bias,-0.7027083303
0.15,145,tv,covered,0
0.15,145,video,relative_bias,-0.3499115543
0.15,145,video,covered,1
0.15,145,search,relative_bias,-0.2845562977
0.15,145,search,covered,1
0.15,145,social,relative_bias,0.3981282854
0.15,145,social,covered,1
0.15,145,ooh,relative_bias,10.94534934
0.15,145,ooh,covered,0
0.15,145,all,median_abs_relative_bias,0.3981282854
0.15,145,all,spearman,-0.9
0.15,145,all,regret,5.880374316
0.15,145,all,beats_status_quo,0
0.15,145,all,achievable_lift_share,0.01173329909
0.15,145,all,shortfall_from_optimum_share,0.06899619059
0.15,145,all,loss_vs_status_quo_share,0.0572628915
0.15,145,all,n_agreeing,3
0.15,146,tv,relative_bias,1.131308119
0.15,146,tv,covered,0
0.15,146,video,relative_bias,-0.4961073614
0.15,146,video,covered,0
0.15,146,search,relative_bias,-0.889275175
0.15,146,search,covered,0
0.15,146,social,relative_bias,-1
0.15,146,social,covered,0
0.15,146,ooh,relative_bias,-1
0.15,146,ooh,covered,1
0.15,146,all,median_abs_relative_bias,1
0.15,146,all,spearman,0.9746794345
0.15,146,all,regret,3.311190402
0.15,146,all,beats_status_quo,0
0.15,146,all,achievable_lift_share,0.01174574028
0.15,146,all,shortfall_from_optimum_share,0.03889238247
0.15,146,all,loss_vs_status_quo_share,0.0271466422
0.15,146,all,n_agreeing,3
0.15,147,tv,relative_bias,-0.610796853
0.15,147,tv,covered,0
0.15,147,video,relative_bias,-0.8878257879
0.15,147,video,covered,0
0.15,147,search,relative_bias,-0.8351671882
0.15,147,search,covered,0
0.15,147,social,relative_bias,-0.8283093032
0.15,147,social,covered,0
0.15,147,ooh,relative_bias,1.99718882
0.15,147,ooh,covered,1
0.15,147,all,median_abs_relative_bias,0.8351671882
0.15,147,all,spearman,0.3
0.15,147,all,regret,2.83695717
0.15,147,all,beats_status_quo,0
0.15,147,all,achievable_lift_share,0.01177014549
0.15,147,all,shortfall_from_optimum_share,0.03339139862
0.15,147,all,loss_vs_status_quo_share,0.02162125314
0.15,147,all,n_agreeing,3
0.15,148,tv,relative_bias,1.903082397
0.15,148,tv,covered,0
0.15,148,video,relative_bias,-0.1314216065
0.15,148,video,covered,1
0.15,148,search,relative_bias,-0.4162981857
0.15,148,search,covered,1
0.15,148,social,relative_bias,0.1915768592
0.15,148,social,covered,1
0.15,148,ooh,relative_bias,1.095377476
0.15,148,ooh,covered,1
0.15,148,all,median_abs_relative_bias,0.4162981857
0.15,148,all,spearman,0.9
0.15,148,all,regret,1.382427189
0.15,148,all,beats_status_quo,0
0.15,148,all,achievable_lift_share,0.01169346488
0.15,148,all,shortfall_from_optimum_share,0.01616536378
0.15,148,all,loss_vs_status_quo_share,0.0044718989
0.15,148,all,n_agreeing,3
0.15,149,tv,relative_bias,1.380768877
0.15,149,tv,covered,0
0.15,149,video,relative_bias,-0.325966101
0.15,149,video,covered,1
0.15,149,search,relative_bias,-0.5041153348
0.15,149,search,covered,0
0.15,149,social,relative_bias,-0.4996050508
0.15,149,social,covered,1
0.15,149,ooh,relative_bias,-1
0.15,149,ooh,covered,1
0.15,149,all,median_abs_relative_bias,0.5041153348
0.15,149,all,spearman,1
0.15,149,all,regret,0.9234610293
0.15,149,all,beats_status_quo,1
0.15,149,all,achievable_lift_share,0.01207902571
0.15,149,all,shortfall_from_optimum_share,0.01115450951
0.15,149,all,loss_vs_status_quo_share,-0.000924516195
0.15,149,all,n_agreeing,3
0.15,150,tv,relative_bias,-0.7333906269
0.15,150,tv,covered,0
0.15,150,video,relative_bias,0.3573409721
0.15,150,video,covered,1
0.15,150,search,relative_bias,0.370351733
0.15,150,search,covered,1
0.15,150,social,relative_bias,-0.5497688483
0.15,150,social,covered,0
0.15,150,ooh,relative_bias,4.900445791
0.15,150,ooh,covered,0
0.15,150,all,median_abs_relative_bias,0.5497688483
0.15,150,all,spearman,0.2
0.15,150,all,regret,5.179040191
0.15,150,all,beats_status_quo,0
0.15,150,all,achievable_lift_share,0.01192260242
0.15,150,all,shortfall_from_optimum_share,0.06174763712
0.15,150,all,loss_vs_status_quo_share,0.0498250347
0.15,150,all,n_agreeing,3
0.15,151,tv,relative_bias,-0.4918867131
0.15,151,tv,covered,0
0.15,151,video,relative_bias,0.2318580074
0.15,151,video,covered,1
0.15,151,search,relative_bias,0.2101000926
0.15,151,search,covered,1
0.15,151,social,relative_bias,2.997957219
0.15,151,social,covered,1
0.15,151,ooh,relative_bias,0.004893281221
0.15,151,ooh,covered,1
0.15,151,all,median_abs_relative_bias,0.2318580074
0.15,151,all,spearman,0.1
0.15,151,all,regret,4.923971181
0.15,151,all,beats_status_quo,0
0.15,151,all,achievable_lift_share,0.01162064133
0.15,151,all,shortfall_from_optimum_share,0.057219703
0.15,151,all,loss_vs_status_quo_share,0.04559906167
0.15,151,all,n_agreeing,3
0.15,152,tv,relative_bias,-0.6705105364
0.15,152,tv,covered,0
0.15,152,video,relative_bias,2.5517785
0.15,152,video,covered,0
0.15,152,search,relative_bias,-0.1408545663
0.15,152,search,covered,1
0.15,152,social,relative_bias,2.8459429
0.15,152,social,covered,0
0.15,152,ooh,relative_bias,-0.1192105455
0.15,152,ooh,covered,1
0.15,152,all,median_abs_relative_bias,0.6705105364
0.15,152,all,spearman,0.3
0.15,152,all,regret,6.38065586
0.15,152,all,beats_status_quo,0
0.15,152,all,achievable_lift_share,0.01220437883
0.15,152,all,shortfall_from_optimum_share,0.0778719413
0.15,152,all,loss_vs_status_quo_share,0.06566756247
0.15,152,all,n_agreeing,3
0.15,153,tv,relative_bias,-0.2369305915
0.15,153,tv,covered,1
0.15,153,video,relative_bias,0.1637800592
0.15,153,video,covered,1
0.15,153,search,relative_bias,-0.1480425958
0.15,153,search,covered,1
0.15,153,social,relative_bias,-0.1079265954
0.15,153,social,covered,1
0.15,153,ooh,relative_bias,1.808154136
0.15,153,ooh,covered,1
0.15,153,all,median_abs_relative_bias,0.1637800592
0.15,153,all,spearman,0.9
0.15,153,all,regret,3.056048175
0.15,153,all,beats_status_quo,0
0.15,153,all,achievable_lift_share,0.01171325804
0.15,153,all,shortfall_from_optimum_share,0.03579628085
0.15,153,all,loss_vs_status_quo_share,0.02408302282
0.15,153,all,n_agreeing,3
0.15,154,tv,relative_bias,1.701952159
0.15,154,tv,covered,0
0.15,154,video,relative_bias,-0.8438906708
0.15,154,video,covered,0
0.15,154,search,relative_bias,0.5933130473
0.15,154,search,covered,1
0.15,154,social,relative_bias,-0.008724121565
0.15,154,social,covered,1
0.15,154,ooh,relative_bias,3.201732475
0.15,154,ooh,covered,1
0.15,154,all,median_abs_relative_bias,0.8438906708
0.15,154,all,spearman,0.3
0.15,154,all,regret,3.225601994
0.15,154,all,beats_status_quo,0
0.15,154,all,achievable_lift_share,0.01179872899
0.15,154,all,shortfall_from_optimum_share,0.03805800377
0.15,154,all,loss_vs_status_quo_share,0.02625927478
0.15,154,all,n_agreeing,3
0.15,155,tv,relative_bias,1.101648582
0.15,155,tv,covered,0
0.15,155,video,relative_bias,8.720573982
0.15,155,video,covered,0
0.15,155,search,relative_bias,-1
0.15,155,search,covered,0
0.15,155,social,relative_bias,-1
0.15,155,social,covered,0
0.15,155,ooh,relative_bias,-1
0.15,155,ooh,covered,0
0.15,155,all,median_abs_relative_bias,1
0.15,155,all,spearman,0.7826237921
0.15,155,all,regret,3.238212852
0.15,155,all,beats_status_quo,0
0.15,155,all,achievable_lift_share,0.01184493373
0.15,155,all,shortfall_from_optimum_share,0.03835641663
0.15,155,all,loss_vs_status_quo_share,0.0265114829
0.15,155,all,n_agreeing,3
0.15,156,tv,relative_bias,0.4620445348
0.15,156,tv,covered,1
0.15,156,video,relative_bias,1.545845097
0.15,156,video,covered,0
0.15,156,search,relative_bias,-0.06476994228
0.15,156,search,covered,1
0.15,156,social,relative_bias,-1
0.15,156,social,covered,1
0.15,156,ooh,relative_bias,4.031867055
0.15,156,ooh,covered,1
0.15,156,all,median_abs_relative_bias,1
0.15,156,all,spearman,0.7
0.15,156,all,regret,2.944352861
0.15,156,all,beats_status_quo,0
0.15,156,all,achievable_lift_share,0.01144793498
0.15,156,all,shortfall_from_optimum_share,0.0337067601
0.15,156,all,loss_vs_status_quo_share,0.02225882513
0.15,156,all,n_agreeing,3
0.15,157,tv,relative_bias,-0.4684557006
0.15,157,tv,covered,0
0.15,157,video,relative_bias,-0.5003767128
0.15,157,video,covered,0
0.15,157,search,relative_bias,-0.01229067033
0.15,157,search,covered,1
0.15,157,social,relative_bias,-1
0.15,157,social,covered,1
0.15,157,ooh,relative_bias,1.239580256
0.15,157,ooh,covered,1
0.15,157,all,median_abs_relative_bias,0.5003767128
0.15,157,all,spearman,0.8
0.15,157,all,regret,1.785906979
0.15,157,all,beats_status_quo,0
0.15,157,all,achievable_lift_share,0.01184740105
0.15,157,all,shortfall_from_optimum_share,0.02115835622
0.15,157,all,loss_vs_status_quo_share,0.00931095517
0.15,157,all,n_agreeing,3
0.15,158,tv,relative_bias,-0.429159387
0.15,158,tv,covered,0
0.15,158,video,relative_bias,-0.5722471401
0.15,158,video,covered,0
0.15,158,search,relative_bias,-0.5395848385
0.15,158,search,covered,1
0.15,158,social,relative_bias,-0.3928254248
0.15,158,social,covered,1
0.15,158,ooh,relative_bias,0.4782663013
0.15,158,ooh,covered,1
0.15,158,all,median_abs_relative_bias,0.4782663013
0.15,158,all,spearman,1
0.15,158,all,regret,6.851043416
0.15,158,all,beats_status_quo,0
0.15,158,all,achievable_lift_share,0.01192865501
0.15,158,all,shortfall_from_optimum_share,0.08172373336
0.15,158,all,loss_vs_status_quo_share,0.06979507835
0.15,158,all,n_agreeing,3
0.15,159,tv,relative_bias,0.8914362981
0.15,159,tv,covered,0
0.15,159,video,relative_bias,-0.3816715462
0.15,159,video,covered,0
0.15,159,search,relative_bias,0.09000819116
0.15,159,search,covered,1
0.15,159,social,relative_bias,-0.9673823869
0.15,159,social,covered,0
0.15,159,ooh,relative_bias,7.777123344
0.15,159,ooh,covered,1
0.15,159,all,median_abs_relative_bias,0.8914362981
0.15,159,all,spearman,0.3
0.15,159,all,regret,1.646175597
0.15,159,all,beats_status_quo,0
0.15,159,all,achievable_lift_share,0.01180574327
0.15,159,all,shortfall_from_optimum_share,0.01943432648
0.15,159,all,loss_vs_status_quo_share,0.007628583208
0.15,159,all,n_agreeing,3
0.15,160,tv,relative_bias,-0.6899368631
0.15,160,tv,covered,0
0.15,160,video,relative_bias,-0.9215451596
0.15,160,video,covered,0
0.15,160,search,relative_bias,-0.8005727172
0.15,160,search,covered,0
0.15,160,social,relative_bias,-0.8814524635
0.15,160,social,covered,0
0.15,160,ooh,relative_bias,0.9561072591
0.15,160,ooh,covered,1
0.15,160,all,median_abs_relative_bias,0.8814524635
0.15,160,all,spearman,0.3
0.15,160,all,regret,3.550613387
0.15,160,all,beats_status_quo,0
0.15,160,all,achievable_lift_share,0.01221432895
0.15,160,all,shortfall_from_optimum_share,0.04336835989
0.15,160,all,loss_vs_status_quo_share,0.03115403094
0.15,160,all,n_agreeing,3
0.15,161,tv,relative_bias,-0.3862191095
0.15,161,tv,covered,0
0.15,161,video,relative_bias,-0.3186487618
0.15,161,video,covered,0
0.15,161,search,relative_bias,0.1966896886
0.15,161,search,covered,1
0.15,161,social,relative_bias,0.3603690771
0.15,161,social,covered,1
0.15,161,ooh,relative_bias,1.454994266
0.15,161,ooh,covered,1
0.15,161,all,median_abs_relative_bias,0.3603690771
0.15,161,all,spearman,0.7
0.15,161,all,regret,0.4778816071
0.15,161,all,beats_status_quo,1
0.15,161,all,achievable_lift_share,0.01203144301
0.15,161,all,shortfall_from_optimum_share,0.005749605322
0.15,161,all,loss_vs_status_quo_share,-0.006281837688
0.15,161,all,n_agreeing,3
0.15,162,tv,relative_bias,0.5391965023
0.15,162,tv,covered,0
0.15,162,video,relative_bias,2.453311995
0.15,162,video,covered,0
0.15,162,search,relative_bias,0.1651401228
0.15,162,search,covered,1
0.15,162,social,relative_bias,-0.8325128138
0.15,162,social,covered,0
0.15,162,ooh,relative_bias,-1
0.15,162,ooh,covered,1
0.15,162,all,median_abs_relative_bias,0.8325128138
0.15,162,all,spearman,0.9
0.15,162,all,regret,2.196043314
0.15,162,all,beats_status_quo,0
0.15,162,all,achievable_lift_share,0.01164594152
0.15,162,all,shortfall_from_optimum_share,0.02557499202
0.15,162,all,loss_vs_status_quo_share,0.0139290505
0.15,162,all,n_agreeing,3
0.15,163,tv,relative_bias,-0.05377247917
0.15,163,tv,covered,0
0.15,163,video,relative_bias,-0.5675327988
0.15,163,video,covered,0
0.15,163,search,relative_bias,0.0451677223
0.15,163,search,covered,1
0.15,163,social,relative_bias,-0.5283215068
0.15,163,social,covered,0
0.15,163,ooh,relative_bias,3.041100029
0.15,163,ooh,covered,1
0.15,163,all,median_abs_relative_bias,0.5283215068
0.15,163,all,spearman,0.5
0.15,163,all,regret,5.91504488
0.15,163,all,beats_status_quo,0
0.15,163,all,achievable_lift_share,0.01175870513
0.15,163,all,shortfall_from_optimum_share,0.0695532686
0.15,163,all,loss_vs_status_quo_share,0.05779456347
0.15,163,all,n_agreeing,3
0.15,164,tv,relative_bias,-0.866526949
0.15,164,tv,covered,0
0.15,164,video,relative_bias,-0.6909928212
0.15,164,video,covered,0
0.15,164,search,relative_bias,-0.1826304276
0.15,164,search,covered,1
0.15,164,social,relative_bias,-0.5259361882
0.15,164,social,covered,0
0.15,164,ooh,relative_bias,3.303603875
0.15,164,ooh,covered,0
0.15,164,all,median_abs_relative_bias,0.6909928212
0.15,164,all,spearman,-0.7
0.15,164,all,regret,6.357286737
0.15,164,all,beats_status_quo,0
0.15,164,all,achievable_lift_share,0.01177761998
0.15,164,all,shortfall_from_optimum_share,0.07487370731
0.15,164,all,loss_vs_status_quo_share,0.06309608732
0.15,164,all,n_agreeing,3
0.15,165,tv,relative_bias,-0.2958899007
0.15,165,tv,covered,0
0.15,165,video,relative_bias,-0.5410896507
0.15,165,video,covered,0
0.15,165,search,relative_bias,0.1183153004
0.15,165,search,covered,1
0.15,165,social,relative_bias,-0.5910875024
0.15,165,social,covered,0
0.15,165,ooh,relative_bias,3.597350971
0.15,165,ooh,covered,0
0.15,165,all,median_abs_relative_bias,0.5410896507
0.15,165,all,spearman,0.5
0.15,165,all,regret,4.234955138
0.15,165,all,beats_status_quo,0
0.15,165,all,achievable_lift_share,0.01183730664
0.15,165,all,shortfall_from_optimum_share,0.05013046258
0.15,165,all,loss_vs_status_quo_share,0.03829315594
0.15,165,all,n_agreeing,3
0.15,166,tv,relative_bias,-0.5775910268
0.15,166,tv,covered,0
0.15,166,video,relative_bias,0.8383046009
0.15,166,video,covered,0
0.15,166,search,relative_bias,0.1276199253
0.15,166,search,covered,1
0.15,166,social,relative_bias,0.1656066779
0.15,166,social,covered,1
0.15,166,ooh,relative_bias,-0.5790620288
0.15,166,ooh,covered,1
0.15,166,all,median_abs_relative_bias,0.5775910268
0.15,166,all,spearman,0.7
0.15,166,all,regret,0.3034716951
0.15,166,all,beats_status_quo,1
0.15,166,all,achievable_lift_share,0.01186971042
0.15,166,all,shortfall_from_optimum_share,0.003602121141
0.15,166,all,loss_vs_status_quo_share,-0.008267589277
0.15,166,all,n_agreeing,3
0.15,167,tv,relative_bias,-0.3275284263
0.15,167,tv,covered,0
0.15,167,video,relative_bias,-0.169561434
0.15,167,video,covered,1
0.15,167,search,relative_bias,-0.4494270697
0.15,167,search,covered,0
0.15,167,social,relative_bias,-0.4031031754
0.15,167,social,covered,1
0.15,167,ooh,relative_bias,-1
0.15,167,ooh,covered,1
0.15,167,all,median_abs_relative_bias,0.4031031754
0.15,167,all,spearman,1
0.15,167,all,regret,1.399024831
0.15,167,all,beats_status_quo,0
0.15,167,all,achievable_lift_share,0.01159128216
0.15,167,all,shortfall_from_optimum_share,0.01621649157
0.15,167,all,loss_vs_status_quo_share,0.004625209406
0.15,167,all,n_agreeing,3
0.15,168,tv,relative_bias,1.776173382
0.15,168,tv,covered,0
0.15,168,video,relative_bias,-0.07383798882
0.15,168,video,covered,1
0.15,168,search,relative_bias,-1
0.15,168,search,covered,0
0.15,168,social,relative_bias,-0.5828378196
0.15,168,social,covered,0
0.15,168,ooh,relative_bias,-1
0.15,168,ooh,covered,1
0.15,168,all,median_abs_relative_bias,1
0.15,168,all,spearman,0.8207826817
0.15,168,all,regret,2.107180146
0.15,168,all,beats_status_quo,0
0.15,168,all,achievable_lift_share,0.01205550423
0.15,168,all,shortfall_from_optimum_share,0.02540311916
0.15,168,all,loss_vs_status_quo_share,0.01334761493
0.15,168,all,n_agreeing,3
0.15,169,tv,relative_bias,0.2497755236
0.15,169,tv,covered,1
0.15,169,video,relative_bias,-0.493456162
0.15,169,video,covered,0
0.15,169,search,relative_bias,-0.08391181661
0.15,169,search,covered,1
0.15,169,social,relative_bias,-1
0.15,169,social,covered,1
0.15,169,ooh,relative_bias,-1
0.15,169,ooh,covered,1
0.15,169,all,median_abs_relative_bias,0.493456162
0.15,169,all,spearman,0.8720815993
0.15,169,all,regret,1.547925882
0.15,169,all,beats_status_quo,0
0.15,169,all,achievable_lift_share,0.01167311635
0.15,169,all,shortfall_from_optimum_share,0.01806911893
0.15,169,all,loss_vs_status_quo_share,0.006396002577
0.15,169,all,n_agreeing,3
0.15,170,tv,relative_bias,-0.7135239795
0.15,170,tv,covered,0
0.15,170,video,relative_bias,0.06155201397
0.15,170,video,covered,0
0.15,170,search,relative_bias,-0.3962934359
0.15,170,search,covered,0
0.15,170,social,relative_bias,-0.963360914
0.15,170,social,covered,0
0.15,170,ooh,relative_bias,0.5914348853
0.15,170,ooh,covered,1
0.15,170,all,median_abs_relative_bias,0.5914348853
0.15,170,all,spearman,0.8
0.15,170,all,regret,4.979162207
0.15,170,all,beats_status_quo,0
0.15,170,all,achievable_lift_share,0.01197914838
0.15,170,all,shortfall_from_optimum_share,0.05964612291
0.15,170,all,loss_vs_status_quo_share,0.04766697452
0.15,170,all,n_agreeing,3
0.15,171,tv,relative_bias,-0.5276102089
0.15,171,tv,covered,0
0.15,171,video,relative_bias,0.3872285471
0.15,171,video,covered,1
0.15,171,search,relative_bias,-0.8117816143
0.15,171,search,covered,0
0.15,171,social,relative_bias,-0.3915544632
0.15,171,social,covered,1
0.15,171,ooh,relative_bias,-0.1394128724
0.15,171,ooh,covered,1
0.15,171,all,median_abs_relative_bias,0.3915544632
0.15,171,all,spearman,0.8
0.15,171,all,regret,2.461743811
0.15,171,all,beats_status_quo,0
0.15,171,all,achievable_lift_share,0.01180974426
0.15,171,all,shortfall_from_optimum_share,0.02907256485
0.15,171,all,loss_vs_status_quo_share,0.01726282059
0.15,171,all,n_agreeing,3
0.15,172,tv,relative_bias,-0.442303431
0.15,172,tv,covered,0
0.15,172,video,relative_bias,0.3562078638
0.15,172,video,covered,1
0.15,172,search,relative_bias,1.614749443
0.15,172,search,covered,0
0.15,172,social,relative_bias,-0.7217013885
0.15,172,social,covered,0
0.15,172,ooh,relative_bias,7.861534865
0.15,172,ooh,covered,1
0.15,172,all,median_abs_relative_bias,0.7217013885
0.15,172,all,spearman,-0.2
0.15,172,all,regret,3.258291582
0.15,172,all,beats_status_quo,0
0.15,172,all,achievable_lift_share,0.0118394701
0.15,172,all,shortfall_from_optimum_share,0.03857644577
0.15,172,all,loss_vs_status_quo_share,0.02673697567
0.15,172,all,n_agreeing,3
0.15,173,tv,relative_bias,-0.2903313164
0.15,173,tv,covered,0
0.15,173,video,relative_bias,0.9439983078
0.15,173,video,covered,1
0.15,173,search,relative_bias,1.961561382
0.15,173,search,covered,0
0.15,173,social,relative_bias,0.6402674213
0.15,173,social,covered,1
0.15,173,ooh,relative_bias,0.2826938986
0.15,173,ooh,covered,1
0.15,173,all,median_abs_relative_bias,0.6402674213
0.15,173,all,spearman,0.6
0.15,173,all,regret,0.404166605
0.15,173,all,beats_status_quo,1
0.15,173,all,achievable_lift_share,0.01208308076
0.15,173,all,shortfall_from_optimum_share,0.004883577729
0.15,173,all,loss_vs_status_quo_share,-0.007199503031
0.15,173,all,n_agreeing,3
0.15,174,tv,relative_bias,0.6701105365
0.15,174,tv,covered,1
0.15,174,video,relative_bias,0.6458258885
0.15,174,video,covered,1
0.15,174,search,relative_bias,0.4709858475
0.15,174,search,covered,1
0.15,174,social,relative_bias,-0.4315258577
0.15,174,social,covered,1
0.15,174,ooh,relative_bias,-1
0.15,174,ooh,covered,1
0.15,174,all,median_abs_relative_bias,0.6458258885
0.15,174,all,spearman,1
0.15,174,all,regret,2.22553566
0.15,174,all,beats_status_quo,0
0.15,174,all,achievable_lift_share,0.01162686617
0.15,174,all,shortfall_from_optimum_share,0.02587600528
0.15,174,all,loss_vs_status_quo_share,0.01424913911
0.15,174,all,n_agreeing,3
0.15,175,tv,relative_bias,-0.8239287814
0.15,175,tv,covered,0
0.15,175,video,relative_bias,-0.8593888828
0.15,175,video,covered,0
0.15,175,search,relative_bias,-0.65609124
0.15,175,search,covered,0
0.15,175,social,relative_bias,0.9134292837
0.15,175,social,covered,1
0.15,175,ooh,relative_bias,-1
0.15,175,ooh,covered,1
0.15,175,all,median_abs_relative_bias,0.8593888828
0.15,175,all,spearman,0.3
0.15,175,all,regret,4.986030606
0.15,175,all,beats_status_quo,0
0.15,175,all,achievable_lift_share,0.01220413514
0.15,175,all,shortfall_from_optimum_share,0.06085019132
0.15,175,all,loss_vs_status_quo_share,0.04864605618
0.15,175,all,n_agreeing,3
0.15,176,tv,relative_bias,-0.3919840287
0.15,176,tv,covered,0
0.15,176,video,relative_bias,-0.6611002053
0.15,176,video,covered,0
0.15,176,search,relative_bias,-0.7933464991
0.15,176,search,covered,0
0.15,176,social,relative_bias,0.009718732226
0.15,176,social,covered,1
0.15,176,ooh,relative_bias,0.2987179146
0.15,176,ooh,covered,1
0.15,176,all,median_abs_relative_bias,0.3919840287
0.15,176,all,spearman,0.5
0.15,176,all,regret,6.265441797
0.15,176,all,beats_status_quo,0
0.15,176,all,achievable_lift_share,0.01201368044
0.15,176,all,shortfall_from_optimum_share,0.07527101557
0.15,176,all,loss_vs_status_quo_share,0.06325733513
0.15,176,all,n_agreeing,3
0.15,177,tv,relative_bias,-0.3941493853
0.15,177,tv,covered,0
0.15,177,video,relative_bias,0.691935746
0.15,177,video,covered,1
0.15,177,search,relative_bias,0.4028884313
0.15,177,search,covered,1
0.15,177,social,relative_bias,0.9661636585
0.15,177,social,covered,1
0.15,177,ooh,relative_bias,-1
0.15,177,ooh,covered,1
0.15,177,all,median_abs_relative_bias,0.691935746
0.15,177,all,spearman,0.4
0.15,177,all,regret,0.7280855751
0.15,177,all,beats_status_quo,1
0.15,177,all,achievable_lift_share,0.01169623362
0.15,177,all,shortfall_from_optimum_share,0.008515858981
0.15,177,all,loss_vs_status_quo_share,-0.003180374638
0.15,177,all,n_agreeing,3
0.15,178,tv,relative_bias,-0.04278601103
0.15,178,tv,covered,1
0.15,178,video,relative_bias,1.10005232
0.15,178,video,covered,1
0.15,178,search,relative_bias,-0.7075134927
0.15,178,search,covered,0
0.15,178,social,relative_bias,-0.5614998693
0.15,178,social,covered,1
0.15,178,ooh,relative_bias,3.347237676
0.15,178,ooh,covered,0
0.15,178,all,median_abs_relative_bias,0.7075134927
0.15,178,all,spearman,0.6
0.15,178,all,regret,2.491525428
0.15,178,all,beats_status_quo,0
0.15,178,all,achievable_lift_share,0.01200548719
0.15,178,all,shortfall_from_optimum_share,0.02991197661
0.15,178,all,loss_vs_status_quo_share,0.01790648942
0.15,178,all,n_agreeing,3
0.15,179,tv,relative_bias,-0.1228252941
0.15,179,tv,covered,1
0.15,179,video,relative_bias,-0.8147130636
0.15,179,video,covered,0
0.15,179,search,relative_bias,0.1233328475
0.15,179,search,covered,1
0.15,179,social,relative_bias,-0.7452370704
0.15,179,social,covered,0
0.15,179,ooh,relative_bias,6.659995751
0.15,179,ooh,covered,0
0.15,179,all,median_abs_relative_bias,0.7452370704
0.15,179,all,spearman,0.3
0.15,179,all,regret,3.298913993
0.15,179,all,beats_status_quo,0
0.15,179,all,achievable_lift_share,0.01155690079
0.15,179,all,shortfall_from_optimum_share,0.03812522174
0.15,179,all,loss_vs_status_quo_share,0.02656832095
0.15,179,all,n_agreeing,3
0.15,180,tv,relative_bias,-0.603604635
0.15,180,tv,covered,0
0.15,180,video,relative_bias,-0.5812903777
0.15,180,video,covered,0
0.15,180,search,relative_bias,-0.9983769052
0.15,180,search,covered,1
0.15,180,social,relative_bias,-1
0.15,180,social,covered,0
0.15,180,ooh,relative_bias,8.151762114
0.15,180,ooh,covered,0
0.15,180,all,median_abs_relative_bias,0.9983769052
0.15,180,all,spearman,0
0.15,180,all,regret,3.445382632
0.15,180,all,beats_status_quo,0
0.15,180,all,achievable_lift_share,0.01209088822
0.15,180,all,shortfall_from_optimum_share,0.04165773627
0.15,180,all,loss_vs_status_quo_share,0.02956684805
0.15,180,all,n_agreeing,3
0.15,181,tv,relative_bias,1.474304421
0.15,181,tv,covered,0
0.15,181,video,relative_bias,-0.2845312391
0.15,181,video,covered,1
0.15,181,search,relative_bias,0.2776035572
0.15,181,search,covered,1
0.15,181,social,relative_bias,-0.08194437912
0.15,181,social,covered,1
0.15,181,ooh,relative_bias,2.69056664
0.15,181,ooh,covered,1
0.15,181,all,median_abs_relative_bias,0.2845312391
0.15,181,all,spearman,0.8
0.15,181,all,regret,1.574760705
0.15,181,all,beats_status_quo,0
0.15,181,all,achievable_lift_share,0.01115757799
0.15,181,all,shortfall_from_optimum_share,0.01757051539
0.15,181,all,loss_vs_status_quo_share,0.006412937397
0.15,181,all,n_agreeing,3
0.15,182,tv,relative_bias,-0.6036799623
0.15,182,tv,covered,0
0.15,182,video,relative_bias,-0.1060906541
0.15,182,video,covered,1
0.15,182,search,relative_bias,-0.7367225377
0.15,182,search,covered,0
0.15,182,social,relative_bias,2.011276417
0.15,182,social,covered,0
0.15,182,ooh,relative_bias,4.63121985
0.15,182,ooh,covered,0
0.15,182,all,median_abs_relative_bias,0.7367225377
0.15,182,all,spearman,-0.6
0.15,182,all,regret,4.698088477
0.15,182,all,beats_status_quo,0
0.15,182,all,achievable_lift_share,0.0119895184
0.15,182,all,shortfall_from_optimum_share,0.05632781825
0.15,182,all,loss_vs_status_quo_share,0.04433829985
0.15,182,all,n_agreeing,3
0.15,183,tv,relative_bias,0.6217899795
0.15,183,tv,covered,0
0.15,183,video,relative_bias,-0.2722475261
0.15,183,video,covered,1
0.15,183,search,relative_bias,-0.7561016283
0.15,183,search,covered,0
0.15,183,social,relative_bias,0.04209932806
0.15,183,social,covered,1
0.15,183,ooh,relative_bias,-1
0.15,183,ooh,covered,0
0.15,183,all,median_abs_relative_bias,0.6217899795
0.15,183,all,spearman,0.9
0.15,183,all,regret,2.334498586
0.15,183,all,beats_status_quo,0
0.15,183,all,achievable_lift_share,0.01178793826
0.15,183,all,shortfall_from_optimum_share,0.02751892521
0.15,183,all,loss_vs_status_quo_share,0.01573098695
0.15,183,all,n_agreeing,3
0.15,184,tv,relative_bias,-0.4325085599
0.15,184,tv,covered,0
0.15,184,video,relative_bias,2.178530307
0.15,184,video,covered,0
0.15,184,search,relative_bias,-0.05952971401
0.15,184,search,covered,1
0.15,184,social,relative_bias,0.9926684054
0.15,184,social,covered,0
0.15,184,ooh,relative_bias,0.414472587
0.15,184,ooh,covered,1
0.15,184,all,median_abs_relative_bias,0.4325085599
0.15,184,all,spearman,0.5
0.15,184,all,regret,0.8973905668
0.15,184,all,beats_status_quo,1
0.15,184,all,achievable_lift_share,0.01152122326
0.15,184,all,shortfall_from_optimum_share,0.01033903707
0.15,184,all,loss_vs_status_quo_share,-0.001182186188
0.15,184,all,n_agreeing,3
0.15,185,tv,relative_bias,0.9409978598
0.15,185,tv,covered,0
0.15,185,video,relative_bias,-0.5967629921
0.15,185,video,covered,0
0.15,185,search,relative_bias,-0.3972650026
0.15,185,search,covered,1
0.15,185,social,relative_bias,-0.6350498838
0.15,185,social,covered,0
0.15,185,ooh,relative_bias,-1
0.15,185,ooh,covered,1
0.15,185,all,median_abs_relative_bias,0.6350498838
0.15,185,all,spearman,0.9
0.15,185,all,regret,3.258100645
0.15,185,all,beats_status_quo,0
0.15,185,all,achievable_lift_share,0.01195289188
0.15,185,all,shortfall_from_optimum_share,0.03894372475
0.15,185,all,loss_vs_status_quo_share,0.02699083287
0.15,185,all,n_agreeing,3
0.15,186,tv,relative_bias,-0.4438150858
0.15,186,tv,covered,0
0.15,186,video,relative_bias,-0.5935581406
0.15,186,video,covered,0
0.15,186,search,relative_bias,0.6576026198
0.15,186,search,covered,1
0.15,186,social,relative_bias,-0.1819557794
0.15,186,social,covered,1
0.15,186,ooh,relative_bias,0.6239489906
0.15,186,ooh,covered,1
0.15,186,all,median_abs_relative_bias,0.5935581406
0.15,186,all,spearman,0.5
0.15,186,all,regret,7.25618559
0.15,186,all,beats_status_quo,0
0.15,186,all,achievable_lift_share,0.01144315417
0.15,186,all,shortfall_from_optimum_share,0.08303365038
0.15,186,all,loss_vs_status_quo_share,0.07159049621
0.15,186,all,n_agreeing,3
0.15,187,tv,relative_bias,-0.2370770115
0.15,187,tv,covered,0
0.15,187,video,relative_bias,-0.6942490546
0.15,187,video,covered,0
0.15,187,search,relative_bias,-0.3692890179
0.15,187,search,covered,0
0.15,187,social,relative_bias,-0.5156447137
0.15,187,social,covered,0
0.15,187,ooh,relative_bias,0.6828553255
0.15,187,ooh,covered,1
0.15,187,all,median_abs_relative_bias,0.5156447137
0.15,187,all,spearman,0.8
0.15,187,all,regret,1.295045888
0.15,187,all,beats_status_quo,0
0.15,187,all,achievable_lift_share,0.0121324101
0.15,187,all,shortfall_from_optimum_share,0.01571202781
0.15,187,all,loss_vs_status_quo_share,0.003579617714
0.15,187,all,n_agreeing,3
0.15,188,tv,relative_bias,-0.3274140664
0.15,188,tv,covered,0
0.15,188,video,relative_bias,0.3009480266
0.15,188,video,covered,1
0.15,188,search,relative_bias,-0.1299335304
0.15,188,search,covered,1
0.15,188,social,relative_bias,0.2540092612
0.15,188,social,covered,1
0.15,188,ooh,relative_bias,3.381764564
0.15,188,ooh,covered,0
0.15,188,all,median_abs_relative_bias,0.3009480266
0.15,188,all,spearman,0.6
0.15,188,all,regret,1.026325236
0.15,188,all,beats_status_quo,0
0.15,188,all,achievable_lift_share,0.01181764925
0.15,188,all,shortfall_from_optimum_share,0.01212875165
0.15,188,all,loss_vs_status_quo_share,0.0003111024011
0.15,188,all,n_agreeing,3
0.15,189,tv,relative_bias,-0.1862076925
0.15,189,tv,covered,1
0.15,189,video,relative_bias,-0.3796180992
0.15,189,video,covered,0
0.15,189,search,relative_bias,0.03696531151
0.15,189,search,covered,1
0.15,189,social,relative_bias,-0.6364689087
0.15,189,social,covered,0
0.15,189,ooh,relative_bias,-1
0.15,189,ooh,covered,1
0.15,189,all,median_abs_relative_bias,0.3796180992
0.15,189,all,spearman,0.9
0.15,189,all,regret,1.093791649
0.15,189,all,beats_status_quo,0
0.15,189,all,achievable_lift_share,0.01171061742
0.15,189,all,shortfall_from_optimum_share,0.01280897554
0.15,189,all,loss_vs_status_quo_share,0.001098358124
0.15,189,all,n_agreeing,3
0.15,190,tv,relative_bias,1.050727937
0.15,190,tv,covered,0
0.15,190,video,relative_bias,-0.3537054187
0.15,190,video,covered,1
0.15,190,search,relative_bias,0.035065888
0.15,190,search,covered,1
0.15,190,social,relative_bias,-1
0.15,190,social,covered,0
0.15,190,ooh,relative_bias,7.485203711
0.15,190,ooh,covered,0
0.15,190,all,median_abs_relative_bias,1
0.15,190,all,spearman,0.3
0.15,190,all,regret,1.297304916
0.15,190,all,beats_status_quo,0
0.15,190,all,achievable_lift_share,0.01164780348
0.15,190,all,shortfall_from_optimum_share,0.01511075272
0.15,190,all,loss_vs_status_quo_share,0.003462949236
0.15,190,all,n_agreeing,3
0.15,191,tv,relative_bias,-0.04028079923
0.15,191,tv,covered,1
0.15,191,video,relative_bias,-0.6185993862
0.15,191,video,covered,1
0.15,191,search,relative_bias,1.061691681
0.15,191,search,covered,1
0.15,191,social,relative_bias,-1
0.15,191,social,covered,1
0.15,191,ooh,relative_bias,-1
0.15,191,ooh,covered,1
0.15,191,all,median_abs_relative_bias,1
0.15,191,all,spearman,0.6668859289
0.15,191,all,regret,2.183637463
0.15,191,all,beats_status_quo,0
0.15,191,all,achievable_lift_share,0.01200340753
0.15,191,all,shortfall_from_optimum_share,0.02621109037
0.15,191,all,loss_vs_status_quo_share,0.01420768284
0.15,191,all,n_agreeing,3
0.15,192,tv,relative_bias,-0.8770169427
0.15,192,tv,covered,0
0.15,192,video,relative_bias,-0.5493643957
0.15,192,video,covered,0
0.15,192,search,relative_bias,-0.6663577399
0.15,192,search,covered,0
0.15,192,social,relative_bias,-0.8148434482
0.15,192,social,covered,0
0.15,192,ooh,relative_bias,-0.3960263336
0.15,192,ooh,covered,0
0.15,192,all,median_abs_relative_bias,0.6663577399
0.15,192,all,spearman,0.6
0.15,192,all,regret,1.852096511
0.15,192,all,beats_status_quo,0
0.15,192,all,achievable_lift_share,0.01160465353
0.15,192,all,shortfall_from_optimum_share,0.02149293832
0.15,192,all,loss_vs_status_quo_share,0.009888284788
0.15,192,all,n_agreeing,3
0.15,193,tv,relative_bias,-0.147751888
0.15,193,tv,covered,1
0.15,193,video,relative_bias,-1
0.15,193,video,covered,0
0.15,193,search,relative_bias,-0.7533180772
0.15,193,search,covered,0
0.15,193,social,relative_bias,-0.3695239266
0.15,193,social,covered,1
0.15,193,ooh,relative_bias,0.2312819845
0.15,193,ooh,covered,1
0.15,193,all,median_abs_relative_bias,0.3695239266
0.15,193,all,spearman,0.1
0.15,193,all,regret,5.119328055
0.15,193,all,beats_status_quo,0
0.15,193,all,achievable_lift_share,0.01172103069
0.15,193,all,shortfall_from_optimum_share,0.06000380122
0.15,193,all,loss_vs_status_quo_share,0.04828277053
0.15,193,all,n_agreeing,3
0.15,194,tv,relative_bias,0.01693024505
0.15,194,tv,covered,1
0.15,194,video,relative_bias,-0.106229733
0.15,194,video,covered,1
0.15,194,search,relative_bias,-0.6184594175
0.15,194,search,covered,0
0.15,194,social,relative_bias,0.09476811252
0.15,194,social,covered,1
0.15,194,ooh,relative_bias,5.801888875
0.15,194,ooh,covered,1
0.15,194,all,median_abs_relative_bias,0.106229733
0.15,194,all,spearman,0.3
0.15,194,all,regret,2.355666918
0.15,194,all,beats_status_quo,0
0.15,194,all,achievable_lift_share,0.01193731029
0.15,194,all,shortfall_from_optimum_share,0.02812032693
0.15,194,all,loss_vs_status_quo_share,0.01618301665
0.15,194,all,n_agreeing,3
0.15,195,tv,relative_bias,-0.001418116882
0.15,195,tv,covered,1
0.15,195,video,relative_bias,-0.6538547435
0.15,195,video,covered,0
0.15,195,search,relative_bias,0.7817871987
0.15,195,search,covered,1
0.15,195,social,relative_bias,0.9484824398
0.15,195,social,covered,1
0.15,195,ooh,relative_bias,0.991690514
0.15,195,ooh,covered,1
0.15,195,all,median_abs_relative_bias,0.7817871987
0.15,195,all,spearman,0.4
0.15,195,all,regret,2.876232646
0.15,195,all,beats_status_quo,0
0.15,195,all,achievable_lift_share,0.01195762259
0.15,195,all,shortfall_from_optimum_share,0.03439290446
0.15,195,all,loss_vs_status_quo_share,0.02243528187
0.15,195,all,n_agreeing,3
0.15,196,tv,relative_bias,1.512752393
0.15,196,tv,covered,0
0.15,196,video,relative_bias,0.3077381248
0.15,196,video,covered,1
0.15,196,search,relative_bias,-0.5898879998
0.15,196,search,covered,0
0.15,196,social,relative_bias,0.02204155538
0.15,196,social,covered,1
0.15,196,ooh,relative_bias,0.385332882
0.15,196,ooh,covered,1
0.15,196,all,median_abs_relative_bias,0.385332882
0.15,196,all,spearman,0.9
0.15,196,all,regret,3.063696584
0.15,196,all,beats_status_quo,0
0.15,196,all,achievable_lift_share,0.01190518367
0.15,196,all,shortfall_from_optimum_share,0.03647387056
0.15,196,all,loss_vs_status_quo_share,0.02456868688
0.15,196,all,n_agreeing,3
0.15,197,tv,relative_bias,-0.5308901602
0.15,197,tv,covered,0
0.15,197,video,relative_bias,-1
0.15,197,video,covered,0
0.15,197,search,relative_bias,-0.8800181055
0.15,197,search,covered,0
0.15,197,social,relative_bias,-0.1331638612
0.15,197,social,covered,1
0.15,197,ooh,relative_bias,0.6190189534
0.15,197,ooh,covered,1
0.15,197,all,median_abs_relative_bias,0.6190189534
0.15,197,all,spearman,0.1
0.15,197,all,regret,5.382972357
0.15,197,all,beats_status_quo,0
0.15,197,all,achievable_lift_share,0.01165799161
0.15,197,all,shortfall_from_optimum_share,0.0627546466
0.15,197,all,loss_vs_status_quo_share,0.05109665498
0.15,197,all,n_agreeing,3
0.15,198,tv,relative_bias,0.08279825242
0.15,198,tv,covered,1
0.15,198,video,relative_bias,0.3571007662
0.15,198,video,covered,1
0.15,198,search,relative_bias,1.088298729
0.15,198,search,covered,0
0.15,198,social,relative_bias,-1
0.15,198,social,covered,1
0.15,198,ooh,relative_bias,-0.3338639917
0.15,198,ooh,covered,1
0.15,198,all,median_abs_relative_bias,0.3571007662
0.15,198,all,spearman,0.8
0.15,198,all,regret,1.959240055
0.15,198,all,beats_status_quo,0
0.15,198,all,achievable_lift_share,0.01218839369
0.15,198,all,shortfall_from_optimum_share,0.02387998912
0.15,198,all,loss_vs_status_quo_share,0.01169159543
0.15,198,all,n_agreeing,3
0.15,199,tv,relative_bias,-0.2805663009
0.15,199,tv,covered,0
0.15,199,video,relative_bias,-0.5071248591
0.15,199,video,covered,1
0.15,199,search,relative_bias,1.049491289
0.15,199,search,covered,1
0.15,199,social,relative_bias,-1
0.15,199,social,covered,1
0.15,199,ooh,relative_bias,0.2863750733
0.15,199,ooh,covered,1
0.15,199,all,median_abs_relative_bias,0.5071248591
0.15,199,all,spearman,0.6
0.15,199,all,regret,3.071844505
0.15,199,all,beats_status_quo,0
0.15,199,all,achievable_lift_share,0.01216215274
0.15,199,all,shortfall_from_optimum_share,0.03736024207
0.15,199,all,loss_vs_status_quo_share,0.02519808933
0.15,199,all,n_agreeing,3
0.30,0,tv,relative_bias,-0.6378722486
0.30,0,tv,covered,0
0.30,0,video,relative_bias,0.4679291293
0.30,0,video,covered,1
0.30,0,search,relative_bias,0.01666537704
0.30,0,search,covered,1
0.30,0,social,relative_bias,-0.4408610302
0.30,0,social,covered,0
0.30,0,ooh,relative_bias,2.16791451
0.30,0,ooh,covered,0
0.30,0,all,median_abs_relative_bias,0.4679291293
0.30,0,all,spearman,0.6
0.30,0,all,regret,2.915486128
0.30,0,all,beats_status_quo,0
0.30,0,all,achievable_lift_share,0.01173353762
0.30,0,all,shortfall_from_optimum_share,0.03420896615
0.30,0,all,loss_vs_status_quo_share,0.02247542853
0.30,0,all,n_agreeing,3
0.30,1,tv,relative_bias,-0.541205333
0.30,1,tv,covered,0
0.30,1,video,relative_bias,-0.8376170131
0.30,1,video,covered,0
0.30,1,search,relative_bias,-0.7982221734
0.30,1,search,covered,0
0.30,1,social,relative_bias,-0.1909624542
0.30,1,social,covered,1
0.30,1,ooh,relative_bias,11.83877803
0.30,1,ooh,covered,0
0.30,1,all,median_abs_relative_bias,0.7982221734
0.30,1,all,spearman,-0.4
0.30,1,all,regret,4.152782032
0.30,1,all,beats_status_quo,0
0.30,1,all,achievable_lift_share,0.0120633535
0.30,1,all,shortfall_from_optimum_share,0.05009647768
0.30,1,all,loss_vs_status_quo_share,0.03803312417
0.30,1,all,n_agreeing,3
0.30,2,tv,relative_bias,1.222537091
0.30,2,tv,covered,0
0.30,2,video,relative_bias,0.7886320927
0.30,2,video,covered,0
0.30,2,search,relative_bias,0.4338169711
0.30,2,search,covered,0
0.30,2,social,relative_bias,-0.6920204664
0.30,2,social,covered,0
0.30,2,ooh,relative_bias,-0.5156053776
0.30,2,ooh,covered,1
0.30,2,all,median_abs_relative_bias,0.6920204664
0.30,2,all,spearman,1
0.30,2,all,regret,1.061776219
0.30,2,all,beats_status_quo,0
0.30,2,all,achievable_lift_share,0.01114675476
0.30,2,all,shortfall_from_optimum_share,0.01183535913
0.30,2,all,loss_vs_status_quo_share,0.0006886043663
0.30,2,all,n_agreeing,3
0.30,3,tv,relative_bias,0.6153486103
0.30,3,tv,covered,0
0.30,3,video,relative_bias,-0.867265888
0.30,3,video,covered,0
0.30,3,search,relative_bias,-0.114630957
0.30,3,search,covered,1
0.30,3,social,relative_bias,0.04265297899
0.30,3,social,covered,1
0.30,3,ooh,relative_bias,-0.5764202454
0.30,3,ooh,covered,0
0.30,3,all,median_abs_relative_bias,0.5764202454
0.30,3,all,spearman,0.7
0.30,3,all,regret,2.577638703
0.30,3,all,beats_status_quo,0
0.30,3,all,achievable_lift_share,0.01169833353
0.30,3,all,shortfall_from_optimum_share,0.03015407726
0.30,3,all,loss_vs_status_quo_share,0.01845574373
0.30,3,all,n_agreeing,3
0.30,4,tv,relative_bias,0.1324034211
0.30,4,tv,covered,1
0.30,4,video,relative_bias,-0.5340085553
0.30,4,video,covered,0
0.30,4,search,relative_bias,0.9157431454
0.30,4,search,covered,1
0.30,4,social,relative_bias,-0.233292918
0.30,4,social,covered,1
0.30,4,ooh,relative_bias,8.061228495
0.30,4,ooh,covered,0
0.30,4,all,median_abs_relative_bias,0.5340085553
0.30,4,all,spearman,0.3
0.30,4,all,regret,3.276342823
0.30,4,all,beats_status_quo,0
0.30,4,all,achievable_lift_share,0.01175862172
0.30,4,all,shortfall_from_optimum_share,0.0385252759
0.30,4,all,loss_vs_status_quo_share,0.02676665417
0.30,4,all,n_agreeing,3
0.30,5,tv,relative_bias,0.7720971365
0.30,5,tv,covered,0
0.30,5,video,relative_bias,-0.592288684
0.30,5,video,covered,0
0.30,5,search,relative_bias,-0.5931611163
0.30,5,search,covered,0
0.30,5,social,relative_bias,0.5617386651
0.30,5,social,covered,1
0.30,5,ooh,relative_bias,-0.3619396445
0.30,5,ooh,covered,1
0.30,5,all,median_abs_relative_bias,0.592288684
0.30,5,all,spearman,0.7
0.30,5,all,regret,2.810434958
0.30,5,all,beats_status_quo,0
0.30,5,all,achievable_lift_share,0.01130641941
0.30,5,all,shortfall_from_optimum_share,0.03177595636
0.30,5,all,loss_vs_status_quo_share,0.02046953695
0.30,5,all,n_agreeing,3
0.30,6,tv,relative_bias,-0.1658248651
0.30,6,tv,covered,0
0.30,6,video,relative_bias,-0.6085067753
0.30,6,video,covered,0
0.30,6,search,relative_bias,-0.6314992398
0.30,6,search,covered,0
0.30,6,social,relative_bias,0.4387898349
0.30,6,social,covered,1
0.30,6,ooh,relative_bias,4.121825042
0.30,6,ooh,covered,0
0.30,6,all,median_abs_relative_bias,0.6085067753
0.30,6,all,spearman,0.1
0.30,6,all,regret,4.153613892
0.30,6,all,beats_status_quo,0
0.30,6,all,achievable_lift_share,0.01160322499
0.30,6,all,shortfall_from_optimum_share,0.04819531654
0.30,6,all,loss_vs_status_quo_share,0.03659209154
0.30,6,all,n_agreeing,3
0.30,7,tv,relative_bias,0.1740313219
0.30,7,tv,covered,1
0.30,7,video,relative_bias,1.604179686
0.30,7,video,covered,0
0.30,7,search,relative_bias,-0.152506348
0.30,7,search,covered,1
0.30,7,social,relative_bias,0.655740197
0.30,7,social,covered,1
0.30,7,ooh,relative_bias,-0.5816641474
0.30,7,ooh,covered,1
0.30,7,all,median_abs_relative_bias,0.5816641474
0.30,7,all,spearman,0.8
0.30,7,all,regret,0.2413623666
0.30,7,all,beats_status_quo,1
0.30,7,all,achievable_lift_share,0.01194560754
0.30,7,all,shortfall_from_optimum_share,0.002883220105
0.30,7,all,loss_vs_status_quo_share,-0.009062387431
0.30,7,all,n_agreeing,3
0.30,8,tv,relative_bias,-0.5228626991
0.30,8,tv,covered,0
0.30,8,video,relative_bias,-0.5321011175
0.30,8,video,covered,0
0.30,8,search,relative_bias,-0.2250125176
0.30,8,search,covered,1
0.30,8,social,relative_bias,0.7938719764
0.30,8,social,covered,0
0.30,8,ooh,relative_bias,0.6925378762
0.30,8,ooh,covered,0
0.30,8,all,median_abs_relative_bias,0.5321011175
0.30,8,all,spearman,0.3
0.30,8,all,regret,2.585046465
0.30,8,all,beats_status_quo,0
0.30,8,all,achievable_lift_share,0.01098918845
0.30,8,all,shortfall_from_optimum_share,0.02840756276
0.30,8,all,loss_vs_status_quo_share,0.01741837431
0.30,8,all,n_agreeing,3
0.30,9,tv,relative_bias,-0.6141495395
0.30,9,tv,covered,0
0.30,9,video,relative_bias,-0.5697913965
0.30,9,video,covered,0
0.30,9,search,relative_bias,-0.8293105983
0.30,9,search,covered,0
0.30,9,social,relative_bias,-0.3533591197
0.30,9,social,covered,1
0.30,9,ooh,relative_bias,4.893794172
0.30,9,ooh,covered,0
0.30,9,all,median_abs_relative_bias,0.6141495395
0.30,9,all,spearman,-0.1
0.30,9,all,regret,6.652383258
0.30,9,all,beats_status_quo,0
0.30,9,all,achievable_lift_share,0.011340044
0.30,9,all,shortfall_from_optimum_share,0.07543831883
0.30,9,all,loss_vs_status_quo_share,0.06409827483
0.30,9,all,n_agreeing,3
0.30,10,tv,relative_bias,1.31682413
0.30,10,tv,covered,0
0.30,10,video,relative_bias,-0.6775531314
0.30,10,video,covered,0
0.30,10,search,relative_bias,0.4419511832
0.30,10,search,covered,1
0.30,10,social,relative_bias,-0.4452993366
0.30,10,social,covered,0
0.30,10,ooh,relative_bias,0.1551982095
0.30,10,ooh,covered,1
0.30,10,all,median_abs_relative_bias,0.4452993366
0.30,10,all,spearman,0.9
0.30,10,all,regret,3.655721451
0.30,10,all,beats_status_quo,0
0.30,10,all,achievable_lift_share,0.01177286186
0.30,10,all,shortfall_from_optimum_share,0.04303830364
0.30,10,all,loss_vs_status_quo_share,0.03126544178
0.30,10,all,n_agreeing,3
0.30,11,tv,relative_bias,-0.6526610169
0.30,11,tv,covered,0
0.30,11,video,relative_bias,-0.5996787404
0.30,11,video,covered,0
0.30,11,search,relative_bias,-0.4533177823
0.30,11,search,covered,0
0.30,11,social,relative_bias,-0.2265700555
0.30,11,social,covered,0
0.30,11,ooh,relative_bias,0.3597970932
0.30,11,ooh,covered,1
0.30,11,all,median_abs_relative_bias,0.4533177823
0.30,11,all,spearman,0.7
0.30,11,all,regret,2.780239581
0.30,11,all,beats_status_quo,0
0.30,11,all,achievable_lift_share,0.0114725504
0.30,11,all,shortfall_from_optimum_share,0.03189643872
0.30,11,all,loss_vs_status_quo_share,0.02042388832
0.30,11,all,n_agreeing,3
0.30,12,tv,relative_bias,-0.227489924
0.30,12,tv,covered,0
0.30,12,video,relative_bias,-0.7861736923
0.30,12,video,covered,0
0.30,12,search,relative_bias,0.9072754049
0.30,12,search,covered,0
0.30,12,social,relative_bias,-0.4147354075
0.30,12,social,covered,0
0.30,12,ooh,relative_bias,4.699005786
0.30,12,ooh,covered,0
0.30,12,all,median_abs_relative_bias,0.7861736923
0.30,12,all,spearman,0.1
0.30,12,all,regret,4.03976191
0.30,12,all,beats_status_quo,0
0.30,12,all,achievable_lift_share,0.0112791428
0.30,12,all,shortfall_from_optimum_share,0.04556505148
0.30,12,all,loss_vs_status_quo_share,0.03428590867
0.30,12,all,n_agreeing,3
0.30,13,tv,relative_bias,-0.7058996023
0.30,13,tv,covered,0
0.30,13,video,relative_bias,0.7655237964
0.30,13,video,covered,0
0.30,13,search,relative_bias,0.3772651369
0.30,13,search,covered,1
0.30,13,social,relative_bias,-0.6465746653
0.30,13,social,covered,0
0.30,13,ooh,relative_bias,2.213288965
0.30,13,ooh,covered,0
0.30,13,all,median_abs_relative_bias,0.7058996023
0.30,13,all,spearman,0.2
0.30,13,all,regret,5.413847039
0.30,13,all,beats_status_quo,0
0.30,13,all,achievable_lift_share,0.01117413009
0.30,13,all,shortfall_from_optimum_share,0.0604950311
0.30,13,all,loss_vs_status_quo_share,0.04932090101
0.30,13,all,n_agreeing,3
0.30,14,tv,relative_bias,0.6084605697
0.30,14,tv,covered,0
0.30,14,video,relative_bias,-0.7096762826
0.30,14,video,covered,0
0.30,14,search,relative_bias,-0.7253506423
0.30,14,search,covered,0
0.30,14,social,relative_bias,-0.4783547346
0.30,14,social,covered,0
0.30,14,ooh,relative_bias,0.06179986165
0.30,14,ooh,covered,1
0.30,14,all,median_abs_relative_bias,0.6084605697
0.30,14,all,spearman,0.9
0.30,14,all,regret,5.664760227
0.30,14,all,beats_status_quo,0
0.30,14,all,achievable_lift_share,0.01056962944
0.30,14,all,shortfall_from_optimum_share,0.05987441649
0.30,14,all,loss_vs_status_quo_share,0.04930478705
0.30,14,all,n_agreeing,3
0.30,15,tv,relative_bias,1.972466047
0.30,15,tv,covered,0
0.30,15,video,relative_bias,-0.1595518789
0.30,15,video,covered,1
0.30,15,search,relative_bias,0.2021451458
0.30,15,search,covered,1
0.30,15,social,relative_bias,-0.5712588169
0.30,15,social,covered,0
0.30,15,ooh,relative_bias,1.365833708
0.30,15,ooh,covered,0
0.30,15,all,median_abs_relative_bias,0.5712588169
0.30,15,all,spearman,0.8
0.30,15,all,regret,1.308136415
0.30,15,all,beats_status_quo,0
0.30,15,all,achievable_lift_share,0.01194550317
0.30,15,all,shortfall_from_optimum_share,0.01562634769
0.30,15,all,loss_vs_status_quo_share,0.00368084452
0.30,15,all,n_agreeing,3
0.30,16,tv,relative_bias,0.422086117
0.30,16,tv,covered,0
0.30,16,video,relative_bias,0.6341907358
0.30,16,video,covered,1
0.30,16,search,relative_bias,0.3808362596
0.30,16,search,covered,1
0.30,16,social,relative_bias,0.5659515913
0.30,16,social,covered,1
0.30,16,ooh,relative_bias,-0.370704535
0.30,16,ooh,covered,0
0.30,16,all,median_abs_relative_bias,0.422086117
0.30,16,all,spearman,1
0.30,16,all,regret,0.1640968866
0.30,16,all,beats_status_quo,1
0.30,16,all,achievable_lift_share,0.01084632798
0.30,16,all,shortfall_from_optimum_share,0.001779848652
0.30,16,all,loss_vs_status_quo_share,-0.009066479323
0.30,16,all,n_agreeing,3
0.30,17,tv,relative_bias,-0.4112680526
0.30,17,tv,covered,0
0.30,17,video,relative_bias,-0.2023078739
0.30,17,video,covered,0
0.30,17,search,relative_bias,-0.8232756205
0.30,17,search,covered,0
0.30,17,social,relative_bias,0.4736814712
0.30,17,social,covered,1
0.30,17,ooh,relative_bias,0.3679683956
0.30,17,ooh,covered,1
0.30,17,all,median_abs_relative_bias,0.4112680526
0.30,17,all,spearman,0.5
0.30,17,all,regret,2.864105866
0.30,17,all,beats_status_quo,0
0.30,17,all,achievable_lift_share,0.01170671204
0.30,17,all,shortfall_from_optimum_share,0.03352926263
0.30,17,all,loss_vs_status_quo_share,0.02182255059
0.30,17,all,n_agreeing,3
0.30,18,tv,relative_bias,-0.1859101107
0.30,18,tv,covered,0
0.30,18,video,relative_bias,1.76922982
0.30,18,video,covered,0
0.30,18,search,relative_bias,-0.4605752429
0.30,18,search,covered,0
0.30,18,social,relative_bias,0.6458891857
0.30,18,social,covered,1
0.30,18,ooh,relative_bias,-0.4314801768
0.30,18,ooh,covered,1
0.30,18,all,median_abs_relative_bias,0.4605752429
0.30,18,all,spearman,0.8
0.30,18,all,regret,0.4570708663
0.30,18,all,beats_status_quo,1
0.30,18,all,achievable_lift_share,0.01159099473
0.30,18,all,shortfall_from_optimum_share,0.005297906002
0.30,18,all,loss_vs_status_quo_share,-0.006293088728
0.30,18,all,n_agreeing,3
0.30,19,tv,relative_bias,-0.6058955606
0.30,19,tv,covered,0
0.30,19,video,relative_bias,1.077398353
0.30,19,video,covered,0
0.30,19,search,relative_bias,-0.3019116341
0.30,19,search,covered,1
0.30,19,social,relative_bias,-0.6382973896
0.30,19,social,covered,0
0.30,19,ooh,relative_bias,2.377897639
0.30,19,ooh,covered,1
0.30,19,all,median_abs_relative_bias,0.6382973896
0.30,19,all,spearman,0.6
0.30,19,all,regret,1.41752449
0.30,19,all,beats_status_quo,0
0.30,19,all,achievable_lift_share,0.01152233558
0.30,19,all,shortfall_from_optimum_share,0.01633319286
0.30,19,all,loss_vs_status_quo_share,0.004810857284
0.30,19,all,n_agreeing,3
0.30,20,tv,relative_bias,-0.2593249649
0.30,20,tv,covered,0
0.30,20,video,relative_bias,-0.8103367784
0.30,20,video,covered,0
0.30,20,search,relative_bias,-0.446077663
0.30,20,search,covered,0
0.30,20,social,relative_bias,1.871634125
0.30,20,social,covered,0
0.30,20,ooh,relative_bias,-0.3767542126
0.30,20,ooh,covered,0
0.30,20,all,median_abs_relative_bias,0.446077663
0.30,20,all,spearman,0.3
0.30,20,all,regret,2.213923732
0.30,20,all,beats_status_quo,0
0.30,20,all,achievable_lift_share,0.01230071522
0.30,20,all,shortfall_from_optimum_share,0.02723284534
0.30,20,all,loss_vs_status_quo_share,0.01493213012
0.30,20,all,n_agreeing,3
0.30,21,tv,relative_bias,-0.5150367678
0.30,21,tv,covered,0
0.30,21,video,relative_bias,-0.299710727
0.30,21,video,covered,0
0.30,21,search,relative_bias,-0.2824555223
0.30,21,search,covered,1
0.30,21,social,relative_bias,1.626293011
0.30,21,social,covered,0
0.30,21,ooh,relative_bias,10.77404926
0.30,21,ooh,covered,0
0.30,21,all,median_abs_relative_bias,0.5150367678
0.30,21,all,spearman,-0.6
0.30,21,all,regret,1.591534421
0.30,21,all,beats_status_quo,0
0.30,21,all,achievable_lift_share,0.01115099576
0.30,21,all,shortfall_from_optimum_share,0.01774719357
0.30,21,all,loss_vs_status_quo_share,0.006596197816
0.30,21,all,n_agreeing,3
0.30,22,tv,relative_bias,0.307026274
0.30,22,tv,covered,0
0.30,22,video,relative_bias,-0.809488266
0.30,22,video,covered,0
0.30,22,search,relative_bias,-0.6474151504
0.30,22,search,covered,0
0.30,22,social,relative_bias,-0.04682302357
0.30,22,social,covered,1
0.30,22,ooh,relative_bias,-0.1302341437
0.30,22,ooh,covered,1
0.30,22,all,median_abs_relative_bias,0.307026274
0.30,22,all,spearman,0.6
0.30,22,all,regret,5.205562244
0.30,22,all,beats_status_quo,0
0.30,22,all,achievable_lift_share,0.01158522536
0.30,22,all,shortfall_from_optimum_share,0.0603076117
0.30,22,all,loss_vs_status_quo_share,0.04872238634
0.30,22,all,n_agreeing,3
0.30,23,tv,relative_bias,-0.5106035382
0.30,23,tv,covered,0
0.30,23,video,relative_bias,0.5237177419
0.30,23,video,covered,1
0.30,23,search,relative_bias,-0.04583608624
0.30,23,search,covered,1
0.30,23,social,relative_bias,-0.455642923
0.30,23,social,covered,1
0.30,23,ooh,relative_bias,0.0649610039
0.30,23,ooh,covered,1
0.30,23,all,median_abs_relative_bias,0.455642923
0.30,23,all,spearman,0.9
0.30,23,all,regret,0.8085497126
0.30,23,all,beats_status_quo,1
0.30,23,all,achievable_lift_share,0.01136428685
0.30,23,all,shortfall_from_optimum_share,0.009188590868
0.30,23,all,loss_vs_status_quo_share,-0.002175695984
0.30,23,all,n_agreeing,3
0.30,24,tv,relative_bias,0.8063895993
0.30,24,tv,covered,0
0.30,24,video,relative_bias,-0.2736346157
0.30,24,video,covered,0
0.30,24,search,relative_bias,-0.7603529643
0.30,24,search,covered,0
0.30,24,social,relative_bias,-0.7184000622
0.30,24,social,covered,0
0.30,24,ooh,relative_bias,5.118421489
0.30,24,ooh,covered,1
0.30,24,all,median_abs_relative_bias,0.7603529643
0.30,24,all,spearman,0.4
0.30,24,all,regret,3.60164359
0.30,24,all,beats_status_quo,0
0.30,24,all,achievable_lift_share,0.01168126924
0.30,24,all,shortfall_from_optimum_share,0.04207176848
0.30,24,all,loss_vs_status_quo_share,0.03039049924
0.30,24,all,n_agreeing,3
0.30,25,tv,relative_bias,2.077559003
0.30,25,tv,covered,0
0.30,25,video,relative_bias,-0.7693887305
0.30,25,video,covered,0
0.30,25,search,relative_bias,-0.7622824954
0.30,25,search,covered,0
0.30,25,social,relative_bias,1.50412271
0.30,25,social,covered,0
0.30,25,ooh,relative_bias,0.7122180918
0.30,25,ooh,covered,1
0.30,25,all,median_abs_relative_bias,0.7693887305
0.30,25,all,spearman,0.2
0.30,25,all,regret,5.32601874
0.30,25,all,beats_status_quo,0
0.30,25,all,achievable_lift_share,0.01126043056
0.30,25,all,shortfall_from_optimum_share,0.0599732642
0.30,25,all,loss_vs_status_quo_share,0.04871283364
0.30,25,all,n_agreeing,3
0.30,26,tv,relative_bias,-0.1948082706
0.30,26,tv,covered,0
0.30,26,video,relative_bias,2.385396608
0.30,26,video,covered,0
0.30,26,search,relative_bias,1.813814943
0.30,26,search,covered,0
0.30,26,social,relative_bias,0.2966244831
0.30,26,social,covered,1
0.30,26,ooh,relative_bias,1.253079733
0.30,26,ooh,covered,1
0.30,26,all,median_abs_relative_bias,1.253079733
0.30,26,all,spearman,0.7
0.30,26,all,regret,1.677811953
0.30,26,all,beats_status_quo,0
0.30,26,all,achievable_lift_share,0.01134785591
0.30,26,all,shortfall_from_optimum_share,0.01903956828
0.30,26,all,loss_vs_status_quo_share,0.007691712373
0.30,26,all,n_agreeing,3
0.30,27,tv,relative_bias,-0.08747430262
0.30,27,tv,covered,1
0.30,27,video,relative_bias,-0.6295901936
0.30,27,video,covered,0
0.30,27,search,relative_bias,3.268656234
0.30,27,search,covered,0
0.30,27,social,relative_bias,2.572489844
0.30,27,social,covered,0
0.30,27,ooh,relative_bias,3.694101123
0.30,27,ooh,covered,1
0.30,27,all,median_abs_relative_bias,2.572489844
0.30,27,all,spearman,-0.1
0.30,27,all,regret,2.727966044
0.30,27,all,beats_status_quo,0
0.30,27,all,achievable_lift_share,0.01132966693
0.30,27,all,shortfall_from_optimum_share,0.03090694668
0.30,27,all,loss_vs_status_quo_share,0.01957727975
0.30,27,all,n_agreeing,3
0.30,28,tv,relative_bias,-0.5954200857
0.30,28,tv,covered,0
0.30,28,video,relative_bias,0.1383423231
0.30,28,video,covered,1
0.30,28,search,relative_bias,-0.4599809005
0.30,28,search,covered,0
0.30,28,social,relative_bias,2.856577544
0.30,28,social,covered,0
0.30,28,ooh,relative_bias,1.803129258
0.30,28,ooh,covered,1
0.30,28,all,median_abs_relative_bias,0.5954200857
0.30,28,all,spearman,0.1
0.30,28,all,regret,5.752137384
0.30,28,all,beats_status_quo,0
0.30,28,all,achievable_lift_share,0.01116880493
0.30,28,all,shortfall_from_optimum_share,0.06424450037
0.30,28,all,loss_vs_status_quo_share,0.05307569544
0.30,28,all,n_agreeing,3
0.30,29,tv,relative_bias,-0.4542296984
0.30,29,tv,covered,0
0.30,29,video,relative_bias,-0.5138195628
0.30,29,video,covered,0
0.30,29,search,relative_bias,-0.6732217552
0.30,29,search,covered,0
0.30,29,social,relative_bias,-0.409105924
0.30,29,social,covered,0
0.30,29,ooh,relative_bias,0.60514721
0.30,29,ooh,covered,1
0.30,29,all,median_abs_relative_bias,0.5138195628
0.30,29,all,spearman,0.7
0.30,29,all,regret,5.311659935
0.30,29,all,beats_status_quo,0
0.30,29,all,achievable_lift_share,0.01124139665
0.30,29,all,shortfall_from_optimum_share,0.05971047619
0.30,29,all,loss_vs_status_quo_share,0.04846907955
0.30,29,all,n_agreeing,3
0.30,30,tv,relative_bias,-0.2582204193
0.30,30,tv,covered,0
0.30,30,video,relative_bias,-0.4220138981
0.30,30,video,covered,0
0.30,30,search,relative_bias,-0.7176953832
0.30,30,search,covered,0
0.30,30,social,relative_bias,-0.5350765823
0.30,30,social,covered,0
0.30,30,ooh,relative_bias,2.087553493
0.30,30,ooh,covered,0
0.30,30,all,median_abs_relative_bias,0.5350765823
0.30,30,all,spearman,0.6
0.30,30,all,regret,5.052053361
0.30,30,all,beats_status_quo,0
0.30,30,all,achievable_lift_share,0.01160447672
0.30,30,all,shortfall_from_optimum_share,0.05862643562
0.30,30,all,loss_vs_status_quo_share,0.0470219589
0.30,30,all,n_agreeing,3
0.30,31,tv,relative_bias,-0.1004397615
0.30,31,tv,covered,1
0.30,31,video,relative_bias,0.6578670198
0.30,31,video,covered,0
0.30,31,search,relative_bias,0.808961638
0.30,31,search,covered,0
0.30,31,social,relative_bias,-0.5332894061
0.30,31,social,covered,0
0.30,31,ooh,relative_bias,-0.2761597189
0.30,31,ooh,covered,1
0.30,31,all,median_abs_relative_bias,0.5332894061
0.30,31,all,spearman,0.9
0.30,31,all,regret,2.209697805
0.30,31,all,beats_status_quo,0
0.30,31,all,achievable_lift_share,0.01152528026
0.30,31,all,shortfall_from_optimum_share,0.0254673865
0.30,31,all,loss_vs_status_quo_share,0.01394210624
0.30,31,all,n_agreeing,3
0.30,32,tv,relative_bias,-0.6340978394
0.30,32,tv,covered,0
0.30,32,video,relative_bias,0.2673822212
0.30,32,video,covered,1
0.30,32,search,relative_bias,0.06366017626
0.30,32,search,covered,1
0.30,32,social,relative_bias,0.01529013907
0.30,32,social,covered,1
0.30,32,ooh,relative_bias,0.3298955816
0.30,32,ooh,covered,1
0.30,32,all,median_abs_relative_bias,0.2673822212
0.30,32,all,spearman,0.7
0.30,32,all,regret,5.882889019
0.30,32,all,beats_status_quo,0
0.30,32,all,achievable_lift_share,0.01131595334
0.30,32,all,shortfall_from_optimum_share,0.06657049765
0.30,32,all,loss_vs_status_quo_share,0.05525454431
0.30,32,all,n_agreeing,3
0.30,33,tv,relative_bias,-0.1375830752
0.30,33,tv,covered,0
0.30,33,video,relative_bias,0.292282603
0.30,33,video,covered,1
0.30,33,search,relative_bias,0.3734076744
0.30,33,search,covered,1
0.30,33,social,relative_bias,-0.8078525474
0.30,33,social,covered,0
0.30,33,ooh,relative_bias,0.8681613332
0.30,33,ooh,covered,1
0.30,33,all,median_abs_relative_bias,0.3734076744
0.30,33,all,spearman,0.9
0.30,33,all,regret,1.089069786
0.30,33,all,beats_status_quo,0
0.30,33,all,achievable_lift_share,0.01181595628
0.30,33,all,shortfall_from_optimum_share,0.01286840097
0.30,33,all,loss_vs_status_quo_share,0.001052444698
0.30,33,all,n_agreeing,3
0.30,34,tv,relative_bias,0.6993279311
0.30,34,tv,covered,0
0.30,34,video,relative_bias,-0.03246500314
0.30,34,video,covered,1
0.30,34,search,relative_bias,-0.4724596631
0.30,34,search,covered,0
0.30,34,social,relative_bias,0.4838890842
0.30,34,social,covered,1
0.30,34,ooh,relative_bias,-0.6841114204
0.30,34,ooh,covered,1
0.30,34,all,median_abs_relative_bias,0.4838890842
0.30,34,all,spearman,0.9
0.30,34,all,regret,0.06347080859
0.30,34,all,beats_status_quo,1
0.30,34,all,achievable_lift_share,0.01186197486
0.30,34,all,shortfall_from_optimum_share,0.000752889136
0.30,34,all,loss_vs_status_quo_share,-0.01110908573
0.30,34,all,n_agreeing,3
0.30,35,tv,relative_bias,-0.5058454493
0.30,35,tv,covered,0
0.30,35,video,relative_bias,-0.126651753
0.30,35,video,covered,1
0.30,35,search,relative_bias,-0.8493487335
0.30,35,search,covered,0
0.30,35,social,relative_bias,3.686584569
0.30,35,social,covered,0
0.30,35,ooh,relative_bias,0.7434165712
0.30,35,ooh,covered,1
0.30,35,all,median_abs_relative_bias,0.7434165712
0.30,35,all,spearman,0.2
0.30,35,all,regret,5.236330168
0.30,35,all,beats_status_quo,0
0.30,35,all,achievable_lift_share,0.01151289765
0.30,35,all,shortfall_from_optimum_share,0.06028533331
0.30,35,all,loss_vs_status_quo_share,0.04877243565
0.30,35,all,n_agreeing,3
0.30,36,tv,relative_bias,0.4496229995
0.30,36,tv,covered,0
0.30,36,video,relative_bias,0.008662929387
0.30,36,video,covered,1
0.30,36,search,relative_bias,-0.7464992681
0.30,36,search,covered,0
0.30,36,social,relative_bias,2.372030765
0.30,36,social,covered,0
0.30,36,ooh,relative_bias,-0.1069466537
0.30,36,ooh,covered,1
0.30,36,all,median_abs_relative_bias,0.4496229995
0.30,36,all,spearman,0.7
0.30,36,all,regret,4.71881156
0.30,36,all,beats_status_quo,0
0.30,36,all,achievable_lift_share,0.01119246295
0.30,36,all,shortfall_from_optimum_share,0.05281512358
0.30,36,all,loss_vs_status_quo_share,0.04162266062
0.30,36,all,n_agreeing,3
0.30,37,tv,relative_bias,0.5756371956
0.30,37,tv,covered,0
0.30,37,video,relative_bias,-0.02576659687
0.30,37,video,covered,1
0.30,37,search,relative_bias,-0.3914839287
0.30,37,search,covered,0
0.30,37,social,relative_bias,-0.0120228744
0.30,37,social,covered,1
0.30,37,ooh,relative_bias,0.4757231171
0.30,37,ooh,covered,1
0.30,37,all,median_abs_relative_bias,0.3914839287
0.30,37,all,spearman,0.9
0.30,37,all,regret,0.06294413963
0.30,37,all,beats_status_quo,1
0.30,37,all,achievable_lift_share,0.01180916542
0.30,37,all,shortfall_from_optimum_share,0.000743317757
0.30,37,all,loss_vs_status_quo_share,-0.01106584766
0.30,37,all,n_agreeing,3
0.30,38,tv,relative_bias,-0.7389985365
0.30,38,tv,covered,0
0.30,38,video,relative_bias,-0.4041071573
0.30,38,video,covered,0
0.30,38,search,relative_bias,0.6699812553
0.30,38,search,covered,1
0.30,38,social,relative_bias,0.4440483209
0.30,38,social,covered,1
0.30,38,ooh,relative_bias,3.880208019
0.30,38,ooh,covered,1
0.30,38,all,median_abs_relative_bias,0.6699812553
0.30,38,all,spearman,-0.7
0.30,38,all,regret,6.299819219
0.30,38,all,beats_status_quo,0
0.30,38,all,achievable_lift_share,0.01146325459
0.30,38,all,shortfall_from_optimum_share,0.07221643156
0.30,38,all,loss_vs_status_quo_share,0.06075317697
0.30,38,all,n_agreeing,3
0.30,39,tv,relative_bias,0.34258453
0.30,39,tv,covered,0
0.30,39,video,relative_bias,0.2390010794
0.30,39,video,covered,1
0.30,39,search,relative_bias,-0.2348204278
0.30,39,search,covered,1
0.30,39,social,relative_bias,-0.59900871
0.30,39,social,covered,0
0.30,39,ooh,relative_bias,2.344381688
0.30,39,ooh,covered,1
0.30,39,all,median_abs_relative_bias,0.34258453
0.30,39,all,spearman,0.9
0.30,39,all,regret,1.273554981
0.30,39,all,beats_status_quo,0
0.30,39,all,achievable_lift_share,0.01182707987
0.30,39,all,shortfall_from_optimum_share,0.01506243648
0.30,39,all,loss_vs_status_quo_share,0.003235356609
0.30,39,all,n_agreeing,3
0.30,40,tv,relative_bias,-0.1468761568
0.30,40,tv,covered,0
0.30,40,video,relative_bias,-0.4405843378
0.30,40,video,covered,0
0.30,40,search,relative_bias,-0.5799290859
0.30,40,search,covered,0
0.30,40,social,relative_bias,-0.8149209985
0.30,40,social,covered,0
0.30,40,ooh,relative_bias,0.1811417771
0.30,40,ooh,covered,1
0.30,40,all,median_abs_relative_bias,0.4405843378
0.30,40,all,spearman,0.9
0.30,40,all,regret,6.009021011
0.30,40,all,beats_status_quo,0
0.30,40,all,achievable_lift_share,0.01189563699
0.30,40,all,shortfall_from_optimum_share,0.07148113259
0.30,40,all,loss_vs_status_quo_share,0.0595854956
0.30,40,all,n_agreeing,3
0.30,41,tv,relative_bias,0.8728980226
0.30,41,tv,covered,0
0.30,41,video,relative_bias,-0.355868398
0.30,41,video,covered,0
0.30,41,search,relative_bias,0.2472313097
0.30,41,search,covered,1
0.30,41,social,relative_bias,-1
0.30,41,social,covered,0
0.30,41,ooh,relative_bias,0.2967913951
0.30,41,ooh,covered,1
0.30,41,all,median_abs_relative_bias,0.355868398
0.30,41,all,spearman,0.8
0.30,41,all,regret,1.513871251
0.30,41,all,beats_status_quo,0
0.30,41,all,achievable_lift_share,0.0115882317
0.30,41,all,shortfall_from_optimum_share,0.01754309082
0.30,41,all,loss_vs_status_quo_share,0.005954859122
0.30,41,all,n_agreeing,3
0.30,42,tv,relative_bias,2.238568521
0.30,42,tv,covered,0
0.30,42,video,relative_bias,0.6671065068
0.30,42,video,covered,0
0.30,42,search,relative_bias,1.109264398
0.30,42,search,covered,1
0.30,42,social,relative_bias,2.758936241
0.30,42,social,covered,0
0.30,42,ooh,relative_bias,0.1211632478
0.30,42,ooh,covered,1
0.30,42,all,median_abs_relative_bias,1.109264398
0.30,42,all,spearman,0.6
0.30,42,all,regret,0.4589065373
0.30,42,all,beats_status_quo,1
0.30,42,all,achievable_lift_share,0.0124976568
0.30,42,all,shortfall_from_optimum_share,0.005735256405
0.30,42,all,loss_vs_status_quo_share,-0.006762400393
0.30,42,all,n_agreeing,3
0.30,43,tv,relative_bias,1.320785069
0.30,43,tv,covered,0
0.30,43,video,relative_bias,-0.804113671
0.30,43,video,covered,0
0.30,43,search,relative_bias,-1
0.30,43,search,covered,1
0.30,43,social,relative_bias,-0.8398950891
0.30,43,social,covered,0
0.30,43,ooh,relative_bias,-1
0.30,43,ooh,covered,1
0.30,43,all,median_abs_relative_bias,1
0.30,43,all,spearman,0.8207826817
0.30,43,all,regret,3.817672032
0.30,43,all,beats_status_quo,0
0.30,43,all,achievable_lift_share,0.01194445171
0.30,43,all,shortfall_from_optimum_share,0.04559999922
0.30,43,all,loss_vs_status_quo_share,0.03365554751
0.30,43,all,n_agreeing,3
0.30,44,tv,relative_bias,3.655704334
0.30,44,tv,covered,0
0.30,44,video,relative_bias,-0.07684556585
0.30,44,video,covered,1
0.30,44,search,relative_bias,-0.5139310232
0.30,44,search,covered,0
0.30,44,social,relative_bias,2.682090478
0.30,44,social,covered,0
0.30,44,ooh,relative_bias,0.1909347558
0.30,44,ooh,covered,1
0.30,44,all,median_abs_relative_bias,0.5139310232
0.30,44,all,spearman,0.7
0.30,44,all,regret,2.98312221
0.30,44,all,beats_status_quo,0
0.30,44,all,achievable_lift_share,0.01076345184
0.30,44,all,shortfall_from_optimum_share,0.03210869224
0.30,44,all,loss_vs_status_quo_share,0.0213452404
0.30,44,all,n_agreeing,3
0.30,45,tv,relative_bias,1.1747546
0.30,45,tv,covered,0
0.30,45,video,relative_bias,-0.4556978745
0.30,45,video,covered,0
0.30,45,search,relative_bias,0.1294357658
0.30,45,search,covered,1
0.30,45,social,relative_bias,-1
0.30,45,social,covered,0
0.30,45,ooh,relative_bias,-0.1779382616
0.30,45,ooh,covered,1
0.30,45,all,median_abs_relative_bias,0.4556978745
0.30,45,all,spearman,0.8
0.30,45,all,regret,1.906286142
0.30,45,all,beats_status_quo,0
0.30,45,all,achievable_lift_share,0.01146754301
0.30,45,all,shortfall_from_optimum_share,0.02186041834
0.30,45,all,loss_vs_status_quo_share,0.01039287532
0.30,45,all,n_agreeing,3
0.30,46,tv,relative_bias,-0.2817949969
0.30,46,tv,covered,0
0.30,46,video,relative_bias,-0.7648863607
0.30,46,video,covered,0
0.30,46,search,relative_bias,-0.02218836914
0.30,46,search,covered,1
0.30,46,social,relative_bias,-0.04077096295
0.30,46,social,covered,1
0.30,46,ooh,relative_bias,1.119417817
0.30,46,ooh,covered,1
0.30,46,all,median_abs_relative_bias,0.2817949969
0.30,46,all,spearman,0.4
0.30,46,all,regret,2.471067474
0.30,46,all,beats_status_quo,0
0.30,46,all,achievable_lift_share,0.01122943695
0.30,46,all,shortfall_from_optimum_share,0.02774869639
0.30,46,all,loss_vs_status_quo_share,0.01651925944
0.30,46,all,n_agreeing,3
0.30,47,tv,relative_bias,-0.07607615812
0.30,47,tv,covered,1
0.30,47,video,relative_bias,-0.06803343683
0.30,47,video,covered,1
0.30,47,search,relative_bias,-0.4781298694
0.30,47,search,covered,0
0.30,47,social,relative_bias,-0.5620975313
0.30,47,social,covered,0
0.30,47,ooh,relative_bias,0.8944421241
0.30,47,ooh,covered,1
0.30,47,all,median_abs_relative_bias,0.4781298694
0.30,47,all,spearman,0.9
0.30,47,all,regret,1.413659887
0.30,47,all,beats_status_quo,0
0.30,47,all,achievable_lift_share,0.01155365328
0.30,47,all,shortfall_from_optimum_share,0.01633293619
0.30,47,all,loss_vs_status_quo_share,0.004779282914
0.30,47,all,n_agreeing,3
0.30,48,tv,relative_bias,1.778941484
0.30,48,tv,covered,0
0.30,48,video,relative_bias,-0.1495636047
0.30,48,video,covered,1
0.30,48,search,relative_bias,0.2598315298
0.30,48,search,covered,1
0.30,48,social,relative_bias,-0.5771647738
0.30,48,social,covered,0
0.30,48,ooh,relative_bias,-0.5755822025
0.30,48,ooh,covered,1
0.30,48,all,median_abs_relative_bias,0.5755822025
0.30,48,all,spearman,0.9
0.30,48,all,regret,0.9439511584
0.30,48,all,beats_status_quo,1
0.30,48,all,achievable_lift_share,0.01153939776
0.30,48,all,shortfall_from_optimum_share,0.01089262788
0.30,48,all,loss_vs_status_quo_share,-0.0006467698769
0.30,48,all,n_agreeing,3
0.30,49,tv,relative_bias,0.6826734983
0.30,49,tv,covered,0
0.30,49,video,relative_bias,-0.5571405688
0.30,49,video,covered,0
0.30,49,search,relative_bias,-0.01303259863
0.30,49,search,covered,1
0.30,49,social,relative_bias,-0.2081824765
0.30,49,social,covered,1
0.30,49,ooh,relative_bias,2.695478778
0.30,49,ooh,covered,0
0.30,49,all,median_abs_relative_bias,0.5571405688
0.30,49,all,spearman,0.5
0.30,49,all,regret,2.550299488
0.30,49,all,beats_status_quo,0
0.30,49,all,achievable_lift_share,0.01134157495
0.30,49,all,shortfall_from_optimum_share,0.02892441277
0.30,49,all,loss_vs_status_quo_share,0.01758283783
0.30,49,all,n_agreeing,3
0.30,50,tv,relative_bias,-0.5156583523
0.30,50,tv,covered,0
0.30,50,video,relative_bias,0.4152887975
0.30,50,video,covered,1
0.30,50,search,relative_bias,1.091172435
0.30,50,search,covered,0
0.30,50,social,relative_bias,-0.9427470764
0.30,50,social,covered,0
0.30,50,ooh,relative_bias,1.372362252
0.30,50,ooh,covered,0
0.30,50,all,median_abs_relative_bias,0.9427470764
0.30,50,all,spearman,0.5
0.30,50,all,regret,1.650928871
0.30,50,all,beats_status_quo,0
0.30,50,all,achievable_lift_share,0.01227667974
0.30,50,all,shortfall_from_optimum_share,0.02026792503
0.30,50,all,loss_vs_status_quo_share,0.007991245285
0.30,50,all,n_agreeing,3
0.30,51,tv,relative_bias,0.6130360652
0.30,51,tv,covered,0
0.30,51,video,relative_bias,0.07220823236
0.30,51,video,covered,1
0.30,51,search,relative_bias,-0.5849447517
0.30,51,search,covered,0
0.30,51,social,relative_bias,0.1907266765
0.30,51,social,covered,1
0.30,51,ooh,relative_bias,0.1092570013
0.30,51,ooh,covered,1
0.30,51,all,median_abs_relative_bias,0.1907266765
0.30,51,all,spearman,0.9
0.30,51,all,regret,0.4582306225
0.30,51,all,beats_status_quo,1
0.30,51,all,achievable_lift_share,0.01136857506
0.30,51,all,shortfall_from_optimum_share,0.005209429227
0.30,51,all,loss_vs_status_quo_share,-0.006159145833
0.30,51,all,n_agreeing,3
0.30,52,tv,relative_bias,-0.442639535
0.30,52,tv,covered,0
0.30,52,video,relative_bias,0.2608947705
0.30,52,video,covered,1
0.30,52,search,relative_bias,0.3884075128
0.30,52,search,covered,1
0.30,52,social,relative_bias,-0.8341714404
0.30,52,social,covered,0
0.30,52,ooh,relative_bias,0.2102132364
0.30,52,ooh,covered,1
0.30,52,all,median_abs_relative_bias,0.3884075128
0.30,52,all,spearman,0.6
0.30,52,all,regret,1.256935346
0.30,52,all,beats_status_quo,0
0.30,52,all,achievable_lift_share,0.01121135809
0.30,52,all,shortfall_from_optimum_share,0.01409195227
0.30,52,all,loss_vs_status_quo_share,0.002880594176
0.30,52,all,n_agreeing,3
0.30,53,tv,relative_bias,0.4735931479
0.30,53,tv,covered,0
0.30,53,video,relative_bias,0.8002404406
0.30,53,video,covered,0
0.30,53,search,relative_bias,-0.5889838823
0.30,53,search,covered,0
0.30,53,social,relative_bias,-0.5070976282
0.30,53,social,covered,0
0.30,53,ooh,relative_bias,-1
0.30,53,ooh,covered,1
0.30,53,all,median_abs_relative_bias,0.5889838823
0.30,53,all,spearman,1
0.30,53,all,regret,3.559838333
0.30,53,all,beats_status_quo,0
0.30,53,all,achievable_lift_share,0.01138881798
0.30,53,all,shortfall_from_optimum_share,0.0405423508
0.30,53,all,loss_vs_status_quo_share,0.02915353283
0.30,53,all,n_agreeing,3
0.30,54,tv,relative_bias,0.06292699653
0.30,54,tv,covered,1
0.30,54,video,relative_bias,0.6195728465
0.30,54,video,covered,0
0.30,54,search,relative_bias,-0.5958308232
0.30,54,search,covered,0
0.30,54,social,relative_bias,-0.1442152283
0.30,54,social,covered,1
0.30,54,ooh,relative_bias,0.3789226395
0.30,54,ooh,covered,1
0.30,54,all,median_abs_relative_bias,0.3789226395
0.30,54,all,spearman,0.9
0.30,54,all,regret,2.383469778
0.30,54,all,beats_status_quo,0
0.30,54,all,achievable_lift_share,0.01246678327
0.30,54,all,shortfall_from_optimum_share,0.02971420115
0.30,54,all,loss_vs_status_quo_share,0.01724741788
0.30,54,all,n_agreeing,3
0.30,55,tv,relative_bias,0.311349306
0.30,55,tv,covered,0
0.30,55,video,relative_bias,0.5045276682
0.30,55,video,covered,0
0.30,55,search,relative_bias,1.953503875
0.30,55,search,covered,0
0.30,55,social,relative_bias,-1
0.30,55,social,covered,1
0.30,55,ooh,relative_bias,0.2601478742
0.30,55,ooh,covered,1
0.30,55,all,median_abs_relative_bias,0.5045276682
0.30,55,all,spearman,0.6
0.30,55,all,regret,1.46311569
0.30,55,all,beats_status_quo,0
0.30,55,all,achievable_lift_share,0.01153386731
0.30,55,all,shortfall_from_optimum_share,0.01687538222
0.30,55,all,loss_vs_status_quo_share,0.005341514918
0.30,55,all,n_agreeing,3
0.30,56,tv,relative_bias,0.512017921
0.30,56,tv,covered,0
0.30,56,video,relative_bias,-0.386879794
0.30,56,video,covered,0
0.30,56,search,relative_bias,-0.2914151137
0.30,56,search,covered,0
0.30,56,social,relative_bias,0.3133295953
0.30,56,social,covered,1
0.30,56,ooh,relative_bias,0.1425954125
0.30,56,ooh,covered,1
0.30,56,all,median_abs_relative_bias,0.3133295953
0.30,56,all,spearman,0.7
0.30,56,all,regret,3.069959186
0.30,56,all,beats_status_quo,0
0.30,56,all,achievable_lift_share,0.01253454732
0.30,56,all,shortfall_from_optimum_share,0.0384805487
0.30,56,all,loss_vs_status_quo_share,0.02594600137
0.30,56,all,n_agreeing,3
0.30,57,tv,relative_bias,0.2801747186
0.30,57,tv,covered,0
0.30,57,video,relative_bias,-0.5135648556
0.30,57,video,covered,0
0.30,57,search,relative_bias,-0.249881736
0.30,57,search,covered,1
0.30,57,social,relative_bias,0.8785607151
0.30,57,social,covered,1
0.30,57,ooh,relative_bias,3.426665871
0.30,57,ooh,covered,0
0.30,57,all,median_abs_relative_bias,0.5135648556
0.30,57,all,spearman,0.1
0.30,57,all,regret,2.424184929
0.30,57,all,beats_status_quo,0
0.30,57,all,achievable_lift_share,0.01252427159
0.30,57,all,shortfall_from_optimum_share,0.03036115044
0.30,57,all,loss_vs_status_quo_share,0.01783687885
0.30,57,all,n_agreeing,3
0.30,58,tv,relative_bias,-0.5150894438
0.30,58,tv,covered,0
0.30,58,video,relative_bias,-0.6711888253
0.30,58,video,covered,0
0.30,58,search,relative_bias,0.447709091
0.30,58,search,covered,1
0.30,58,social,relative_bias,-0.4440618394
0.30,58,social,covered,1
0.30,58,ooh,relative_bias,-0.4529422768
0.30,58,ooh,covered,1
0.30,58,all,median_abs_relative_bias,0.4529422768
0.30,58,all,spearman,0.7
0.30,58,all,regret,4.484240803
0.30,58,all,beats_status_quo,0
0.30,58,all,achievable_lift_share,0.01124496406
0.30,58,all,shortfall_from_optimum_share,0.05042512669
0.30,58,all,loss_vs_status_quo_share,0.03918016262
0.30,58,all,n_agreeing,3
0.30,59,tv,relative_bias,1.761495923
0.30,59,tv,covered,0
0.30,59,video,relative_bias,-0.4404081804
0.30,59,video,covered,0
0.30,59,search,relative_bias,-0.7946782324
0.30,59,search,covered,0
0.30,59,social,relative_bias,-0.1697059156
0.30,59,social,covered,1
0.30,59,ooh,relative_bias,-0.05720322237
0.30,59,ooh,covered,1
0.30,59,all,median_abs_relative_bias,0.4404081804
0.30,59,all,spearman,0.9
0.30,59,all,regret,2.565189788
0.30,59,all,beats_status_quo,0
0.30,59,all,achievable_lift_share,0.01167785591
0.30,59,all,shortfall_from_optimum_share,0.02995591672
0.30,59,all,loss_vs_status_quo_share,0.01827806081
0.30,59,all,n_agreeing,3
0.30,60,tv,relative_bias,-0.3563757451
0.30,60,tv,covered,0
0.30,60,video,relative_bias,-0.8732899368
0.30,60,video,covered,0
0.30,60,search,relative_bias,-0.3335304228
0.30,60,search,covered,0
0.30,60,social,relative_bias,-0.4578229251
0.30,60,social,covered,0
0.30,60,ooh,relative_bias,10.29907495
0.30,60,ooh,covered,0
0.30,60,all,median_abs_relative_bias,0.4578229251
0.30,60,all,spearman,-0.3
0.30,60,all,regret,6.076193672
0.30,60,all,beats_status_quo,0
0.30,60,all,achievable_lift_share,0.01185610738
0.30,60,all,shortfall_from_optimum_share,0.07204000461
0.30,60,all,loss_vs_status_quo_share,0.06018389724
0.30,60,all,n_agreeing,3
0.30,61,tv,relative_bias,-0.08062578607
0.30,61,tv,covered,1
0.30,61,video,relative_bias,-0.1778734955
0.30,61,video,covered,1
0.30,61,search,relative_bias,0.1877495944
0.30,61,search,covered,1
0.30,61,social,relative_bias,0.1687194939
0.30,61,social,covered,1
0.30,61,ooh,relative_bias,0.5423295761
0.30,61,ooh,covered,1
0.30,61,all,median_abs_relative_bias,0.1778734955
0.30,61,all,spearman,0.9
0.30,61,all,regret,0.8402989487
0.30,61,all,beats_status_quo,1
0.30,61,all,achievable_lift_share,0.01159149709
0.30,61,all,shortfall_from_optimum_share,0.009740322817
0.30,61,all,loss_vs_status_quo_share,-0.001851174271
0.30,61,all,n_agreeing,3
0.30,62,tv,relative_bias,0.04450006379
0.30,62,tv,covered,1
0.30,62,video,relative_bias,0.9598583165
0.30,62,video,covered,0
0.30,62,search,relative_bias,1.210525462
0.30,62,search,covered,0
0.30,62,social,relative_bias,1.235381238
0.30,62,social,covered,0
0.30,62,ooh,relative_bias,0.2344366592
0.30,62,ooh,covered,1
0.30,62,all,median_abs_relative_bias,0.9598583165
0.30,62,all,spearman,0.9
0.30,62,all,regret,0.2598342889
0.30,62,all,beats_status_quo,1
0.30,62,all,achievable_lift_share,0.01176390791
0.30,62,all,shortfall_from_optimum_share,0.003056666647
0.30,62,all,loss_vs_status_quo_share,-0.008707241265
0.30,62,all,n_agreeing,3
0.30,63,tv,relative_bias,0.1626225185
0.30,63,tv,covered,1
0.30,63,video,relative_bias,0.7945515959
0.30,63,video,covered,0
0.30,63,search,relative_bias,-0.2784404694
0.30,63,search,covered,0
0.30,63,social,relative_bias,1.89657372
0.30,63,social,covered,0
0.30,63,ooh,relative_bias,9.92444418
0.30,63,ooh,covered,0
0.30,63,all,median_abs_relative_bias,0.7945515959
0.30,63,all,spearman,0.3
0.30,63,all,regret,0.9404085582
0.30,63,all,beats_status_quo,1
0.30,63,all,achievable_lift_share,0.01149346283
0.30,63,all,shortfall_from_optimum_share,0.01080855081
0.30,63,all,loss_vs_status_quo_share,-0.0006849120208
0.30,63,all,n_agreeing,3
0.30,64,tv,relative_bias,1.620548166
0.30,64,tv,covered,0
0.30,64,video,relative_bias,0.4332197974
0.30,64,video,covered,1
0.30,64,search,relative_bias,1.314967876
0.30,64,search,covered,0
0.30,64,social,relative_bias,1.493796502
0.30,64,social,covered,0
0.30,64,ooh,relative_bias,1.284425532
0.30,64,ooh,covered,0
0.30,64,all,median_abs_relative_bias,1.314967876
0.30,64,all,spearman,0.9
0.30,64,all,regret,0.9719357149
0.30,64,all,beats_status_quo,1
0.30,64,all,achievable_lift_share,0.01168801209
0.30,64,all,shortfall_from_optimum_share,0.01135999639
0.30,64,all,loss_vs_status_quo_share,-0.0003280157031
0.30,64,all,n_agreeing,3
0.30,65,tv,relative_bias,-0.2834044528
0.30,65,tv,covered,0
0.30,65,video,relative_bias,-0.567146981
0.30,65,video,covered,0
0.30,65,search,relative_bias,0.6992498063
0.30,65,search,covered,0
0.30,65,social,relative_bias,-0.5057161
0.30,65,social,covered,1
0.30,65,ooh,relative_bias,-1
0.30,65,ooh,covered,1
0.30,65,all,median_abs_relative_bias,0.567146981
0.30,65,all,spearman,0.7
0.30,65,all,regret,0.9350491078
0.30,65,all,beats_status_quo,1
0.30,65,all,achievable_lift_share,0.01186389788
0.30,65,all,shortfall_from_optimum_share,0.01109332713
0.30,65,all,loss_vs_status_quo_share,-0.0007705707526
0.30,65,all,n_agreeing,3
0.30,66,tv,relative_bias,-0.2579465591
0.30,66,tv,covered,0
0.30,66,video,relative_bias,-0.7531664746
0.30,66,video,covered,0
0.30,66,search,relative_bias,-0.8414879567
0.30,66,search,covered,0
0.30,66,social,relative_bias,0.1985324876
0.30,66,social,covered,1
0.30,66,ooh,relative_bias,1.022082932
0.30,66,ooh,covered,1
0.30,66,all,median_abs_relative_bias,0.7531664746
0.30,66,all,spearman,0.2
0.30,66,all,regret,5.610898884
0.30,66,all,beats_status_quo,0
0.30,66,all,achievable_lift_share,0.01152490236
0.30,66,all,shortfall_from_optimum_share,0.06466506178
0.30,66,all,loss_vs_status_quo_share,0.05314015943
0.30,66,all,n_agreeing,3
0.30,67,tv,relative_bias,-0.4097155814
0.30,67,tv,covered,0
0.30,67,video,relative_bias,1.584132894
0.30,67,video,covered,0
0.30,67,search,relative_bias,-0.152091331
0.30,67,search,covered,1
0.30,67,social,relative_bias,-0.5430812465
0.30,67,social,covered,0
0.30,67,ooh,relative_bias,-0.02162556312
0.30,67,ooh,covered,1
0.30,67,all,median_abs_relative_bias,0.4097155814
0.30,67,all,spearman,0.9
0.30,67,all,regret,1.0816747
0.30,67,all,beats_status_quo,0
0.30,67,all,achievable_lift_share,0.01183464962
0.30,67,all,shortfall_from_optimum_share,0.01280124108
0.30,67,all,loss_vs_status_quo_share,0.0009665914583
0.30,67,all,n_agreeing,3
0.30,68,tv,relative_bias,1.012719249
0.30,68,tv,covered,0
0.30,68,video,relative_bias,-0.6281183339
0.30,68,video,covered,0
0.30,68,search,relative_bias,1.146732683
0.30,68,search,covered,0
0.30,68,social,relative_bias,-1
0.30,68,social,covered,0
0.30,68,ooh,relative_bias,-1
0.30,68,ooh,covered,1
0.30,68,all,median_abs_relative_bias,1
0.30,68,all,spearman,0.8720815993
0.30,68,all,regret,4.118204647
0.30,68,all,beats_status_quo,0
0.30,68,all,achievable_lift_share,0.01088345402
0.30,68,all,shortfall_from_optimum_share,0.04482029091
0.30,68,all,loss_vs_status_quo_share,0.03393683689
0.30,68,all,n_agreeing,3
0.30,69,tv,relative_bias,0.03497714884
0.30,69,tv,covered,1
0.30,69,video,relative_bias,0.001791301552
0.30,69,video,covered,1
0.30,69,search,relative_bias,1.391034992
0.30,69,search,covered,0
0.30,69,social,relative_bias,3.703046103
0.30,69,social,covered,0
0.30,69,ooh,relative_bias,-0.008648443965
0.30,69,ooh,covered,1
0.30,69,all,median_abs_relative_bias,0.03497714884
0.30,69,all,spearman,0.1
0.30,69,all,regret,1.869704071
0.30,69,all,beats_status_quo,0
0.30,69,all,achievable_lift_share,0.01167100254
0.30,69,all,shortfall_from_optimum_share,0.02182132097
0.30,69,all,loss_vs_status_quo_share,0.01015031843
0.30,69,all,n_agreeing,3
0.30,70,tv,relative_bias,0.7154328754
0.30,70,tv,covered,0
0.30,70,video,relative_bias,-0.1680757451
0.30,70,video,covered,1
0.30,70,search,relative_bias,-0.5331367147
0.30,70,search,covered,0
0.30,70,social,relative_bias,1.352551527
0.30,70,social,covered,0
0.30,70,ooh,relative_bias,0.7584506753
0.30,70,ooh,covered,1
0.30,70,all,median_abs_relative_bias,0.7154328754
0.30,70,all,spearman,0.7
0.30,70,all,regret,2.753605838
0.30,70,all,beats_status_quo,0
0.30,70,all,achievable_lift_share,0.01142147585
0.30,70,all,shortfall_from_optimum_share,0.03145024258
0.30,70,all,loss_vs_status_quo_share,0.02002876673
0.30,70,all,n_agreeing,3
0.30,71,tv,relative_bias,-0.4717842955
0.30,71,tv,covered,0
0.30,71,video,relative_bias,0.07905693253
0.30,71,video,covered,1
0.30,71,search,relative_bias,-0.3502361811
0.30,71,search,covered,0
0.30,71,social,relative_bias,0.2120198425
0.30,71,social,covered,1
0.30,71,ooh,relative_bias,2.95562159
0.30,71,ooh,covered,0
0.30,71,all,median_abs_relative_bias,0.3502361811
0.30,71,all,spearman,0.5
0.30,71,all,regret,0.6172967544
0.30,71,all,beats_status_quo,1
0.30,71,all,achievable_lift_share,0.01182135916
0.30,71,all,shortfall_from_optimum_share,0.00729728664
0.30,71,all,loss_vs_status_quo_share,-0.004524072517
0.30,71,all,n_agreeing,3
0.30,72,tv,relative_bias,-0.3540456802
0.30,72,tv,covered,0
0.30,72,video,relative_bias,0.1893551179
0.30,72,video,covered,1
0.30,72,search,relative_bias,1.62331257
0.30,72,search,covered,0
0.30,72,social,relative_bias,-0.6171855184
0.30,72,social,covered,0
0.30,72,ooh,relative_bias,0.7727998851
0.30,72,ooh,covered,1
0.30,72,all,median_abs_relative_bias,0.6171855184
0.30,72,all,spearman,0.5
0.30,72,all,regret,1.283174713
0.30,72,all,beats_status_quo,0
0.30,72,all,achievable_lift_share,0.01158782266
0.30,72,all,shortfall_from_optimum_share,0.01486920102
0.30,72,all,loss_vs_status_quo_share,0.003281378356
0.30,72,all,n_agreeing,3
0.30,73,tv,relative_bias,-0.2563925488
0.30,73,tv,covered,0
0.30,73,video,relative_bias,-0.5386227208
0.30,73,video,covered,0
0.30,73,search,relative_bias,-0.221639006
0.30,73,search,covered,1
0.30,73,social,relative_bias,-0.7253644544
0.30,73,social,covered,0
0.30,73,ooh,relative_bias,0.8242042082
0.30,73,ooh,covered,1
0.30,73,all,median_abs_relative_bias,0.5386227208
0.30,73,all,spearman,0.8
0.30,73,all,regret,1.419394908
0.30,73,all,beats_status_quo,0
0.30,73,all,achievable_lift_share,0.01196154665
0.30,73,all,shortfall_from_optimum_share,0.01697815841
0.30,73,all,loss_vs_status_quo_share,0.00501661176
0.30,73,all,n_agreeing,3
0.30,74,tv,relative_bias,-0.7555909508
0.30,74,tv,covered,0
0.30,74,video,relative_bias,-0.3629622516
0.30,74,video,covered,0
0.30,74,search,relative_bias,-0.6647845377
0.30,74,search,covered,0
0.30,74,social,relative_bias,0.4819930674
0.30,74,social,covered,1
0.30,74,ooh,relative_bias,0.5651465121
0.30,74,ooh,covered,1
0.30,74,all,median_abs_relative_bias,0.5651465121
0.30,74,all,spearman,0.1
0.30,74,all,regret,4.9081851
0.30,74,all,beats_status_quo,0
0.30,74,all,achievable_lift_share,0.01182318348
0.30,74,all,shortfall_from_optimum_share,0.05803037301
0.30,74,all,loss_vs_status_quo_share,0.04620718953
0.30,74,all,n_agreeing,3
0.30,75,tv,relative_bias,0.589203575
0.30,75,tv,covered,0
0.30,75,video,relative_bias,-0.7179117788
0.30,75,video,covered,0
0.30,75,search,relative_bias,1.214082003
0.30,75,search,covered,0
0.30,75,social,relative_bias,0.4885572865
0.30,75,social,covered,1
0.30,75,ooh,relative_bias,1.285793068
0.30,75,ooh,covered,1
0.30,75,all,median_abs_relative_bias,0.7179117788
0.30,75,all,spearman,0.4
0.30,75,all,regret,2.208816005
0.30,75,all,beats_status_quo,0
0.30,75,all,achievable_lift_share,0.01125631426
0.30,75,all,shortfall_from_optimum_share,0.02486312709
0.30,75,all,loss_vs_status_quo_share,0.01360681283
0.30,75,all,n_agreeing,3
0.30,76,tv,relative_bias,-0.7036227531
0.30,76,tv,covered,0
0.30,76,video,relative_bias,0.4932546341
0.30,76,video,covered,0
0.30,76,search,relative_bias,-0.7689546572
0.30,76,search,covered,0
0.30,76,social,relative_bias,-0.66098293
0.30,76,social,covered,0
0.30,76,ooh,relative_bias,3.577196875
0.30,76,ooh,covered,0
0.30,76,all,median_abs_relative_bias,0.7036227531
0.30,76,all,spearman,0.2
0.30,76,all,regret,3.120165275
0.30,76,all,beats_status_quo,0
0.30,76,all,achievable_lift_share,0.01151507282
0.30,76,all,shortfall_from_optimum_share,0.03592893036
0.30,76,all,loss_vs_status_quo_share,0.02441385754
0.30,76,all,n_agreeing,3
0.30,77,tv,relative_bias,1.471002901
0.30,77,tv,covered,0
0.30,77,video,relative_bias,-0.7519994398
0.30,77,video,covered,0
0.30,77,search,relative_bias,0.4592346899
0.30,77,search,covered,1
0.30,77,social,relative_bias,-0.0408408785
0.30,77,social,covered,1
0.30,77,ooh,relative_bias,1.219438874
0.30,77,ooh,covered,1
0.30,77,all,median_abs_relative_bias,0.7519994398
0.30,77,all,spearman,0.4
0.30,77,all,regret,2.590487437
0.30,77,all,beats_status_quo,0
0.30,77,all,achievable_lift_share,0.01176377453
0.30,77,all,shortfall_from_optimum_share,0.03047391013
0.30,77,all,loss_vs_status_quo_share,0.0187101356
0.30,77,all,n_agreeing,3
0.30,78,tv,relative_bias,0.04084188984
0.30,78,tv,covered,1
0.30,78,video,relative_bias,-0.5696065456
0.30,78,video,covered,0
0.30,78,search,relative_bias,-0.05546961939
0.30,78,search,covered,1
0.30,78,social,relative_bias,0.007763244056
0.30,78,social,covered,1
0.30,78,ooh,relative_bias,3.399993983
0.30,78,ooh,covered,0
0.30,78,all,median_abs_relative_bias,0.05546961939
0.30,78,all,spearman,0.1
0.30,78,all,regret,2.398828902
0.30,78,all,beats_status_quo,0
0.30,78,all,achievable_lift_share,0.01231357758
0.30,78,all,shortfall_from_optimum_share,0.02953816578
0.30,78,all,loss_vs_status_quo_share,0.0172245882
0.30,78,all,n_agreeing,3
0.30,79,tv,relative_bias,0.3058667173
0.30,79,tv,covered,0
0.30,79,video,relative_bias,-0.4583704197
0.30,79,video,covered,0
0.30,79,search,relative_bias,-0.7698318707
0.30,79,search,covered,0
0.30,79,social,relative_bias,1.050622448
0.30,79,social,covered,1
0.30,79,ooh,relative_bias,0.8988644298
0.30,79,ooh,covered,1
0.30,79,all,median_abs_relative_bias,0.7698318707
0.30,79,all,spearman,0.5
0.30,79,all,regret,3.391262582
0.30,79,all,beats_status_quo,0
0.30,79,all,achievable_lift_share,0.01170098858
0.30,79,all,shortfall_from_optimum_share,0.03968112473
0.30,79,all,loss_vs_status_quo_share,0.02798013615
0.30,79,all,n_agreeing,3
0.30,80,tv,relative_bias,-0.2675297233
0.30,80,tv,covered,0
0.30,80,video,relative_bias,0.9227485263
0.30,80,video,covered,0
0.30,80,search,relative_bias,-0.1563737833
0.30,80,search,covered,1
0.30,80,social,relative_bias,-0.2567089183
0.30,80,social,covered,1
0.30,80,ooh,relative_bias,3.991908172
0.30,80,ooh,covered,0
0.30,80,all,median_abs_relative_bias,0.2675297233
0.30,80,all,spearman,0.6
0.30,80,all,regret,1.230459703
0.30,80,all,beats_status_quo,0
0.30,80,all,achievable_lift_share,0.01130896678
0.30,80,all,shortfall_from_optimum_share,0.0139152279
0.30,80,all,loss_vs_status_quo_share,0.00260626112
0.30,80,all,n_agreeing,3
0.30,81,tv,relative_bias,4.074505051
0.30,81,tv,covered,0
0.30,81,video,relative_bias,-0.2320360374
0.30,81,video,covered,1
0.30,81,search,relative_bias,-0.7342457584
0.30,81,search,covered,0
0.30,81,social,relative_bias,-0.4353456372
0.30,81,social,covered,1
0.30,81,ooh,relative_bias,4.178577644
0.30,81,ooh,covered,1
0.30,81,all,median_abs_relative_bias,0.7342457584
0.30,81,all,spearman,0.3
0.30,81,all,regret,2.969821629
0.30,81,all,beats_status_quo,0
0.30,81,all,achievable_lift_share,0.01260615539
0.30,81,all,shortfall_from_optimum_share,0.03743803292
0.30,81,all,loss_vs_status_quo_share,0.02483187753
0.30,81,all,n_agreeing,3
0.30,82,tv,relative_bias,-0.6569548509
0.30,82,tv,covered,0
0.30,82,video,relative_bias,-0.5196403257
0.30,82,video,covered,0
0.30,82,search,relative_bias,0.7299724251
0.30,82,search,covered,0
0.30,82,social,relative_bias,-0.8430620338
0.30,82,social,covered,0
0.30,82,ooh,relative_bias,3.335086677
0.30,82,ooh,covered,1
0.30,82,all,median_abs_relative_bias,0.7299724251
0.30,82,all,spearman,-0.1
0.30,82,all,regret,4.335975463
0.30,82,all,beats_status_quo,0
0.30,82,all,achievable_lift_share,0.01173807344
0.30,82,all,shortfall_from_optimum_share,0.05089599842
0.30,82,all,loss_vs_status_quo_share,0.03915792498
0.30,82,all,n_agreeing,3
0.30,83,tv,relative_bias,-0.3432543338
0.30,83,tv,covered,0
0.30,83,video,relative_bias,1.825749205
0.30,83,video,covered,0
0.30,83,search,relative_bias,-0.8795591019
0.30,83,search,covered,0
0.30,83,social,relative_bias,-0.308905112
0.30,83,social,covered,0
0.30,83,ooh,relative_bias,1.351457741
0.30,83,ooh,covered,1
0.30,83,all,median_abs_relative_bias,0.8795591019
0.30,83,all,spearman,0.5
0.30,83,all,regret,3.781971101
0.30,83,all,beats_status_quo,0
0.30,83,all,achievable_lift_share,0.01154151494
0.30,83,all,shortfall_from_optimum_share,0.04364967595
0.30,83,all,loss_vs_status_quo_share,0.03210816101
0.30,83,all,n_agreeing,3
0.30,84,tv,relative_bias,-0.3549923839
0.30,84,tv,covered,0
0.30,84,video,relative_bias,0.2570773576
0.30,84,video,covered,1
0.30,84,search,relative_bias,0.8036323813
0.30,84,search,covered,0
0.30,84,social,relative_bias,-0.381464595
0.30,84,social,covered,1
0.30,84,ooh,relative_bias,3.511875037
0.30,84,ooh,covered,1
0.30,84,all,median_abs_relative_bias,0.381464595
0.30,84,all,spearman,0.5
0.30,84,all,regret,1.453485961
0.30,84,all,beats_status_quo,0
0.30,84,all,achievable_lift_share,0.01077911291
0.30,84,all,shortfall_from_optimum_share,0.01566728929
0.30,84,all,loss_vs_status_quo_share,0.00488817638
0.30,84,all,n_agreeing,3
0.30,85,tv,relative_bias,0.3198002641
0.30,85,tv,covered,0
0.30,85,video,relative_bias,-0.4913632695
0.30,85,video,covered,0
0.30,85,search,relative_bias,0.3539967324
0.30,85,search,covered,1
0.30,85,social,relative_bias,-0.1550246146
0.30,85,social,covered,1
0.30,85,ooh,relative_bias,4.227939508
0.30,85,ooh,covered,0
0.30,85,all,median_abs_relative_bias,0.3539967324
0.30,85,all,spearman,0.5
0.30,85,all,regret,2.266206102
0.30,85,all,beats_status_quo,0
0.30,85,all,achievable_lift_share,0.01096436751
0.30,85,all,shortfall_from_optimum_share,0.02484751656
0.30,85,all,loss_vs_status_quo_share,0.01388314905
0.30,85,all,n_agreeing,3
0.30,86,tv,relative_bias,-0.3438446507
0.30,86,tv,covered,0
0.30,86,video,relative_bias,1.588744484
0.30,86,video,covered,0
0.30,86,search,relative_bias,-0.5782829653
0.30,86,search,covered,0
0.30,86,social,relative_bias,0.07895472334
0.30,86,social,covered,1
0.30,86,ooh,relative_bias,-0.6214976187
0.30,86,ooh,covered,0
0.30,86,all,median_abs_relative_bias,0.5782829653
0.30,86,all,spearman,0.8
0.30,86,all,regret,2.969677925
0.30,86,all,beats_status_quo,0
0.30,86,all,achievable_lift_share,0.01161135449
0.30,86,all,shortfall_from_optimum_share,0.0344819831
0.30,86,all,loss_vs_status_quo_share,0.02287062861
0.30,86,all,n_agreeing,3
0.30,87,tv,relative_bias,0.09567823645
0.30,87,tv,covered,1
0.30,87,video,relative_bias,-0.6310853376
0.30,87,video,covered,0
0.30,87,search,relative_bias,0.5757481997
0.30,87,search,covered,1
0.30,87,social,relative_bias,0.5110548207
0.30,87,social,covered,1
0.30,87,ooh,relative_bias,0.1293114178
0.30,87,ooh,covered,1
0.30,87,all,median_abs_relative_bias,0.5110548207
0.30,87,all,spearman,0.7
0.30,87,all,regret,2.32581423
0.30,87,all,beats_status_quo,0
0.30,87,all,achievable_lift_share,0.01126797881
0.30,87,all,shortfall_from_optimum_share,0.02620722546
0.30,87,all,loss_vs_status_quo_share,0.01493924665
0.30,87,all,n_agreeing,3
0.30,88,tv,relative_bias,0.08641320796
0.30,88,tv,covered,1
0.30,88,video,relative_bias,0.03736346013
0.30,88,video,covered,1
0.30,88,search,relative_bias,1.550283198
0.30,88,search,covered,0
0.30,88,social,relative_bias,-0.3943021876
0.30,88,social,covered,0
0.30,88,ooh,relative_bias,0.5779212407
0.30,88,ooh,covered,1
0.30,88,all,median_abs_relative_bias,0.3943021876
0.30,88,all,spearman,0.7
0.30,88,all,regret,0.8943832588
0.30,88,all,beats_status_quo,1
0.30,88,all,achievable_lift_share,0.01183582694
0.30,88,all,shortfall_from_optimum_share,0.01058576547
0.30,88,all,loss_vs_status_quo_share,-0.001250061471
0.30,88,all,n_agreeing,3
0.30,89,tv,relative_bias,-0.3290969615
0.30,89,tv,covered,0
0.30,89,video,relative_bias,0.03740325695
0.30,89,video,covered,1
0.30,89,search,relative_bias,-1
0.30,89,search,covered,0
0.30,89,social,relative_bias,-0.2711118394
0.30,89,social,covered,1
0.30,89,ooh,relative_bias,3.626512488
0.30,89,ooh,covered,1
0.30,89,all,median_abs_relative_bias,0.3290969615
0.30,89,all,spearman,0.6
0.30,89,all,regret,3.939208518
0.30,89,all,beats_status_quo,0
0.30,89,all,achievable_lift_share,0.01205595659
0.30,89,all,shortfall_from_optimum_share,0.04749092688
0.30,89,all,loss_vs_status_quo_share,0.03543497029
0.30,89,all,n_agreeing,3
0.30,90,tv,relative_bias,-0.005386544712
0.30,90,tv,covered,1
0.30,90,video,relative_bias,0.2538462733
0.30,90,video,covered,1
0.30,90,search,relative_bias,2.022905622
0.30,90,search,covered,0
0.30,90,social,relative_bias,-0.5456611748
0.30,90,social,covered,0
0.30,90,ooh,relative_bias,-0.3977749801
0.30,90,ooh,covered,1
0.30,90,all,median_abs_relative_bias,0.3977749801
0.30,90,all,spearman,0.7
0.30,90,all,regret,1.471197152
0.30,90,all,beats_status_quo,0
0.30,90,all,achievable_lift_share,0.011559853
0.30,90,all,shortfall_from_optimum_share,0.01700682281
0.30,90,all,loss_vs_status_quo_share,0.005446969809
0.30,90,all,n_agreeing,3
0.30,91,tv,relative_bias,1.018161782
0.30,91,tv,covered,0
0.30,91,video,relative_bias,1.30087997
0.30,91,video,covered,0
0.30,91,search,relative_bias,0.1801152104
0.30,91,search,covered,1
0.30,91,social,relative_bias,-0.6388327383
0.30,91,social,covered,0
0.30,91,ooh,relative_bias,9.624076151
0.30,91,ooh,covered,0
0.30,91,all,median_abs_relative_bias,1.018161782
0.30,91,all,spearman,0.7
0.30,91,all,regret,1.334558859
0.30,91,all,beats_status_quo,0
0.30,91,all,achievable_lift_share,0.01235050613
0.30,91,all,shortfall_from_optimum_share,0.01648247736
0.30,91,all,loss_vs_status_quo_share,0.004131971238
0.30,91,all,n_agreeing,3
0.30,92,tv,relative_bias,0.6953212721
0.30,92,tv,covered,0
0.30,92,video,relative_bias,1.049422692
0.30,92,video,covered,0
0.30,92,search,relative_bias,0.8068905308
0.30,92,search,covered,0
0.30,92,social,relative_bias,-0.2410440508
0.30,92,social,covered,1
0.30,92,ooh,relative_bias,4.700190544
0.30,92,ooh,covered,0
0.30,92,all,median_abs_relative_bias,0.8068905308
0.30,92,all,spearman,0.9
0.30,92,all,regret,1.971078082
0.30,92,all,beats_status_quo,0
0.30,92,all,achievable_lift_share,0.0112771055
0.30,92,all,shortfall_from_optimum_share,0.02222805548
0.30,92,all,loss_vs_status_quo_share,0.01095094998
0.30,92,all,n_agreeing,3
0.30,93,tv,relative_bias,-0.7494592766
0.30,93,tv,covered,0
0.30,93,video,relative_bias,2.1144561
0.30,93,video,covered,0
0.30,93,search,relative_bias,-0.5942301523
0.30,93,search,covered,0
0.30,93,social,relative_bias,-0.1872688822
0.30,93,social,covered,1
0.30,93,ooh,relative_bias,4.315219596
0.30,93,ooh,covered,0
0.30,93,all,median_abs_relative_bias,0.7494592766
0.30,93,all,spearman,-0.2
0.30,93,all,regret,2.38763361
0.30,93,all,beats_status_quo,0
0.30,93,all,achievable_lift_share,0.01259642985
0.30,93,all,shortfall_from_optimum_share,0.03007565927
0.30,93,all,loss_vs_status_quo_share,0.01747922942
0.30,93,all,n_agreeing,3
0.30,94,tv,relative_bias,1.566477817
0.30,94,tv,covered,0
0.30,94,video,relative_bias,-0.268806008
0.30,94,video,covered,1
0.30,94,search,relative_bias,0.01707232244
0.30,94,search,covered,1
0.30,94,social,relative_bias,1.152974901
0.30,94,social,covered,1
0.30,94,ooh,relative_bias,0.3137072739
0.30,94,ooh,covered,1
0.30,94,all,median_abs_relative_bias,0.3137072739
0.30,94,all,spearman,0.6
0.30,94,all,regret,0.8510368954
0.30,94,all,beats_status_quo,1
0.30,94,all,achievable_lift_share,0.01201382207
0.30,94,all,shortfall_from_optimum_share,0.01022420584
0.30,94,all,loss_vs_status_quo_share,-0.001789616234
0.30,94,all,n_agreeing,3
0.30,95,tv,relative_bias,0.722253879
0.30,95,tv,covered,0
0.30,95,video,relative_bias,0.8401039123
0.30,95,video,covered,0
0.30,95,search,relative_bias,-0.8339120407
0.30,95,search,covered,0
0.30,95,social,relative_bias,-0.1421493946
0.30,95,social,covered,1
0.30,95,ooh,relative_bias,10.79725211
0.30,95,ooh,covered,0
0.30,95,all,median_abs_relative_bias,0.8339120407
0.30,95,all,spearman,0.3
0.30,95,all,regret,5.71825619
0.30,95,all,beats_status_quo,0
0.30,95,all,achievable_lift_share,0.01122164848
0.30,95,all,shortfall_from_optimum_share,0.06416826087
0.30,95,all,loss_vs_status_quo_share,0.0529466124
0.30,95,all,n_agreeing,3
0.30,96,tv,relative_bias,4.027805378
0.30,96,tv,covered,0
0.30,96,video,relative_bias,-0.5811791875
0.30,96,video,covered,0
0.30,96,search,relative_bias,0.03417670535
0.30,96,search,covered,1
0.30,96,social,relative_bias,1.842328922
0.30,96,social,covered,1
0.30,96,ooh,relative_bias,0.9944235105
0.30,96,ooh,covered,1
0.30,96,all,median_abs_relative_bias,0.9944235105
0.30,96,all,spearman,0.6
0.30,96,all,regret,2.256696852
0.30,96,all,beats_status_quo,0
0.30,96,all,achievable_lift_share,0.01164678491
0.30,96,all,shortfall_from_optimum_share,0.02628326284
0.30,96,all,loss_vs_status_quo_share,0.01463647793
0.30,96,all,n_agreeing,3
0.30,97,tv,relative_bias,-0.4807346342
0.30,97,tv,covered,0
0.30,97,video,relative_bias,1.738809615
0.30,97,video,covered,0
0.30,97,search,relative_bias,-0.03160448757
0.30,97,search,covered,1
0.30,97,social,relative_bias,0.4867485358
0.30,97,social,covered,1
0.30,97,ooh,relative_bias,-0.327865863
0.30,97,ooh,covered,1
0.30,97,all,median_abs_relative_bias,0.4807346342
0.30,97,all,spearman,0.8
0.30,97,all,regret,0.5051713086
0.30,97,all,beats_status_quo,1
0.30,97,all,achievable_lift_share,0.0115296312
0.30,97,all,shortfall_from_optimum_share,0.005824438879
0.30,97,all,loss_vs_status_quo_share,-0.005705192316
0.30,97,all,n_agreeing,3
0.30,98,tv,relative_bias,-0.3481573167
0.30,98,tv,covered,0
0.30,98,video,relative_bias,-0.2824845041
0.30,98,video,covered,1
0.30,98,search,relative_bias,-0.5187921309
0.30,98,search,covered,0
0.30,98,social,relative_bias,1.578743549
0.30,98,social,covered,0
0.30,98,ooh,relative_bias,1.366540329
0.30,98,ooh,covered,1
0.30,98,all,median_abs_relative_bias,0.5187921309
0.30,98,all,spearman,0.2
0.30,98,all,regret,3.317184675
0.30,98,all,beats_status_quo,0
0.30,98,all,achievable_lift_share,0.01120966899
0.30,98,all,shortfall_from_optimum_share,0.0371845422
0.30,98,all,loss_vs_status_quo_share,0.0259748732
0.30,98,all,n_agreeing,3
0.30,99,tv,relative_bias,-0.7667556975
0.30,99,tv,covered,0
0.30,99,video,relative_bias,-0.6531413583
0.30,99,video,covered,0
0.30,99,search,relative_bias,-0.07234409366
0.30,99,search,covered,1
0.30,99,social,relative_bias,-0.00750213262
0.30,99,social,covered,1
0.30,99,ooh,relative_bias,0.5731555222
0.30,99,ooh,covered,1
0.30,99,all,median_abs_relative_bias,0.5731555222
0.30,99,all,spearman,0.2
0.30,99,all,regret,6.211526229
0.30,99,all,beats_status_quo,0
0.30,99,all,achievable_lift_share,0.01169041418
0.30,99,all,shortfall_from_optimum_share,0.07261531432
0.30,99,all,loss_vs_status_quo_share,0.06092490014
0.30,99,all,n_agreeing,3
0.30,100,tv,relative_bias,1.293543556
0.30,100,tv,covered,0
0.30,100,video,relative_bias,0.4181685422
0.30,100,video,covered,0
0.30,100,search,relative_bias,-0.1384305041
0.30,100,search,covered,1
0.30,100,social,relative_bias,-0.1596167327
0.30,100,social,covered,1
0.30,100,ooh,relative_bias,2.684030225
0.30,100,ooh,covered,0
0.30,100,all,median_abs_relative_bias,0.4181685422
0.30,100,all,spearman,0.9
0.30,100,all,regret,2.797099682
0.30,100,all,beats_status_quo,0
0.30,100,all,achievable_lift_share,0.01099484794
0.30,100,all,shortfall_from_optimum_share,0.03075368568
0.30,100,all,loss_vs_status_quo_share,0.01975883774
0.30,100,all,n_agreeing,3
0.30,101,tv,relative_bias,-0.6330106662
0.30,101,tv,covered,0
0.30,101,video,relative_bias,-0.5898157139
0.30,101,video,covered,0
0.30,101,search,relative_bias,-0.5992741935
0.30,101,search,covered,0
0.30,101,social,relative_bias,-0.2293290957
0.30,101,social,covered,0
0.30,101,ooh,relative_bias,-0.4501485905
0.30,101,ooh,covered,0
0.30,101,all,median_abs_relative_bias,0.5898157139
0.30,101,all,spearman,0.7
0.30,101,all,regret,0.6536864204
0.30,101,all,beats_status_quo,1
0.30,101,all,achievable_lift_share,0.0120947939
0.30,101,all,shortfall_from_optimum_share,0.007906202528
0.30,101,all,loss_vs_status_quo_share,-0.004188591368
0.30,101,all,n_agreeing,3
0.30,102,tv,relative_bias,-0.6456635489
0.30,102,tv,covered,0
0.30,102,video,relative_bias,0.566261555
0.30,102,video,covered,1
0.30,102,search,relative_bias,0.7250394597
0.30,102,search,covered,0
0.30,102,social,relative_bias,-0.1910587487
0.30,102,social,covered,1
0.30,102,ooh,relative_bias,0.882078343
0.30,102,ooh,covered,1
0.30,102,all,median_abs_relative_bias,0.6456635489
0.30,102,all,spearman,0.7
0.30,102,all,regret,1.912823229
0.30,102,all,beats_status_quo,0
0.30,102,all,achievable_lift_share,0.01140000735
0.30,102,all,shortfall_from_optimum_share,0.02180619888
0.30,102,all,loss_vs_status_quo_share,0.01040619153
0.30,102,all,n_agreeing,3
0.30,103,tv,relative_bias,-0.2719817625
0.30,103,tv,covered,0
0.30,103,video,relative_bias,0.06346233145
0.30,103,video,covered,1
0.30,103,search,relative_bias,1.555062763
0.30,103,search,covered,0
0.30,103,social,relative_bias,-0.7789571315
0.30,103,social,covered,0
0.30,103,ooh,relative_bias,0.8692275569
0.30,103,ooh,covered,1
0.30,103,all,median_abs_relative_bias,0.7789571315
0.30,103,all,spearman,0.6
0.30,103,all,regret,1.224371894
0.30,103,all,beats_status_quo,0
0.30,103,all,achievable_lift_share,0.01158817746
0.30,103,all,shortfall_from_optimum_share,0.01418823878
0.30,103,all,loss_vs_status_quo_share,0.002600061328
0.30,103,all,n_agreeing,3
0.30,104,tv,relative_bias,-0.4248835854
0.30,104,tv,covered,0
0.30,104,video,relative_bias,-0.3627637085
0.30,104,video,covered,0
0.30,104,search,relative_bias,-0.7927981701
0.30,104,search,covered,0
0.30,104,social,relative_bias,0.4960102316
0.30,104,social,covered,1
0.30,104,ooh,relative_bias,0.8091741228
0.30,104,ooh,covered,1
0.30,104,all,median_abs_relative_bias,0.4960102316
0.30,104,all,spearman,0.5
0.30,104,all,regret,5.546597848
0.30,104,all,beats_status_quo,0
0.30,104,all,achievable_lift_share,0.01197896062
0.30,104,all,shortfall_from_optimum_share,0.06644247721
0.30,104,all,loss_vs_status_quo_share,0.05446351659
0.30,104,all,n_agreeing,3
0.30,105,tv,relative_bias,1.565306133
0.30,105,tv,covered,0
0.30,105,video,relative_bias,1.398137475
0.30,105,video,covered,0
0.30,105,search,relative_bias,1.237769849
0.30,105,search,covered,0
0.30,105,social,relative_bias,-0.03772251367
0.30,105,social,covered,1
0.30,105,ooh,relative_bias,-0.3618274751
0.30,105,ooh,covered,1
0.30,105,all,median_abs_relative_bias,1.237769849
0.30,105,all,spearman,1
0.30,105,all,regret,0.2135194912
0.30,105,all,beats_status_quo,1
0.30,105,all,achievable_lift_share,0.01110126771
0.30,105,all,shortfall_from_optimum_share,0.002370337032
0.30,105,all,loss_vs_status_quo_share,-0.008730930674
0.30,105,all,n_agreeing,3
0.30,106,tv,relative_bias,1.144089759
0.30,106,tv,covered,0
0.30,106,video,relative_bias,-0.4204537929
0.30,106,video,covered,0
0.30,106,search,relative_bias,-0.4046540199
0.30,106,search,covered,0
0.30,106,social,relative_bias,-1
0.30,106,social,covered,0
0.30,106,ooh,relative_bias,0.1090435768
0.30,106,ooh,covered,1
0.30,106,all,median_abs_relative_bias,0.4204537929
0.30,106,all,spearman,0.9
0.30,106,all,regret,1.539747308
0.30,106,all,beats_status_quo,0
0.30,106,all,achievable_lift_share,0.01142862113
0.30,106,all,shortfall_from_optimum_share,0.01759718863
0.30,106,all,loss_vs_status_quo_share,0.006168567494
0.30,106,all,n_agreeing,3
0.30,107,tv,relative_bias,0.1007180635
0.30,107,tv,covered,1
0.30,107,video,relative_bias,-0.03438540042
0.30,107,video,covered,1
0.30,107,search,relative_bias,-0.4925286464
0.30,107,search,covered,0
0.30,107,social,relative_bias,0.2976279249
0.30,107,social,covered,1
0.30,107,ooh,relative_bias,0.360300374
0.30,107,ooh,covered,1
0.30,107,all,median_abs_relative_bias,0.2976279249
0.30,107,all,spearman,0.9
0.30,107,all,regret,1.025464225
0.30,107,all,beats_status_quo,0
0.30,107,all,achievable_lift_share,0.01222346841
0.30,107,all,shortfall_from_optimum_share,0.01253472955
0.30,107,all,loss_vs_status_quo_share,0.0003112611481
0.30,107,all,n_agreeing,3
0.30,108,tv,relative_bias,-0.7754215082
0.30,108,tv,covered,0
0.30,108,video,relative_bias,-0.6981092056
0.30,108,video,covered,0
0.30,108,search,relative_bias,-0.6985304257
0.30,108,search,covered,0
0.30,108,social,relative_bias,-0.02809663455
0.30,108,social,covered,1
0.30,108,ooh,relative_bias,3.696203367
0.30,108,ooh,covered,0
0.30,108,all,median_abs_relative_bias,0.6985304257
0.30,108,all,spearman,-0.6
0.30,108,all,regret,5.293405563
0.30,108,all,beats_status_quo,0
0.30,108,all,achievable_lift_share,0.01141320239
0.30,108,all,shortfall_from_optimum_share,0.06041470903
0.30,108,all,loss_vs_status_quo_share,0.04900150664
0.30,108,all,n_agreeing,3
0.30,109,tv,relative_bias,0.2005182755
0.30,109,tv,covered,1
0.30,109,video,relative_bias,2.520187054
0.30,109,video,covered,0
0.30,109,search,relative_bias,0.01030295627
0.30,109,search,covered,1
0.30,109,social,relative_bias,0.321024674
0.30,109,social,covered,1
0.30,109,ooh,relative_bias,0.955542568
0.30,109,ooh,covered,1
0.30,109,all,median_abs_relative_bias,0.321024674
0.30,109,all,spearman,0.9
0.30,109,all,regret,0.8910400842
0.30,109,all,beats_status_quo,1
0.30,109,all,achievable_lift_share,0.0110230167
0.30,109,all,shortfall_from_optimum_share,0.009821949732
0.30,109,all,loss_vs_status_quo_share,-0.001201066972
0.30,109,all,n_agreeing,3
0.30,110,tv,relative_bias,0.9572135823
0.30,110,tv,covered,0
0.30,110,video,relative_bias,0.05651985726
0.30,110,video,covered,1
0.30,110,search,relative_bias,-0.8135425513
0.30,110,search,covered,0
0.30,110,social,relative_bias,-0.09125863074
0.30,110,social,covered,1
0.30,110,ooh,relative_bias,1.440954984
0.30,110,ooh,covered,1
0.30,110,all,median_abs_relative_bias,0.8135425513
0.30,110,all,spearman,0.7
0.30,110,all,regret,2.534718777
0.30,110,all,beats_status_quo,0
0.30,110,all,achievable_lift_share,0.01131562427
0.30,110,all,shortfall_from_optimum_share,0.02868192531
0.30,110,all,loss_vs_status_quo_share,0.01736630104
0.30,110,all,n_agreeing,3
0.30,111,tv,relative_bias,0.3296674302
0.30,111,tv,covered,0
0.30,111,video,relative_bias,-0.6914049817
0.30,111,video,covered,0
0.30,111,search,relative_bias,-0.4806001914
0.30,111,search,covered,0
0.30,111,social,relative_bias,-0.2636715205
0.30,111,social,covered,1
0.30,111,ooh,relative_bias,0.5429932396
0.30,111,ooh,covered,1
0.30,111,all,median_abs_relative_bias,0.4806001914
0.30,111,all,spearman,0.7
0.30,111,all,regret,3.186192376
0.30,111,all,beats_status_quo,0
0.30,111,all,achievable_lift_share,0.01205774941
0.30,111,all,shortfall_from_optimum_share,0.03841830925
0.30,111,all,loss_vs_status_quo_share,0.02636055984
0.30,111,all,n_agreeing,3
0.30,112,tv,relative_bias,-0.2727331251
0.30,112,tv,covered,0
0.30,112,video,relative_bias,1.175095325
0.30,112,video,covered,0
0.30,112,search,relative_bias,0.2979668763
0.30,112,search,covered,1
0.30,112,social,relative_bias,-0.07010377049
0.30,112,social,covered,1
0.30,112,ooh,relative_bias,3.108291583
0.30,112,ooh,covered,0
0.30,112,all,median_abs_relative_bias,0.2979668763
0.30,112,all,spearman,0.8
0.30,112,all,regret,0.8196889571
0.30,112,all,beats_status_quo,1
0.30,112,all,achievable_lift_share,0.01168307406
0.30,112,all,shortfall_from_optimum_share,0.009576486789
0.30,112,all,loss_vs_status_quo_share,-0.002106587268
0.30,112,all,n_agreeing,3
0.30,113,tv,relative_bias,-0.1461405097
0.30,113,tv,covered,0
0.30,113,video,relative_bias,-0.06706596764
0.30,113,video,covered,1
0.30,113,search,relative_bias,0.4763011229
0.30,113,search,covered,0
0.30,113,social,relative_bias,2.622710377
0.30,113,social,covered,0
0.30,113,ooh,relative_bias,2.609251721
0.30,113,ooh,covered,0
0.30,113,all,median_abs_relative_bias,0.4763011229
0.30,113,all,spearman,0.3
0.30,113,all,regret,1.649730953
0.30,113,all,beats_status_quo,0
0.30,113,all,achievable_lift_share,0.01212758629
0.30,113,all,shortfall_from_optimum_share,0.02000725448
0.30,113,all,loss_vs_status_quo_share,0.007879668196
0.30,113,all,n_agreeing,3
0.30,114,tv,relative_bias,-0.2554055238
0.30,114,tv,covered,0
0.30,114,video,relative_bias,0.6366278502
0.30,114,video,covered,0
0.30,114,search,relative_bias,-0.3969298498
0.30,114,search,covered,0
0.30,114,social,relative_bias,3.559240575
0.30,114,social,covered,0
0.30,114,ooh,relative_bias,4.06213272
0.30,114,ooh,covered,1
0.30,114,all,median_abs_relative_bias,0.6366278502
0.30,114,all,spearman,0.1
0.30,114,all,regret,2.722909601
0.30,114,all,beats_status_quo,0
0.30,114,all,achievable_lift_share,0.01169182687
0.30,114,all,shortfall_from_optimum_share,0.03183578764
0.30,114,all,loss_vs_status_quo_share,0.02014396077
0.30,114,all,n_agreeing,3
0.30,115,tv,relative_bias,1.200640406
0.30,115,tv,covered,0
0.30,115,video,relative_bias,2.16549952
0.30,115,video,covered,0
0.30,115,search,relative_bias,-0.4230027589
0.30,115,search,covered,0
0.30,115,social,relative_bias,1.606068544
0.30,115,social,covered,0
0.30,115,ooh,relative_bias,2.770224321
0.30,115,ooh,covered,1
0.30,115,all,median_abs_relative_bias,1.606068544
0.30,115,all,spearman,0.7
0.30,115,all,regret,1.309351298
0.30,115,all,beats_status_quo,0
0.30,115,all,achievable_lift_share,0.0119940575
0.30,115,all,shortfall_from_optimum_share,0.01570443476
0.30,115,all,loss_vs_status_quo_share,0.003710377259
0.30,115,all,n_agreeing,3
0.30,116,tv,relative_bias,0.4673662177
0.30,116,tv,covered,0
0.30,116,video,relative_bias,-0.4062454027
0.30,116,video,covered,0
0.30,116,search,relative_bias,-0.207739992
0.30,116,search,covered,1
0.30,116,social,relative_bias,-0.14384851
0.30,116,social,covered,1
0.30,116,ooh,relative_bias,-1
0.30,116,ooh,covered,1
0.30,116,all,median_abs_relative_bias,0.4062454027
0.30,116,all,spearman,0.9
0.30,116,all,regret,1.203894197
0.30,116,all,beats_status_quo,0
0.30,116,all,achievable_lift_share,0.01192158728
0.30,116,all,shortfall_from_optimum_share,0.01435232974
0.30,116,all,loss_vs_status_quo_share,0.002430742463
0.30,116,all,n_agreeing,3
0.30,117,tv,relative_bias,-0.021143308
0.30,117,tv,covered,1
0.30,117,video,relative_bias,0.190662939
0.30,117,video,covered,1
0.30,117,search,relative_bias,-0.1542348051
0.30,117,search,covered,1
0.30,117,social,relative_bias,1.889615892
0.30,117,social,covered,0
0.30,117,ooh,relative_bias,0.3522030447
0.30,117,ooh,covered,1
0.30,117,all,median_abs_relative_bias,0.190662939
0.30,117,all,spearman,0.7
0.30,117,all,regret,1.695831458
0.30,117,all,beats_status_quo,0
0.30,117,all,achievable_lift_share,0.01162737936
0.30,117,all,shortfall_from_optimum_share,0.01971807569
0.30,117,all,loss_vs_status_quo_share,0.008090696334
0.30,117,all,n_agreeing,3
0.30,118,tv,relative_bias,-0.1128119806
0.30,118,tv,covered,1
0.30,118,video,relative_bias,-0.7993158148
0.30,118,video,covered,0
0.30,118,search,relative_bias,1.623351371
0.30,118,search,covered,0
0.30,118,social,relative_bias,0.6724672769
0.30,118,social,covered,1
0.30,118,ooh,relative_bias,-0.5151950403
0.30,118,ooh,covered,0
0.30,118,all,median_abs_relative_bias,0.6724672769
0.30,118,all,spearman,0.5
0.30,118,all,regret,2.491590642
0.30,118,all,beats_status_quo,0
0.30,118,all,achievable_lift_share,0.01139165268
0.30,118,all,shortfall_from_optimum_share,0.02838333521
0.30,118,all,loss_vs_status_quo_share,0.01699168253
0.30,118,all,n_agreeing,3
0.30,119,tv,relative_bias,1.547268092
0.30,119,tv,covered,0
0.30,119,video,relative_bias,0.6028611561
0.30,119,video,covered,0
0.30,119,search,relative_bias,-0.7002613502
0.30,119,search,covered,0
0.30,119,social,relative_bias,0.008255389717
0.30,119,social,covered,1
0.30,119,ooh,relative_bias,0.8022232682
0.30,119,ooh,covered,1
0.30,119,all,median_abs_relative_bias,0.7002613502
0.30,119,all,spearman,0.7
0.30,119,all,regret,2.864917496
0.30,119,all,beats_status_quo,0
0.30,119,all,achievable_lift_share,0.01218952915
0.30,119,all,shortfall_from_optimum_share,0.03492199532
0.30,119,all,loss_vs_status_quo_share,0.02273246618
0.30,119,all,n_agreeing,3
0.30,120,tv,relative_bias,-0.003871843721
0.30,120,tv,covered,1
0.30,120,video,relative_bias,-0.1733497874
0.30,120,video,covered,1
0.30,120,search,relative_bias,-1
0.30,120,search,covered,0
0.30,120,social,relative_bias,-0.4279207037
0.30,120,social,covered,0
0.30,120,ooh,relative_bias,3.418509746
0.30,120,ooh,covered,0
0.30,120,all,median_abs_relative_bias,0.4279207037
0.30,120,all,spearman,0.6
0.30,120,all,regret,3.1172296
0.30,120,all,beats_status_quo,0
0.30,120,all,achievable_lift_share,0.01201971149
0.30,120,all,shortfall_from_optimum_share,0.03746820043
0.30,120,all,loss_vs_status_quo_share,0.02544848894
0.30,120,all,n_agreeing,3
0.30,121,tv,relative_bias,2.245764351
0.30,121,tv,covered,0
0.30,121,video,relative_bias,0.8162585532
0.30,121,video,covered,0
0.30,121,search,relative_bias,-0.7012890765
0.30,121,search,covered,1
0.30,121,social,relative_bias,-0.713456235
0.30,121,social,covered,0
0.30,121,ooh,relative_bias,1.775214694
0.30,121,ooh,covered,0
0.30,121,all,median_abs_relative_bias,0.8162585532
0.30,121,all,spearman,0.7
0.30,121,all,regret,1.704175254
0.30,121,all,beats_status_quo,0
0.30,121,all,achievable_lift_share,0.01200015889
0.30,121,all,shortfall_from_optimum_share,0.02045037382
0.30,121,all,loss_vs_status_quo_share,0.008450214931
0.30,121,all,n_agreeing,3
0.30,122,tv,relative_bias,0.3558392386
0.30,122,tv,covered,0
0.30,122,video,relative_bias,2.095957759
0.30,122,video,covered,0
0.30,122,search,relative_bias,-0.8194277604
0.30,122,search,covered,0
0.30,122,social,relative_bias,-0.7131198035
0.30,122,social,covered,0
0.30,122,ooh,relative_bias,2.585434285
0.30,122,ooh,covered,1
0.30,122,all,median_abs_relative_bias,0.8194277604
0.30,122,all,spearman,0.5
0.30,122,all,regret,3.178358195
0.30,122,all,beats_status_quo,0
0.30,122,all,achievable_lift_share,0.01247192576
0.30,122,all,shortfall_from_optimum_share,0.03964024744
0.30,122,all,loss_vs_status_quo_share,0.02716832168
0.30,122,all,n_agreeing,3
0.30,123,tv,relative_bias,-0.04330015921
0.30,123,tv,covered,0
0.30,123,video,relative_bias,0.7659887683
0.30,123,video,covered,1
0.30,123,search,relative_bias,1.069637766
0.30,123,search,covered,1
0.30,123,social,relative_bias,-0.9321749685
0.30,123,social,covered,1
0.30,123,ooh,relative_bias,2.18131772
0.30,123,ooh,covered,1
0.30,123,all,median_abs_relative_bias,0.9321749685
0.30,123,all,spearman,0.8
0.30,123,all,regret,1.497379145
0.30,123,all,beats_status_quo,0
0.30,123,all,achievable_lift_share,0.01115458767
0.30,123,all,shortfall_from_optimum_share,0.01670264694
0.30,123,all,loss_vs_status_quo_share,0.005548059276
0.30,123,all,n_agreeing,3
0.30,124,tv,relative_bias,-0.7055287779
0.30,124,tv,covered,0
0.30,124,video,relative_bias,8.196393915
0.30,124,video,covered,0
0.30,124,search,relative_bias,-0.7374079001
0.30,124,search,covered,0
0.30,124,social,relative_bias,-0.5760724443
0.30,124,social,covered,1
0.30,124,ooh,relative_bias,12.62765099
0.30,124,ooh,covered,0
0.30,124,all,median_abs_relative_bias,0.7374079001
0.30,124,all,spearman,0.1
0.30,124,all,regret,7.143096796
0.30,124,all,beats_status_quo,0
0.30,124,all,achievable_lift_share,0.0108424852
0.30,124,all,shortfall_from_optimum_share,0.07744892129
0.30,124,all,loss_vs_status_quo_share,0.06660643609
0.30,124,all,n_agreeing,3
0.30,125,tv,relative_bias,0.6819548484
0.30,125,tv,covered,0
0.30,125,video,relative_bias,-0.6058030271
0.30,125,video,covered,0
0.30,125,search,relative_bias,-0.4638153829
0.30,125,search,covered,0
0.30,125,social,relative_bias,-0.3940127229
0.30,125,social,covered,0
0.30,125,ooh,relative_bias,-1
0.30,125,ooh,covered,1
0.30,125,all,median_abs_relative_bias,0.6058030271
0.30,125,all,spearman,0.9
0.30,125,all,regret,2.668941293
0.30,125,all,beats_status_quo,0
0.30,125,all,achievable_lift_share,0.01205914888
0.30,125,all,shortfall_from_optimum_share,0.03218516041
0.30,125,all,loss_vs_status_quo_share,0.02012601153
0.30,125,all,n_agreeing,3
0.30,126,tv,relative_bias,2.558628069
0.30,126,tv,covered,0
0.30,126,video,relative_bias,-0.6440576816
0.30,126,video,covered,0
0.30,126,search,relative_bias,-0.09979984629
0.30,126,search,covered,1
0.30,126,social,relative_bias,-0.548701821
0.30,126,social,covered,0
0.30,126,ooh,relative_bias,8.055213726
0.30,126,ooh,covered,0
0.30,126,all,median_abs_relative_bias,0.6440576816
0.30,126,all,spearman,0.3
0.30,126,all,regret,3.057972068
0.30,126,all,beats_status_quo,0
0.30,126,all,achievable_lift_share,0.01141292533
0.30,126,all,shortfall_from_optimum_share,0.03490040687
0.30,126,all,loss_vs_status_quo_share,0.02348748154
0.30,126,all,n_agreeing,3
0.30,127,tv,relative_bias,-0.5299117393
0.30,127,tv,covered,0
0.30,127,video,relative_bias,-0.02398342023
0.30,127,video,covered,1
0.30,127,search,relative_bias,1.271889845
0.30,127,search,covered,1
0.30,127,social,relative_bias,-0.8569247998
0.30,127,social,covered,0
0.30,127,ooh,relative_bias,1.975871303
0.30,127,ooh,covered,1
0.30,127,all,median_abs_relative_bias,0.8569247998
0.30,127,all,spearman,0.5
0.30,127,all,regret,2.284009265
0.30,127,all,beats_status_quo,0
0.30,127,all,achievable_lift_share,0.01188472932
0.30,127,all,shortfall_from_optimum_share,0.02714483189
0.30,127,all,loss_vs_status_quo_share,0.01526010256
0.30,127,all,n_agreeing,3
0.30,128,tv,relative_bias,-0.1841987917
0.30,128,tv,covered,0
0.30,128,video,relative_bias,-0.04179271203
0.30,128,video,covered,1
0.30,128,search,relative_bias,0.6592497251
0.30,128,search,covered,1
0.30,128,social,relative_bias,1.583081206
0.30,128,social,covered,1
0.30,128,ooh,relative_bias,4.0716329
0.30,128,ooh,covered,0
0.30,128,all,median_abs_relative_bias,0.6592497251
0.30,128,all,spearman,0.6
0.30,128,all,regret,1.2740837
0.30,128,all,beats_status_quo,0
0.30,128,all,achievable_lift_share,0.01121464583
0.30,128,all,shortfall_from_optimum_share,0.01428839746
0.30,128,all,loss_vs_status_quo_share,0.003073751627
0.30,128,all,n_agreeing,3
0.30,129,tv,relative_bias,1.536952195
0.30,129,tv,covered,0
0.30,129,video,relative_bias,-0.1613250541
0.30,129,video,covered,1
0.30,129,search,relative_bias,-0.4001362666
0.30,129,search,covered,0
0.30,129,social,relative_bias,0.113268523
0.30,129,social,covered,1
0.30,129,ooh,relative_bias,1.748367364
0.30,129,ooh,covered,1
0.30,129,all,median_abs_relative_bias,0.4001362666
0.30,129,all,spearman,0.7
0.30,129,all,regret,1.425596554
0.30,129,all,beats_status_quo,0
0.30,129,all,achievable_lift_share,0.01185282526
0.30,129,all,shortfall_from_optimum_share,0.01689734684
0.30,129,all,loss_vs_status_quo_share,0.005044521584
0.30,129,all,n_agreeing,3
0.30,130,tv,relative_bias,0.6752345295
0.30,130,tv,covered,0
0.30,130,video,relative_bias,0.3034821269
0.30,130,video,covered,1
0.30,130,search,relative_bias,-0.502016282
0.30,130,search,covered,0
0.30,130,social,relative_bias,-0.07376454831
0.30,130,social,covered,1
0.30,130,ooh,relative_bias,4.832538975
0.30,130,ooh,covered,0
0.30,130,all,median_abs_relative_bias,0.502016282
0.30,130,all,spearman,0.6
0.30,130,all,regret,2.689191777
0.30,130,all,beats_status_quo,0
0.30,130,all,achievable_lift_share,0.01103189978
0.30,130,all,shortfall_from_optimum_share,0.02966689417
0.30,130,all,loss_vs_status_quo_share,0.01863499439
0.30,130,all,n_agreeing,3
0.30,131,tv,relative_bias,1.036003852
0.30,131,tv,covered,0
0.30,131,video,relative_bias,0.8293448473
0.30,131,video,covered,0
0.30,131,search,relative_bias,0.1905884632
0.30,131,search,covered,1
0.30,131,social,relative_bias,-0.8168276281
0.30,131,social,covered,0
0.30,131,ooh,relative_bias,4.747927597
0.30,131,ooh,covered,0
0.30,131,all,median_abs_relative_bias,0.8293448473
0.30,131,all,spearman,0.7
0.30,131,all,regret,1.14208058
0.30,131,all,beats_status_quo,0
0.30,131,all,achievable_lift_share,0.01097004342
0.30,131,all,shortfall_from_optimum_share,0.01252867356
0.30,131,all,loss_vs_status_quo_share,0.001558630136
0.30,131,all,n_agreeing,3
0.30,132,tv,relative_bias,-0.3681250869
0.30,132,tv,covered,0
0.30,132,video,relative_bias,-0.7684837788
0.30,132,video,covered,0
0.30,132,search,relative_bias,1.191354282
0.30,132,search,covered,0
0.30,132,social,relative_bias,0.08544050602
0.30,132,social,covered,1
0.30,132,ooh,relative_bias,-1
0.30,132,ooh,covered,1
0.30,132,all,median_abs_relative_bias,0.7684837788
0.30,132,all,spearman,0.5
0.30,132,all,regret,3.159412519
0.30,132,all,beats_status_quo,0
0.30,132,all,achievable_lift_share,0.01127896664
0.30,132,all,shortfall_from_optimum_share,0.03563490841
0.30,132,all,loss_vs_status_quo_share,0.02435594177
0.30,132,all,n_agreeing,3
0.30,133,tv,relative_bias,1.274902925
0.30,133,tv,covered,0
0.30,133,video,relative_bias,-0.4841176989
0.30,133,video,covered,0
0.30,133,search,relative_bias,-0.1410691069
0.30,133,search,covered,1
0.30,133,social,relative_bias,-0.2010316806
0.30,133,social,covered,1
0.30,133,ooh,relative_bias,-0.03825194035
0.30,133,ooh,covered,1
0.30,133,all,median_abs_relative_bias,0.2010316806
0.30,133,all,spearman,0.9
0.30,133,all,regret,0.6160988161
0.30,133,all,beats_status_quo,1
0.30,133,all,achievable_lift_share,0.01186732765
0.30,133,all,shortfall_from_optimum_share,0.007311446515
0.30,133,all,loss_vs_status_quo_share,-0.004555881134
0.30,133,all,n_agreeing,3
0.30,134,tv,relative_bias,-0.5262598766
0.30,134,tv,covered,0
0.30,134,video,relative_bias,0.2555256615
0.30,134,video,covered,1
0.30,134,search,relative_bias,-0.7480344278
0.30,134,search,covered,0
0.30,134,social,relative_bias,0.005104777481
0.30,134,social,covered,1
0.30,134,ooh,relative_bias,2.760787302
0.30,134,ooh,covered,0
0.30,134,all,median_abs_relative_bias,0.5262598766
0.30,134,all,spearman,0.5
0.30,134,all,regret,2.474424442
0.30,134,all,beats_status_quo,0
0.30,134,all,achievable_lift_share,0.01217814283
0.30,134,all,shortfall_from_optimum_share,0.03013389427
0.30,134,all,loss_vs_status_quo_share,0.01795575145
0.30,134,all,n_agreeing,3
0.30,135,tv,relative_bias,-0.6016829923
0.30,135,tv,covered,0
0.30,135,video,relative_bias,0.613767883
0.30,135,video,covered,0
0.30,135,search,relative_bias,-0.7269379012
0.30,135,search,covered,0
0.30,135,social,relative_bias,1.855347871
0.30,135,social,covered,0
0.30,135,ooh,relative_bias,0.2170985945
0.30,135,ooh,covered,1
0.30,135,all,median_abs_relative_bias,0.613767883
0.30,135,all,spearman,0.5
0.30,135,all,regret,2.113112706
0.30,135,all,beats_status_quo,0
0.30,135,all,achievable_lift_share,0.01226892516
0.30,135,all,shortfall_from_optimum_share,0.02592562165
0.30,135,all,loss_vs_status_quo_share,0.01365669649
0.30,135,all,n_agreeing,3
0.30,136,tv,relative_bias,-0.3350995408
0.30,136,tv,covered,0
0.30,136,video,relative_bias,0.4917119267
0.30,136,video,covered,1
0.30,136,search,relative_bias,0.0495995637
0.30,136,search,covered,1
0.30,136,social,relative_bias,-0.3307045359
0.30,136,social,covered,1
0.30,136,ooh,relative_bias,3.425045759
0.30,136,ooh,covered,1
0.30,136,all,median_abs_relative_bias,0.3350995408
0.30,136,all,spearman,0.8
0.30,136,all,regret,1.504826867
0.30,136,all,beats_status_quo,0
0.30,136,all,achievable_lift_share,0.01119436685
0.30,136,all,shortfall_from_optimum_share,0.016845584
0.30,136,all,loss_vs_status_quo_share,0.00565121715
0.30,136,all,n_agreeing,3
0.30,137,tv,relative_bias,-0.2442778868
0.30,137,tv,covered,0
0.30,137,video,relative_bias,-0.4268445728
0.30,137,video,covered,0
0.30,137,search,relative_bias,0.6743812571
0.30,137,search,covered,0
0.30,137,social,relative_bias,-0.2546133772
0.30,137,social,covered,1
0.30,137,ooh,relative_bias,8.584353782
0.30,137,ooh,covered,0
0.30,137,all,median_abs_relative_bias,0.4268445728
0.30,137,all,spearman,-0.3
0.30,137,all,regret,4.002157037
0.30,137,all,beats_status_quo,0
0.30,137,all,achievable_lift_share,0.01203426975
0.30,137,all,shortfall_from_optimum_share,0.04816303735
0.30,137,all,loss_vs_status_quo_share,0.0361287676
0.30,137,all,n_agreeing,3
0.30,138,tv,relative_bias,1.579508889
0.30,138,tv,covered,0
0.30,138,video,relative_bias,-0.8347247494
0.30,138,video,covered,0
0.30,138,search,relative_bias,-0.5816860077
0.30,138,search,covered,0
0.30,138,social,relative_bias,-0.04891340896
0.30,138,social,covered,1
0.30,138,ooh,relative_bias,0.7954571742
0.30,138,ooh,covered,1
0.30,138,all,median_abs_relative_bias,0.7954571742
0.30,138,all,spearman,0.3
0.30,138,all,regret,5.448568525
0.30,138,all,beats_status_quo,0
0.30,138,all,achievable_lift_share,0.01110466523
0.30,138,all,shortfall_from_optimum_share,0.06050452944
0.30,138,all,loss_vs_status_quo_share,0.04939986421
0.30,138,all,n_agreeing,3
0.30,139,tv,relative_bias,-0.4531254412
0.30,139,tv,covered,0
0.30,139,video,relative_bias,-0.5963308113
0.30,139,video,covered,0
0.30,139,search,relative_bias,-0.5407998228
0.30,139,search,covered,0
0.30,139,social,relative_bias,-0.4147388655
0.30,139,social,covered,0
0.30,139,ooh,relative_bias,4.98168158
0.30,139,ooh,covered,0
0.30,139,all,median_abs_relative_bias,0.5407998228
0.30,139,all,spearman,0
0.30,139,all,regret,5.812909369
0.30,139,all,beats_status_quo,0
0.30,139,all,achievable_lift_share,0.011618858
0.30,139,all,shortfall_from_optimum_share,0.06753936852
0.30,139,all,loss_vs_status_quo_share,0.05592051052
0.30,139,all,n_agreeing,3
0.30,140,tv,relative_bias,0.006786807034
0.30,140,tv,covered,1
0.30,140,video,relative_bias,-0.4812951542
0.30,140,video,covered,0
0.30,140,search,relative_bias,-0.5088249189
0.30,140,search,covered,0
0.30,140,social,relative_bias,-0.175991031
0.30,140,social,covered,1
0.30,140,ooh,relative_bias,1.215508545
0.30,140,ooh,covered,0
0.30,140,all,median_abs_relative_bias,0.4812951542
0.30,140,all,spearman,0.9
0.30,140,all,regret,0.8732679851
0.30,140,all,beats_status_quo,1
0.30,140,all,achievable_lift_share,0.01187849125
0.30,140,all,shortfall_from_optimum_share,0.01037310612
0.30,140,all,loss_vs_status_quo_share,-0.00150538513
0.30,140,all,n_agreeing,3
0.30,141,tv,relative_bias,1.386138232
0.30,141,tv,covered,0
0.30,141,video,relative_bias,-0.7006286183
0.30,141,video,covered,0
0.30,141,search,relative_bias,-0.4999949222
0.30,141,search,covered,0
0.30,141,social,relative_bias,-0.5250393342
0.30,141,social,covered,0
0.30,141,ooh,relative_bias,1.413533277
0.30,141,ooh,covered,1
0.30,141,all,median_abs_relative_bias,0.7006286183
0.30,141,all,spearman,0.3
0.30,141,all,regret,3.999722348
0.30,141,all,beats_status_quo,0
0.30,141,all,achievable_lift_share,0.01184550182
0.30,141,all,shortfall_from_optimum_share,0.04737871836
0.30,141,all,loss_vs_status_quo_share,0.03553321654
0.30,141,all,n_agreeing,3
0.30,142,tv,relative_bias,-0.7335620475
0.30,142,tv,covered,0
0.30,142,video,relative_bias,-0.56393302
0.30,142,video,covered,0
0.30,142,search,relative_bias,-0.1476418714
0.30,142,search,covered,0
0.30,142,social,relative_bias,0.3140073363
0.30,142,social,covered,1
0.30,142,ooh,relative_bias,2.695880503
0.30,142,ooh,covered,0
0.30,142,all,median_abs_relative_bias,0.56393302
0.30,142,all,spearman,-0.6
0.30,142,all,regret,5.273604777
0.30,142,all,beats_status_quo,0
0.30,142,all,achievable_lift_share,0.01161936557
0.30,142,all,shortfall_from_optimum_share,0.06127594177
0.30,142,all,loss_vs_status_quo_share,0.0496565762
0.30,142,all,n_agreeing,3
0.30,143,tv,relative_bias,0.7680941907
0.30,143,tv,covered,0
0.30,143,video,relative_bias,-0.1889914777
0.30,143,video,covered,1
0.30,143,search,relative_bias,-0.4336967875
0.30,143,search,covered,0
0.30,143,social,relative_bias,-0.5533581546
0.30,143,social,covered,0
0.30,143,ooh,relative_bias,1.673794719
0.30,143,ooh,covered,1
0.30,143,all,median_abs_relative_bias,0.5533581546
0.30,143,all,spearman,0.7
0.30,143,all,regret,4.540026743
0.30,143,all,beats_status_quo,0
0.30,143,all,achievable_lift_share,0.01143698756
0.30,143,all,shortfall_from_optimum_share,0.05192422937
0.30,143,all,loss_vs_status_quo_share,0.04048724181
0.30,143,all,n_agreeing,3
0.30,144,tv,relative_bias,0.03699023331
0.30,144,tv,covered,1
0.30,144,video,relative_bias,0.8202794978
0.30,144,video,covered,0
0.30,144,search,relative_bias,0.6091359078
0.30,144,search,covered,0
0.30,144,social,relative_bias,-0.6116509008
0.30,144,social,covered,0
0.30,144,ooh,relative_bias,-0.005940931301
0.30,144,ooh,covered,1
0.30,144,all,median_abs_relative_bias,0.6091359078
0.30,144,all,spearman,1
0.30,144,all,regret,1.100355978
0.30,144,all,beats_status_quo,0
0.30,144,all,achievable_lift_share,0.01186600716
0.30,144,all,shortfall_from_optimum_share,0.01305683191
0.30,144,all,loss_vs_status_quo_share,0.001190824748
0.30,144,all,n_agreeing,3
0.30,145,tv,relative_bias,1.364475262
0.30,145,tv,covered,0
0.30,145,video,relative_bias,0.6044135037
0.30,145,video,covered,1
0.30,145,search,relative_bias,1.376338065
0.30,145,search,covered,1
0.30,145,social,relative_bias,1.261224678
0.30,145,social,covered,1
0.30,145,ooh,relative_bias,-0.1308040151
0.30,145,ooh,covered,1
0.30,145,all,median_abs_relative_bias,1.261224678
0.30,145,all,spearman,0.9
0.30,145,all,regret,0.1071769652
0.30,145,all,beats_status_quo,1
0.30,145,all,achievable_lift_share,0.01137837255
0.30,145,all,shortfall_from_optimum_share,0.001219499439
0.30,145,all,loss_vs_status_quo_share,-0.01015887311
0.30,145,all,n_agreeing,3
0.30,146,tv,relative_bias,-0.3941883705
0.30,146,tv,covered,0
0.30,146,video,relative_bias,-0.5329313628
0.30,146,video,covered,0
0.30,146,search,relative_bias,-0.661579448
0.30,146,search,covered,0
0.30,146,social,relative_bias,0.8778988336
0.30,146,social,covered,1
0.30,146,ooh,relative_bias,1.433037907
0.30,146,ooh,covered,1
0.30,146,all,median_abs_relative_bias,0.661579448
0.30,146,all,spearman,0.5
0.30,146,all,regret,5.53384214
0.30,146,all,beats_status_quo,0
0.30,146,all,achievable_lift_share,0.01142059834
0.30,146,all,shortfall_from_optimum_share,0.06319978834
0.30,146,all,loss_vs_status_quo_share,0.05177919001
0.30,146,all,n_agreeing,3
0.30,147,tv,relative_bias,-0.3023620979
0.30,147,tv,covered,0
0.30,147,video,relative_bias,-0.01937954785
0.30,147,video,covered,1
0.30,147,search,relative_bias,-0.5022199676
0.30,147,search,covered,0
0.30,147,social,relative_bias,-0.7720839283
0.30,147,social,covered,0
0.30,147,ooh,relative_bias,4.981631682
0.30,147,ooh,covered,0
0.30,147,all,median_abs_relative_bias,0.5022199676
0.30,147,all,spearman,0.4
0.30,147,all,regret,1.17261177
0.30,147,all,beats_status_quo,0
0.30,147,all,achievable_lift_share,0.01144475265
0.30,147,all,shortfall_from_optimum_share,0.01342025166
0.30,147,all,loss_vs_status_quo_share,0.001975499015
0.30,147,all,n_agreeing,3
0.30,148,tv,relative_bias,0.2843881972
0.30,148,tv,covered,0
0.30,148,video,relative_bias,0.4274273251
0.30,148,video,covered,1
0.30,148,search,relative_bias,0.3578649785
0.30,148,search,covered,1
0.30,148,social,relative_bias,-0.2868868577
0.30,148,social,covered,1
0.30,148,ooh,relative_bias,-0.1732864967
0.30,148,ooh,covered,1
0.30,148,all,median_abs_relative_bias,0.2868868577
0.30,148,all,spearman,1
0.30,148,all,regret,0.7742706781
0.30,148,all,beats_status_quo,1
0.30,148,all,achievable_lift_share,0.01134811192
0.30,148,all,shortfall_from_optimum_share,0.00878651031
0.30,148,all,loss_vs_status_quo_share,-0.002561601608
0.30,148,all,n_agreeing,3
0.30,149,tv,relative_bias,1.27101151
0.30,149,tv,covered,0
0.30,149,video,relative_bias,-0.2728711919
0.30,149,video,covered,1
0.30,149,search,relative_bias,-0.515180711
0.30,149,search,covered,0
0.30,149,social,relative_bias,-0.3916322053
0.30,149,social,covered,1
0.30,149,ooh,relative_bias,-0.491299788
0.30,149,ooh,covered,1
0.30,149,all,median_abs_relative_bias,0.491299788
0.30,149,all,spearman,1
0.30,149,all,regret,0.8869916489
0.30,149,all,beats_status_quo,1
0.30,149,all,achievable_lift_share,0.01212638755
0.30,149,all,shortfall_from_optimum_share,0.01075600448
0.30,149,all,loss_vs_status_quo_share,-0.001370383062
0.30,149,all,n_agreeing,3
0.30,150,tv,relative_bias,-0.4380473071
0.30,150,tv,covered,0
0.30,150,video,relative_bias,0.352006746
0.30,150,video,covered,1
0.30,150,search,relative_bias,-0.7429063513
0.30,150,search,covered,0
0.30,150,social,relative_bias,0.7865902704
0.30,150,social,covered,1
0.30,150,ooh,relative_bias,5.003646655
0.30,150,ooh,covered,0
0.30,150,all,median_abs_relative_bias,0.7429063513
0.30,150,all,spearman,0.1
0.30,150,all,regret,2.318926495
0.30,150,all,beats_status_quo,0
0.30,150,all,achievable_lift_share,0.01177443835
0.30,150,all,shortfall_from_optimum_share,0.02730405706
0.30,150,all,loss_vs_status_quo_share,0.01552961871
0.30,150,all,n_agreeing,3
0.30,151,tv,relative_bias,-0.539564017
0.30,151,tv,covered,0
0.30,151,video,relative_bias,1.875619528
0.30,151,video,covered,0
0.30,151,search,relative_bias,0.2631595181
0.30,151,search,covered,1
0.30,151,social,relative_bias,2.808913296
0.30,151,social,covered,0
0.30,151,ooh,relative_bias,2.682644635
0.30,151,ooh,covered,1
0.30,151,all,median_abs_relative_bias,1.875619528
0.30,151,all,spearman,0.3
0.30,151,all,regret,0.6756310513
0.30,151,all,beats_status_quo,1
0.30,151,all,achievable_lift_share,0.01117714903
0.30,151,all,shortfall_from_optimum_share,0.007551628948
0.30,151,all,loss_vs_status_quo_share,-0.003625520079
0.30,151,all,n_agreeing,3
0.30,152,tv,relative_bias,-0.6389479168
0.30,152,tv,covered,0
0.30,152,video,relative_bias,1.51177611
0.30,152,video,covered,0
0.30,152,search,relative_bias,-0.2071459525
0.30,152,search,covered,1
0.30,152,social,relative_bias,2.061872357
0.30,152,social,covered,0
0.30,152,ooh,relative_bias,-0.1271401567
0.30,152,ooh,covered,1
0.30,152,all,median_abs_relative_bias,0.6389479168
0.30,152,all,spearman,0.3
0.30,152,all,regret,5.577711611
0.30,152,all,beats_status_quo,0
0.30,152,all,achievable_lift_share,0.01228978297
0.30,152,all,shortfall_from_optimum_share,0.06854886516
0.30,152,all,loss_vs_status_quo_share,0.05625908219
0.30,152,all,n_agreeing,3
0.30,153,tv,relative_bias,-0.6191507814
0.30,153,tv,covered,0
0.30,153,video,relative_bias,-0.7536104739
0.30,153,video,covered,0
0.30,153,search,relative_bias,-0.8328243466
0.30,153,search,covered,0
0.30,153,social,relative_bias,2.097093545
0.30,153,social,covered,0
0.30,153,ooh,relative_bias,0.1339225345
0.30,153,ooh,covered,1
0.30,153,all,median_abs_relative_bias,0.7536104739
0.30,153,all,spearman,0.2
0.30,153,all,regret,9.375316298
0.30,153,all,beats_status_quo,0
0.30,153,all,achievable_lift_share,0.01143307235
0.30,153,all,shortfall_from_optimum_share,0.1071886695
0.30,153,all,loss_vs_status_quo_share,0.09575559715
0.30,153,all,n_agreeing,3
0.30,154,tv,relative_bias,0.1890089193
0.30,154,tv,covered,0
0.30,154,video,relative_bias,-0.2643715702
0.30,154,video,covered,0
0.30,154,search,relative_bias,-0.5667684897
0.30,154,search,covered,0
0.30,154,social,relative_bias,-0.7555343608
0.30,154,social,covered,0
0.30,154,ooh,relative_bias,1.053689569
0.30,154,ooh,covered,1
0.30,154,all,median_abs_relative_bias,0.5667684897
0.30,154,all,spearman,0.7
0.30,154,all,regret,4.016479832
0.30,154,all,beats_status_quo,0
0.30,154,all,achievable_lift_share,0.01149624417
0.30,154,all,shortfall_from_optimum_share,0.04617443285
0.30,154,all,loss_vs_status_quo_share,0.03467818868
0.30,154,all,n_agreeing,3
0.30,155,tv,relative_bias,0.7859125164
0.30,155,tv,covered,0
0.30,155,video,relative_bias,1.619051492
0.30,155,video,covered,0
0.30,155,search,relative_bias,-1
0.30,155,search,covered,0
0.30,155,social,relative_bias,-0.7361430154
0.30,155,social,covered,0
0.30,155,ooh,relative_bias,-1
0.30,155,ooh,covered,0
0.30,155,all,median_abs_relative_bias,1
0.30,155,all,spearman,0.8207826817
0.30,155,all,regret,3.214055571
0.30,155,all,beats_status_quo,0
0.30,155,all,achievable_lift_share,0.01170033564
0.30,155,all,shortfall_from_optimum_share,0.03760552895
0.30,155,all,loss_vs_status_quo_share,0.02590519331
0.30,155,all,n_agreeing,3
0.30,156,tv,relative_bias,0.7046825533
0.30,156,tv,covered,0
0.30,156,video,relative_bias,1.161610107
0.30,156,video,covered,0
0.30,156,search,relative_bias,-0.2425492354
0.30,156,search,covered,0
0.30,156,social,relative_bias,-0.6075011648
0.30,156,social,covered,1
0.30,156,ooh,relative_bias,2.652267851
0.30,156,ooh,covered,1
0.30,156,all,median_abs_relative_bias,0.7046825533
0.30,156,all,spearman,0.7
0.30,156,all,regret,2.483745423
0.30,156,all,beats_status_quo,0
0.30,156,all,achievable_lift_share,0.01089835043
0.30,156,all,shortfall_from_optimum_share,0.02706872799
0.30,156,all,loss_vs_status_quo_share,0.01617037757
0.30,156,all,n_agreeing,3
0.30,157,tv,relative_bias,-0.1608748805
0.30,157,tv,covered,0
0.30,157,video,relative_bias,-0.4930247051
0.30,157,video,covered,0
0.30,157,search,relative_bias,0.06638824176
0.30,157,search,covered,1
0.30,157,social,relative_bias,-0.6943546048
0.30,157,social,covered,0
0.30,157,ooh,relative_bias,1.003299769
0.30,157,ooh,covered,1
0.30,157,all,median_abs_relative_bias,0.4930247051
0.30,157,all,spearman,0.8
0.30,157,all,regret,3.864960534
0.30,157,all,beats_status_quo,0
0.30,157,all,achievable_lift_share,0.01161636287
0.30,157,all,shortfall_from_optimum_share,0.04489678404
0.30,157,all,loss_vs_status_quo_share,0.03328042117
0.30,157,all,n_agreeing,3
0.30,158,tv,relative_bias,-0.4701302545
0.30,158,tv,covered,0
0.30,158,video,relative_bias,0.4814819914
0.30,158,video,covered,0
0.30,158,search,relative_bias,-0.4167861945
0.30,158,search,covered,0
0.30,158,social,relative_bias,-0.6553418153
0.30,158,social,covered,0
0.30,158,ooh,relative_bias,3.420437809
0.30,158,ooh,covered,1
0.30,158,all,median_abs_relative_bias,0.4814819914
0.30,158,all,spearman,0.6
0.30,158,all,regret,1.333343707
0.30,158,all,beats_status_quo,0
0.30,158,all,achievable_lift_share,0.01171853094
0.30,158,all,shortfall_from_optimum_share,0.01562482948
0.30,158,all,loss_vs_status_quo_share,0.003906298543
0.30,158,all,n_agreeing,3
0.30,159,tv,relative_bias,0.5894607214
0.30,159,tv,covered,0
0.30,159,video,relative_bias,-0.4291912087
0.30,159,video,covered,0
0.30,159,search,relative_bias,-0.02536504341
0.30,159,search,covered,1
0.30,159,social,relative_bias,-0.9164786988
0.30,159,social,covered,0
0.30,159,ooh,relative_bias,3.66359325
0.30,159,ooh,covered,1
0.30,159,all,median_abs_relative_bias,0.5894607214
0.30,159,all,spearman,0.3
0.30,159,all,regret,1.820285247
0.30,159,all,beats_status_quo,0
0.30,159,all,achievable_lift_share,0.01157618837
0.30,159,all,shortfall_from_optimum_share,0.0210719649
0.30,159,all,loss_vs_status_quo_share,0.009495776538
0.30,159,all,n_agreeing,3
0.30,160,tv,relative_bias,-0.6312816164
0.30,160,tv,covered,0
0.30,160,video,relative_bias,-0.8000464522
0.30,160,video,covered,0
0.30,160,search,relative_bias,-0.07987839649
0.30,160,search,covered,0
0.30,160,social,relative_bias,-0.8107922185
0.30,160,social,covered,0
0.30,160,ooh,relative_bias,0.4401773577
0.30,160,ooh,covered,1
0.30,160,all,median_abs_relative_bias,0.6312816164
0.30,160,all,spearman,0.3
0.30,160,all,regret,3.358283119
0.30,160,all,beats_status_quo,0
0.30,160,all,achievable_lift_share,0.01238882336
0.30,160,all,shortfall_from_optimum_share,0.04160517635
0.30,160,all,loss_vs_status_quo_share,0.02921635299
0.30,160,all,n_agreeing,3
0.30,161,tv,relative_bias,0.3425287308
0.30,161,tv,covered,0
0.30,161,video,relative_bias,-0.1825734064
0.30,161,video,covered,1
0.30,161,search,relative_bias,-0.04313758979
0.30,161,search,covered,1
0.30,161,social,relative_bias,-1
0.30,161,social,covered,1
0.30,161,ooh,relative_bias,0.1120865413
0.30,161,ooh,covered,1
0.30,161,all,median_abs_relative_bias,0.1825734064
0.30,161,all,spearman,0.9
0.30,161,all,regret,2.215012816
0.30,161,all,beats_status_quo,0
0.30,161,all,achievable_lift_share,0.01198918481
0.30,161,all,shortfall_from_optimum_share,0.02655619802
0.30,161,all,loss_vs_status_quo_share,0.01456701321
0.30,161,all,n_agreeing,3
0.30,162,tv,relative_bias,-0.4183270293
0.30,162,tv,covered,0
0.30,162,video,relative_bias,0.3804201072
0.30,162,video,covered,1
0.30,162,search,relative_bias,0.1746813616
0.30,162,search,covered,1
0.30,162,social,relative_bias,-0.6115769204
0.30,162,social,covered,0
0.30,162,ooh,relative_bias,0.500945739
0.30,162,ooh,covered,1
0.30,162,all,median_abs_relative_bias,0.4183270293
0.30,162,all,spearman,0.8
0.30,162,all,regret,1.184251793
0.30,162,all,beats_status_quo,0
0.30,162,all,achievable_lift_share,0.01121779015
0.30,162,all,shortfall_from_optimum_share,0.0132846881
0.30,162,all,loss_vs_status_quo_share,0.002066897953
0.30,162,all,n_agreeing,3
0.30,163,tv,relative_bias,-0.02594130899
0.30,163,tv,covered,1
0.30,163,video,relative_bias,-0.02882959638
0.30,163,video,covered,1
0.30,163,search,relative_bias,0.6219674865
0.30,163,search,covered,1
0.30,163,social,relative_bias,-0.111980263
0.30,163,social,covered,1
0.30,163,ooh,relative_bias,2.687532354
0.30,163,ooh,covered,1
0.30,163,all,median_abs_relative_bias,0.111980263
0.30,163,all,spearman,0.8
0.30,163,all,regret,0.5340673122
0.30,163,all,beats_status_quo,1
0.30,163,all,achievable_lift_share,0.01131459626
0.30,163,all,shortfall_from_optimum_share,0.006042756014
0.30,163,all,loss_vs_status_quo_share,-0.005271840248
0.30,163,all,n_agreeing,3
0.30,164,tv,relative_bias,-0.1517713044
0.30,164,tv,covered,0
0.30,164,video,relative_bias,0.1792517106
0.30,164,video,covered,1
0.30,164,search,relative_bias,-0.7403598833
0.30,164,search,covered,0
0.30,164,social,relative_bias,-0.4304342814
0.30,164,social,covered,0
0.30,164,ooh,relative_bias,4.017599966
0.30,164,ooh,covered,0
0.30,164,all,median_abs_relative_bias,0.4304342814
0.30,164,all,spearman,0.6
0.30,164,all,regret,3.27991403
0.30,164,all,beats_status_quo,0
0.30,164,all,achievable_lift_share,0.01148894404
0.30,164,all,shortfall_from_optimum_share,0.03768274875
0.30,164,all,loss_vs_status_quo_share,0.02619380471
0.30,164,all,n_agreeing,3
0.30,165,tv,relative_bias,3.027924353
0.30,165,tv,covered,0
0.30,165,video,relative_bias,0.682310545
0.30,165,video,covered,0
0.30,165,search,relative_bias,-0.6862299861
0.30,165,search,covered,0
0.30,165,social,relative_bias,-0.2493115745
0.30,165,social,covered,1
0.30,165,ooh,relative_bias,0.1212708008
0.30,165,ooh,covered,1
0.30,165,all,median_abs_relative_bias,0.682310545
0.30,165,all,spearman,0.9
0.30,165,all,regret,2.267294319
0.30,165,all,beats_status_quo,0
0.30,165,all,achievable_lift_share,0.01166015667
0.30,165,all,shortfall_from_optimum_share,0.02643700699
0.30,165,all,loss_vs_status_quo_share,0.01477685031
0.30,165,all,n_agreeing,3
0.30,166,tv,relative_bias,-0.3102038446
0.30,166,tv,covered,0
0.30,166,video,relative_bias,-0.2712709663
0.30,166,video,covered,0
0.30,166,search,relative_bias,0.5288173885
0.30,166,search,covered,0
0.30,166,social,relative_bias,-0.6816882673
0.30,166,social,covered,0
0.30,166,ooh,relative_bias,-0.006181376079
0.30,166,ooh,covered,1
0.30,166,all,median_abs_relative_bias,0.3102038446
0.30,166,all,spearman,0.7
0.30,166,all,regret,0.9106390724
0.30,166,all,beats_status_quo,1
0.30,166,all,achievable_lift_share,0.01169952156
0.30,166,all,shortfall_from_optimum_share,0.01065404146
0.30,166,all,loss_vs_status_quo_share,-0.001045480098
0.30,166,all,n_agreeing,3
0.30,167,tv,relative_bias,-0.2648392818
0.30,167,tv,covered,0
0.30,167,video,relative_bias,-0.3736028414
0.30,167,video,covered,0
0.30,167,search,relative_bias,-0.5301867173
0.30,167,search,covered,0
0.30,167,social,relative_bias,0.1805016059
0.30,167,social,covered,1
0.30,167,ooh,relative_bias,-0.5053050471
0.30,167,ooh,covered,1
0.30,167,all,median_abs_relative_bias,0.3736028414
0.30,167,all,spearman,0.7
0.30,167,all,regret,0.7775511986
0.30,167,all,beats_status_quo,1
0.30,167,all,achievable_lift_share,0.01116248163
0.30,167,all,shortfall_from_optimum_share,0.008679400974
0.30,167,all,loss_vs_status_quo_share,-0.00248308066
0.30,167,all,n_agreeing,3
0.30,168,tv,relative_bias,0.7326874341
0.30,168,tv,covered,0
0.30,168,video,relative_bias,-0.8092679253
0.30,168,video,covered,0
0.30,168,search,relative_bias,-0.4600347078
0.30,168,search,covered,0
0.30,168,social,relative_bias,0.8871927571
0.30,168,social,covered,1
0.30,168,ooh,relative_bias,0.2877786574
0.30,168,ooh,covered,1
0.30,168,all,median_abs_relative_bias,0.7326874341
0.30,168,all,spearman,0.3
0.30,168,all,regret,2.410362176
0.30,168,all,beats_status_quo,0
0.30,168,all,achievable_lift_share,0.0121522895
0.30,168,all,shortfall_from_optimum_share,0.02929141897
0.30,168,all,loss_vs_status_quo_share,0.01713912947
0.30,168,all,n_agreeing,3
0.30,169,tv,relative_bias,-0.04589984253
0.30,169,tv,covered,1
0.30,169,video,relative_bias,-0.3004766913
0.30,169,video,covered,0
0.30,169,search,relative_bias,0.2934452373
0.30,169,search,covered,1
0.30,169,social,relative_bias,0.4827757807
0.30,169,social,covered,1
0.30,169,ooh,relative_bias,-1
0.30,169,ooh,covered,1
0.30,169,all,median_abs_relative_bias,0.3004766913
0.30,169,all,spearman,0.7
0.30,169,all,regret,0.2020996334
0.30,169,all,beats_status_quo,1
0.30,169,all,achievable_lift_share,0.01123073696
0.30,169,all,shortfall_from_optimum_share,0.002269727823
0.30,169,all,loss_vs_status_quo_share,-0.00896100914
0.30,169,all,n_agreeing,3
0.30,170,tv,relative_bias,-0.4437362822
0.30,170,tv,covered,0
0.30,170,video,relative_bias,0.2622041627
0.30,170,video,covered,1
0.30,170,search,relative_bias,-0.1302521919
0.30,170,search,covered,1
0.30,170,social,relative_bias,-0.7458459509
0.30,170,social,covered,0
0.30,170,ooh,relative_bias,0.8544368865
0.30,170,ooh,covered,1
0.30,170,all,median_abs_relative_bias,0.4437362822
0.30,170,all,spearman,0.8
0.30,170,all,regret,2.77921783
0.30,170,all,beats_status_quo,0
0.30,170,all,achievable_lift_share,0.01199922013
0.30,170,all,shortfall_from_optimum_share,0.03334844654
0.30,170,all,loss_vs_status_quo_share,0.0213492264
0.30,170,all,n_agreeing,3
0.30,171,tv,relative_bias,2.646824252
0.30,171,tv,covered,0
0.30,171,video,relative_bias,-0.7432841583
0.30,171,video,covered,0
0.30,171,search,relative_bias,-0.7124095868
0.30,171,search,covered,0
0.30,171,social,relative_bias,1.749408349
0.30,171,social,covered,1
0.30,171,ooh,relative_bias,1.408192525
0.30,171,ooh,covered,1
0.30,171,all,median_abs_relative_bias,1.408192525
0.30,171,all,spearman,0.2
0.30,171,all,regret,4.669258246
0.30,171,all,beats_status_quo,0
0.30,171,all,achievable_lift_share,0.01159901414
0.30,171,all,shortfall_from_optimum_share,0.05415879241
0.30,171,all,loss_vs_status_quo_share,0.04255977827
0.30,171,all,n_agreeing,3
0.30,172,tv,relative_bias,0.4283709936
0.30,172,tv,covered,0
0.30,172,video,relative_bias,-0.1905889204
0.30,172,video,covered,1
0.30,172,search,relative_bias,-0.4771052107
0.30,172,search,covered,0
0.30,172,social,relative_bias,0.8846371636
0.30,172,social,covered,0
0.30,172,ooh,relative_bias,0.2383934211
0.30,172,ooh,covered,1
0.30,172,all,median_abs_relative_bias,0.4283709936
0.30,172,all,spearman,0.7
0.30,172,all,regret,0.9973232176
0.30,172,all,beats_status_quo,1
0.30,172,all,achievable_lift_share,0.01163762127
0.30,172,all,shortfall_from_optimum_share,0.01160646989
0.30,172,all,loss_vs_status_quo_share,-3.115137927e-05
0.30,172,all,n_agreeing,3
0.30,173,tv,relative_bias,-0.2342618543
0.30,173,tv,covered,0
0.30,173,video,relative_bias,1.033902103
0.30,173,video,covered,0
0.30,173,search,relative_bias,1.561561384
0.30,173,search,covered,0
0.30,173,social,relative_bias,0.3696782537
0.30,173,social,covered,1
0.30,173,ooh,relative_bias,0.7342781197
0.30,173,ooh,covered,1
0.30,173,all,median_abs_relative_bias,0.7342781197
0.30,173,all,spearman,0.6
0.30,173,all,regret,0.4270004603
0.30,173,all,beats_status_quo,1
0.30,173,all,achievable_lift_share,0.01216918499
0.30,173,all,shortfall_from_optimum_share,0.005196247591
0.30,173,all,loss_vs_status_quo_share,-0.006972937398
0.30,173,all,n_agreeing,3
0.30,174,tv,relative_bias,-0.2591941407
0.30,174,tv,covered,0
0.30,174,video,relative_bias,-0.3435134083
0.30,174,video,covered,0
0.30,174,search,relative_bias,0.07111521223
0.30,174,search,covered,1
0.30,174,social,relative_bias,-0.7544003281
0.30,174,social,covered,0
0.30,174,ooh,relative_bias,2.094382101
0.30,174,ooh,covered,1
0.30,174,all,median_abs_relative_bias,0.3435134083
0.30,174,all,spearman,0.8
0.30,174,all,regret,4.181876554
0.30,174,all,beats_status_quo,0
0.30,174,all,achievable_lift_share,0.01120570884
0.30,174,all,shortfall_from_optimum_share,0.04686089106
0.30,174,all,loss_vs_status_quo_share,0.03565518222
0.30,174,all,n_agreeing,3
0.30,175,tv,relative_bias,-0.6085796566
0.30,175,tv,covered,0
0.30,175,video,relative_bias,-0.3994949219
0.30,175,video,covered,0
0.30,175,search,relative_bias,-0.3431582793
0.30,175,search,covered,0
0.30,175,social,relative_bias,-0.2769426331
0.30,175,social,covered,1
0.30,175,ooh,relative_bias,-1
0.30,175,ooh,covered,1
0.30,175,all,median_abs_relative_bias,0.3994949219
0.30,175,all,spearman,1
0.30,175,all,regret,6.611712761
0.30,175,all,beats_status_quo,0
0.30,175,all,achievable_lift_share,0.01231055691
0.30,175,all,shortfall_from_optimum_share,0.08139386622
0.30,175,all,loss_vs_status_quo_share,0.06908330931
0.30,175,all,n_agreeing,3
0.30,176,tv,relative_bias,-0.5134046327
0.30,176,tv,covered,0
0.30,176,video,relative_bias,-0.8160192558
0.30,176,video,covered,0
0.30,176,search,relative_bias,-0.4311849896
0.30,176,search,covered,0
0.30,176,social,relative_bias,1.18667107
0.30,176,social,covered,0
0.30,176,ooh,relative_bias,0.1685723861
0.30,176,ooh,covered,1
0.30,176,all,median_abs_relative_bias,0.5134046327
0.30,176,all,spearman,0
0.30,176,all,regret,3.900708555
0.30,176,all,beats_status_quo,0
0.30,176,all,achievable_lift_share,0.01193517764
0.30,176,all,shortfall_from_optimum_share,0.04655564953
0.30,176,all,loss_vs_status_quo_share,0.03462047189
0.30,176,all,n_agreeing,3
0.30,177,tv,relative_bias,-0.6104365625
0.30,177,tv,covered,0
0.30,177,video,relative_bias,0.2528020795
0.30,177,video,covered,1
0.30,177,search,relative_bias,-0.09118793563
0.30,177,search,covered,1
0.30,177,social,relative_bias,3.432982601
0.30,177,social,covered,0
0.30,177,ooh,relative_bias,0.08729843865
0.30,177,ooh,covered,1
0.30,177,all,median_abs_relative_bias,0.2528020795
0.30,177,all,spearman,0.1
0.30,177,all,regret,6.545660049
0.30,177,all,beats_status_quo,0
0.30,177,all,achievable_lift_share,0.01143762213
0.30,177,all,shortfall_from_optimum_share,0.07486678623
0.30,177,all,loss_vs_status_quo_share,0.0634291641
0.30,177,all,n_agreeing,3
0.30,178,tv,relative_bias,-0.08685611703
0.30,178,tv,covered,1
0.30,178,video,relative_bias,1.247046536
0.30,178,video,covered,0
0.30,178,search,relative_bias,-0.6094897082
0.30,178,search,covered,0
0.30,178,social,relative_bias,-0.3729120422
0.30,178,social,covered,1
0.30,178,ooh,relative_bias,2.884557175
0.30,178,ooh,covered,0
0.30,178,all,median_abs_relative_bias,0.6094897082
0.30,178,all,spearman,0.5
0.30,178,all,regret,2.186238892
0.30,178,all,beats_status_quo,0
0.30,178,all,achievable_lift_share,0.01193478129
0.30,178,all,shortfall_from_optimum_share,0.02609228301
0.30,178,all,loss_vs_status_quo_share,0.01415750173
0.30,178,all,n_agreeing,3
0.30,179,tv,relative_bias,-0.05959239817
0.30,179,tv,covered,1
0.30,179,video,relative_bias,0.3437897727
0.30,179,video,covered,1
0.30,179,search,relative_bias,-0.2453075668
0.30,179,search,covered,0
0.30,179,social,relative_bias,-0.7981177041
0.30,179,social,covered,0
0.30,179,ooh,relative_bias,5.571523373
0.30,179,ooh,covered,0
0.30,179,all,median_abs_relative_bias,0.3437897727
0.30,179,all,spearman,0.7
0.30,179,all,regret,1.707864179
0.30,179,all,beats_status_quo,0
0.30,179,all,achievable_lift_share,0.01107548141
0.30,179,all,shortfall_from_optimum_share,0.01891541796
0.30,179,all,loss_vs_status_quo_share,0.007839936549
0.30,179,all,n_agreeing,3
0.30,180,tv,relative_bias,0.1283608559
0.30,180,tv,covered,1
0.30,180,video,relative_bias,-0.1045525242
0.30,180,video,covered,1
0.30,180,search,relative_bias,-0.6774678379
0.30,180,search,covered,0
0.30,180,social,relative_bias,1.702393911
0.30,180,social,covered,1
0.30,180,ooh,relative_bias,3.642239426
0.30,180,ooh,covered,0
0.30,180,all,median_abs_relative_bias,0.6774678379
0.30,180,all,spearman,0.5
0.30,180,all,regret,3.224719819
0.30,180,all,beats_status_quo,0
0.30,180,all,achievable_lift_share,0.01203557459
0.30,180,all,shortfall_from_optimum_share,0.03881135592
0.30,180,all,loss_vs_status_quo_share,0.02677578133
0.30,180,all,n_agreeing,3
0.30,181,tv,relative_bias,1.339963278
0.30,181,tv,covered,0
0.30,181,video,relative_bias,-0.4221448025
0.30,181,video,covered,0
0.30,181,search,relative_bias,0.3509858241
0.30,181,search,covered,0
0.30,181,social,relative_bias,1.690051059
0.30,181,social,covered,0
0.30,181,ooh,relative_bias,2.557589936
0.30,181,ooh,covered,1
0.30,181,all,median_abs_relative_bias,1.339963278
0.30,181,all,spearman,0.3
0.30,181,all,regret,1.256262649
0.30,181,all,beats_status_quo,0
0.30,181,all,achievable_lift_share,0.01031257944
0.30,181,all,shortfall_from_optimum_share,0.01295530837
0.30,181,all,loss_vs_status_quo_share,0.00264272893
0.30,181,all,n_agreeing,3
0.30,182,tv,relative_bias,-0.6400821504
0.30,182,tv,covered,0
0.30,182,video,relative_bias,0.5997262772
0.30,182,video,covered,0
0.30,182,search,relative_bias,0.791866518
0.30,182,search,covered,1
0.30,182,social,relative_bias,0.2678946274
0.30,182,social,covered,1
0.30,182,ooh,relative_bias,2.003401847
0.30,182,ooh,covered,0
0.30,182,all,median_abs_relative_bias,0.6400821504
0.30,182,all,spearman,0.4
0.30,182,all,regret,5.823879773
0.30,182,all,beats_status_quo,0
0.30,182,all,achievable_lift_share,0.01185907753
0.30,182,all,shortfall_from_optimum_share,0.06906584175
0.30,182,all,loss_vs_status_quo_share,0.05720676422
0.30,182,all,n_agreeing,3
0.30,183,tv,relative_bias,0.4775569023
0.30,183,tv,covered,0
0.30,183,video,relative_bias,-0.1312536482
0.30,183,video,covered,1
0.30,183,search,relative_bias,-0.6886978924
0.30,183,search,covered,0
0.30,183,social,relative_bias,-0.184204726
0.30,183,social,covered,1
0.30,183,ooh,relative_bias,-1
0.30,183,ooh,covered,0
0.30,183,all,median_abs_relative_bias,0.4775569023
0.30,183,all,spearman,0.9
0.30,183,all,regret,2.20207401
0.30,183,all,beats_status_quo,0
0.30,183,all,achievable_lift_share,0.01153967844
0.30,183,all,shortfall_from_optimum_share,0.02541122597
0.30,183,all,loss_vs_status_quo_share,0.01387154753
0.30,183,all,n_agreeing,3
0.30,184,tv,relative_bias,-0.5084918047
0.30,184,tv,covered,0
0.30,184,video,relative_bias,1.409006261
0.30,184,video,covered,0
0.30,184,search,relative_bias,0.124338266
0.30,184,search,covered,1
0.30,184,social,relative_bias,0.3092362435
0.30,184,social,covered,1
0.30,184,ooh,relative_bias,0.3635871899
0.30,184,ooh,covered,1
0.30,184,all,median_abs_relative_bias,0.3635871899
0.30,184,all,spearman,0.7
0.30,184,all,regret,0.364584412
0.30,184,all,beats_status_quo,1
0.30,184,all,achievable_lift_share,0.01076244009
0.30,184,all,shortfall_from_optimum_share,0.003923817891
0.30,184,all,loss_vs_status_quo_share,-0.006838622196
0.30,184,all,n_agreeing,3
0.30,185,tv,relative_bias,1.200211503
0.30,185,tv,covered,0
0.30,185,video,relative_bias,-0.6348010382
0.30,185,video,covered,0
0.30,185,search,relative_bias,0.1633184913
0.30,185,search,covered,1
0.30,185,social,relative_bias,-0.667289975
0.30,185,social,covered,0
0.30,185,ooh,relative_bias,-0.3521850528
0.30,185,ooh,covered,1
0.30,185,all,median_abs_relative_bias,0.6348010382
0.30,185,all,spearman,0.9
0.30,185,all,regret,2.306751778
0.30,185,all,beats_status_quo,0
0.30,185,all,achievable_lift_share,0.01180122695
0.30,185,all,shortfall_from_optimum_share,0.02722250125
0.30,185,all,loss_vs_status_quo_share,0.0154212743
0.30,185,all,n_agreeing,3
0.30,186,tv,relative_bias,-0.3471575086
0.30,186,tv,covered,0
0.30,186,video,relative_bias,-0.6577670587
0.30,186,video,covered,0
0.30,186,search,relative_bias,0.2459046259
0.30,186,search,covered,1
0.30,186,social,relative_bias,-0.07441151294
0.30,186,social,covered,1
0.30,186,ooh,relative_bias,2.161109333
0.30,186,ooh,covered,1
0.30,186,all,median_abs_relative_bias,0.3471575086
0.30,186,all,spearman,0.3
0.30,186,all,regret,7.794073771
0.30,186,all,beats_status_quo,0
0.30,186,all,achievable_lift_share,0.01077676742
0.30,186,all,shortfall_from_optimum_share,0.0839949203
0.30,186,all,loss_vs_status_quo_share,0.07321815287
0.30,186,all,n_agreeing,3
0.30,187,tv,relative_bias,0.7466072069
0.30,187,tv,covered,0
0.30,187,video,relative_bias,-0.1827304909
0.30,187,video,covered,1
0.30,187,search,relative_bias,-0.007412036865
0.30,187,search,covered,1
0.30,187,social,relative_bias,1.994824433
0.30,187,social,covered,0
0.30,187,ooh,relative_bias,1.646501279
0.30,187,ooh,covered,1
0.30,187,all,median_abs_relative_bias,0.7466072069
0.30,187,all,spearman,0.7
0.30,187,all,regret,0.8410217734
0.30,187,all,beats_status_quo,1
0.30,187,all,achievable_lift_share,0.01230182956
0.30,187,all,shortfall_from_optimum_share,0.01034610651
0.30,187,all,loss_vs_status_quo_share,-0.001955723048
0.30,187,all,n_agreeing,3
0.30,188,tv,relative_bias,-0.3182118469
0.30,188,tv,covered,0
0.30,188,video,relative_bias,0.1781470179
0.30,188,video,covered,1
0.30,188,search,relative_bias,-0.02783948147
0.30,188,search,covered,1
0.30,188,social,relative_bias,0.05843846944
0.30,188,social,covered,1
0.30,188,ooh,relative_bias,1.847697315
0.30,188,ooh,covered,0
0.30,188,all,median_abs_relative_bias,0.1781470179
0.30,188,all,spearman,1
0.30,188,all,regret,0.6668887102
0.30,188,all,beats_status_quo,1
0.30,188,all,achievable_lift_share,0.01166907065
0.30,188,all,shortfall_from_optimum_share,0.007781971477
0.30,188,all,loss_vs_status_quo_share,-0.003887099176
0.30,188,all,n_agreeing,3
0.30,189,tv,relative_bias,-0.1436393691
0.30,189,tv,covered,1
0.30,189,video,relative_bias,-0.4831250715
0.30,189,video,covered,0
0.30,189,search,relative_bias,0.3121374381
0.30,189,search,covered,1
0.30,189,social,relative_bias,-0.6494984802
0.30,189,social,covered,0
0.30,189,ooh,relative_bias,-1
0.30,189,ooh,covered,1
0.30,189,all,median_abs_relative_bias,0.4831250715
0.30,189,all,spearman,0.9
0.30,189,all,regret,4.063408346
0.30,189,all,beats_status_quo,0
0.30,189,all,achievable_lift_share,0.01136295142
0.30,189,all,shortfall_from_optimum_share,0.04617231162
0.30,189,all,loss_vs_status_quo_share,0.0348093602
0.30,189,all,n_agreeing,3
0.30,190,tv,relative_bias,0.9326895869
0.30,190,tv,covered,0
0.30,190,video,relative_bias,-0.2679387975
0.30,190,video,covered,1
0.30,190,search,relative_bias,-0.07720626942
0.30,190,search,covered,1
0.30,190,social,relative_bias,-0.9887923786
0.30,190,social,covered,0
0.30,190,ooh,relative_bias,7.345660205
0.30,190,ooh,covered,0
0.30,190,all,median_abs_relative_bias,0.9326895869
0.30,190,all,spearman,0.3
0.30,190,all,regret,1.207503515
0.30,190,all,beats_status_quo,0
0.30,190,all,achievable_lift_share,0.01119580091
0.30,190,all,shortfall_from_optimum_share,0.01351896896
0.30,190,all,loss_vs_status_quo_share,0.002323168046
0.30,190,all,n_agreeing,3
0.30,191,tv,relative_bias,-0.1817116547
0.30,191,tv,covered,0
0.30,191,video,relative_bias,-0.06175898863
0.30,191,video,covered,1
0.30,191,search,relative_bias,1.147060518
0.30,191,search,covered,0
0.30,191,social,relative_bias,0.1494727943
0.30,191,social,covered,1
0.30,191,ooh,relative_bias,0.2656637174
0.30,191,ooh,covered,1
0.30,191,all,median_abs_relative_bias,0.1817116547
0.30,191,all,spearman,0.7
0.30,191,all,regret,0.6421631584
0.30,191,all,beats_status_quo,1
0.30,191,all,achievable_lift_share,0.01198028689
0.30,191,all,shortfall_from_optimum_share,0.007693298865
0.30,191,all,loss_vs_status_quo_share,-0.004286988021
0.30,191,all,n_agreeing,3
0.30,192,tv,relative_bias,-0.01334342557
0.30,192,tv,covered,1
0.30,192,video,relative_bias,0.6717327326
0.30,192,video,covered,0
0.30,192,search,relative_bias,0.002760865995
0.30,192,search,covered,1
0.30,192,social,relative_bias,2.339061184
0.30,192,social,covered,0
0.30,192,ooh,relative_bias,-0.4146085957
0.30,192,ooh,covered,1
0.30,192,all,median_abs_relative_bias,0.4146085957
0.30,192,all,spearman,0.4
0.30,192,all,regret,0.2505613425
0.30,192,all,beats_status_quo,1
0.30,192,all,achievable_lift_share,0.01107538097
0.30,192,all,shortfall_from_optimum_share,0.002775062325
0.30,192,all,loss_vs_status_quo_share,-0.008300318646
0.30,192,all,n_agreeing,3
0.30,193,tv,relative_bias,-0.2624798252
0.30,193,tv,covered,0
0.30,193,video,relative_bias,-0.8471209863
0.30,193,video,covered,0
0.30,193,search,relative_bias,-0.36874038
0.30,193,search,covered,0
0.30,193,social,relative_bias,-0.7514705933
0.30,193,social,covered,0
0.30,193,ooh,relative_bias,1.763386568
0.30,193,ooh,covered,1
0.30,193,all,median_abs_relative_bias,0.7514705933
0.30,193,all,spearman,0.5
0.30,193,all,regret,3.766370315
0.30,193,all,beats_status_quo,0
0.30,193,all,achievable_lift_share,0.0113039544
0.30,193,all,shortfall_from_optimum_share,0.04257487831
0.30,193,all,loss_vs_status_quo_share,0.03127092391
0.30,193,all,n_agreeing,3
0.30,194,tv,relative_bias,0.210634341
0.30,194,tv,covered,1
0.30,194,video,relative_bias,-0.1360954012
0.30,194,video,covered,1
0.30,194,search,relative_bias,-0.59800963
0.30,194,search,covered,0
0.30,194,social,relative_bias,0.06697062034
0.30,194,social,covered,1
0.30,194,ooh,relative_bias,4.66672452
0.30,194,ooh,covered,0
0.30,194,all,median_abs_relative_bias,0.210634341
0.30,194,all,spearman,0.3
0.30,194,all,regret,2.40159154
0.30,194,all,beats_status_quo,0
0.30,194,all,achievable_lift_share,0.01189185666
0.30,194,all,shortfall_from_optimum_share,0.02855938235
0.30,194,all,loss_vs_status_quo_share,0.01666752569
0.30,194,all,n_agreeing,3
0.30,195,tv,relative_bias,2.579716073
0.30,195,tv,covered,0
0.30,195,video,relative_bias,0.3969281451
0.30,195,video,covered,1
0.30,195,search,relative_bias,0.499453197
0.30,195,search,covered,1
0.30,195,social,relative_bias,0.1099448719
0.30,195,social,covered,1
0.30,195,ooh,relative_bias,0.8411337698
0.30,195,ooh,covered,1
0.30,195,all,median_abs_relative_bias,0.499453197
0.30,195,all,spearman,1
0.30,195,all,regret,1.117820654
0.30,195,all,beats_status_quo,0
0.30,195,all,achievable_lift_share,0.01189371967
0.30,195,all,shortfall_from_optimum_share,0.0132950455
0.30,195,all,loss_vs_status_quo_share,0.001401325831
0.30,195,all,n_agreeing,3
0.30,196,tv,relative_bias,-0.5329418195
0.30,196,tv,covered,0
0.30,196,video,relative_bias,0.4067661958
0.30,196,video,covered,1
0.30,196,search,relative_bias,1.204678042
0.30,196,search,covered,0
0.30,196,social,relative_bias,0.5243275815
0.30,196,social,covered,1
0.30,196,ooh,relative_bias,0.2600405227
0.30,196,ooh,covered,1
0.30,196,all,median_abs_relative_bias,0.5243275815
0.30,196,all,spearman,0.3
0.30,196,all,regret,0.1106922569
0.30,196,all,beats_status_quo,1
0.30,196,all,achievable_lift_share,0.01165921257
0.30,196,all,shortfall_from_optimum_share,0.001290584553
0.30,196,all,loss_vs_status_quo_share,-0.01036862802
0.30,196,all,n_agreeing,3
0.30,197,tv,relative_bias,-0.4291573562
0.30,197,tv,covered,0
0.30,197,video,relative_bias,1.225390443
0.30,197,video,covered,0
0.30,197,search,relative_bias,-0.8487009753
0.30,197,search,covered,0
0.30,197,social,relative_bias,1.492400529
0.30,197,social,covered,0
0.30,197,ooh,relative_bias,-0.7314060624
0.30,197,ooh,covered,1
0.30,197,all,median_abs_relative_bias,0.8487009753
0.30,197,all,spearman,0.5
0.30,197,all,regret,2.438506736
0.30,197,all,beats_status_quo,0
0.30,197,all,achievable_lift_share,0.01128743049
0.30,197,all,shortfall_from_optimum_share,0.02752447528
0.30,197,all,loss_vs_status_quo_share,0.01623704479
0.30,197,all,n_agreeing,3
0.30,198,tv,relative_bias,-0.6916247583
0.30,198,tv,covered,0
0.30,198,video,relative_bias,2.699532918
0.30,198,video,covered,0
0.30,198,search,relative_bias,-0.008047687943
0.30,198,search,covered,1
0.30,198,social,relative_bias,0.6433805556
0.30,198,social,covered,1
0.30,198,ooh,relative_bias,2.512875972
0.30,198,ooh,covered,1
0.30,198,all,median_abs_relative_bias,0.6916247583
0.30,198,all,spearman,-0.1
0.30,198,all,regret,5.374581941
0.30,198,all,beats_status_quo,0
0.30,198,all,achievable_lift_share,0.01232145745
0.30,198,all,shortfall_from_optimum_share,0.06622268273
0.30,198,all,loss_vs_status_quo_share,0.05390122527
0.30,198,all,n_agreeing,3
0.30,199,tv,relative_bias,-0.1774743958
0.30,199,tv,covered,0
0.30,199,video,relative_bias,-0.07149772817
0.30,199,video,covered,1
0.30,199,search,relative_bias,0.639265722
0.30,199,search,covered,0
0.30,199,social,relative_bias,-1
0.30,199,social,covered,1
0.30,199,ooh,relative_bias,0.355598764
0.30,199,ooh,covered,1
0.30,199,all,median_abs_relative_bias,0.355598764
0.30,199,all,spearman,0.8
0.30,199,all,regret,1.704419543
0.30,199,all,beats_status_quo,0
0.30,199,all,achievable_lift_share,0.01235864325
0.30,199,all,shortfall_from_optimum_share,0.02106431308
0.30,199,all,loss_vs_status_quo_share,0.008705669833
0.30,199,all,n_agreeing,3
0.60,0,tv,relative_bias,3.544296283
0.60,0,tv,covered,0
0.60,0,video,relative_bias,-0.2985689668
0.60,0,video,covered,0
0.60,0,search,relative_bias,0.6610337503
0.60,0,search,covered,0
0.60,0,social,relative_bias,-0.4055968545
0.60,0,social,covered,0
0.60,0,ooh,relative_bias,2.090224016
0.60,0,ooh,covered,0
0.60,0,all,median_abs_relative_bias,0.6610337503
0.60,0,all,spearman,0.8
0.60,0,all,regret,1.235216802
0.60,0,all,beats_status_quo,0
0.60,0,all,achievable_lift_share,0.01058175378
0.60,0,all,shortfall_from_optimum_share,0.01307076006
0.60,0,all,loss_vs_status_quo_share,0.002489006282
0.60,0,all,n_agreeing,3
0.60,1,tv,relative_bias,2.65727234
0.60,1,tv,covered,0
0.60,1,video,relative_bias,-0.713078346
0.60,1,video,covered,0
0.60,1,search,relative_bias,-0.3390600029
0.60,1,search,covered,0
0.60,1,social,relative_bias,-0.3015460767
0.60,1,social,covered,0
0.60,1,ooh,relative_bias,0.9661092603
0.60,1,ooh,covered,0
0.60,1,all,median_abs_relative_bias,0.713078346
0.60,1,all,spearman,0.4
0.60,1,all,regret,3.152904463
0.60,1,all,beats_status_quo,0
0.60,1,all,achievable_lift_share,0.01167024982
0.60,1,all,shortfall_from_optimum_share,0.03679518273
0.60,1,all,loss_vs_status_quo_share,0.02512493291
0.60,1,all,n_agreeing,3
0.60,2,tv,relative_bias,-0.3120954192
0.60,2,tv,covered,0
0.60,2,video,relative_bias,-0.5413259616
0.60,2,video,covered,0
0.60,2,search,relative_bias,0.4527964521
0.60,2,search,covered,0
0.60,2,social,relative_bias,-0.443147011
0.60,2,social,covered,0
0.60,2,ooh,relative_bias,1.049019877
0.60,2,ooh,covered,0
0.60,2,all,median_abs_relative_bias,0.4527964521
0.60,2,all,spearman,0.8
0.60,2,all,regret,3.80126657
0.60,2,all,beats_status_quo,0
0.60,2,all,achievable_lift_share,0.009723083507
0.60,2,all,shortfall_from_optimum_share,0.03696003229
0.60,2,all,loss_vs_status_quo_share,0.02723694879
0.60,2,all,n_agreeing,3
0.60,3,tv,relative_bias,-0.1945175254
0.60,3,tv,covered,0
0.60,3,video,relative_bias,-0.3451066323
0.60,3,video,covered,0
0.60,3,search,relative_bias,-0.3770883222
0.60,3,search,covered,0
0.60,3,social,relative_bias,-0.3774469921
0.60,3,social,covered,0
0.60,3,ooh,relative_bias,2.463698925
0.60,3,ooh,covered,0
0.60,3,all,median_abs_relative_bias,0.3770883222
0.60,3,all,spearman,0.4
0.60,3,all,regret,0.7011790948
0.60,3,all,beats_status_quo,1
0.60,3,all,achievable_lift_share,0.01117931109
0.60,3,all,shortfall_from_optimum_share,0.00783869923
0.60,3,all,loss_vs_status_quo_share,-0.003340611859
0.60,3,all,n_agreeing,3
0.60,4,tv,relative_bias,0.8149112655
0.60,4,tv,covered,0
0.60,4,video,relative_bias,-0.5410146853
0.60,4,video,covered,0
0.60,4,search,relative_bias,-0.6119838055
0.60,4,search,covered,0
0.60,4,social,relative_bias,-0.09831641105
0.60,4,social,covered,1
0.60,4,ooh,relative_bias,2.203069009
0.60,4,ooh,covered,0
0.60,4,all,median_abs_relative_bias,0.6119838055
0.60,4,all,spearman,0.1
0.60,4,all,regret,2.862729455
0.60,4,all,beats_status_quo,0
0.60,4,all,achievable_lift_share,0.01112138313
0.60,4,all,shortfall_from_optimum_share,0.03183751106
0.60,4,all,loss_vs_status_quo_share,0.02071612793
0.60,4,all,n_agreeing,3
0.60,5,tv,relative_bias,0.6861989319
0.60,5,tv,covered,0
0.60,5,video,relative_bias,-0.4502428616
0.60,5,video,covered,0
0.60,5,search,relative_bias,-0.6483115149
0.60,5,search,covered,0
0.60,5,social,relative_bias,0.3946273609
0.60,5,social,covered,0
0.60,5,ooh,relative_bias,-0.369911554
0.60,5,ooh,covered,0
0.60,5,all,median_abs_relative_bias,0.4502428616
0.60,5,all,spearman,0.7
0.60,5,all,regret,2.396910367
0.60,5,all,beats_status_quo,0
0.60,5,all,achievable_lift_share,0.009972210504
0.60,5,all,shortfall_from_optimum_share,0.02390249474
0.60,5,all,loss_vs_status_quo_share,0.01393028423
0.60,5,all,n_agreeing,3
0.60,6,tv,relative_bias,-0.1521102998
0.60,6,tv,covered,0
0.60,6,video,relative_bias,-0.6067226743
0.60,6,video,covered,0
0.60,6,search,relative_bias,-0.6997838822
0.60,6,search,covered,0
0.60,6,social,relative_bias,0.2655068072
0.60,6,social,covered,1
0.60,6,ooh,relative_bias,2.899902069
0.60,6,ooh,covered,0
0.60,6,all,median_abs_relative_bias,0.6067226743
0.60,6,all,spearman,0.1
0.60,6,all,regret,4.849068186
0.60,6,all,beats_status_quo,0
0.60,6,all,achievable_lift_share,0.01061191353
0.60,6,all,shortfall_from_optimum_share,0.05145789229
0.60,6,all,loss_vs_status_quo_share,0.04084597876
0.60,6,all,n_agreeing,3
0.60,7,tv,relative_bias,0.1504336375
0.60,7,tv,covered,0
0.60,7,video,relative_bias,0.632241624
0.60,7,video,covered,0
0.60,7,search,relative_bias,0.913135812
0.60,7,search,covered,0
0.60,7,social,relative_bias,0.5192288324
0.60,7,social,covered,0
0.60,7,ooh,relative_bias,-0.1191481421
0.60,7,ooh,covered,1
0.60,7,all,median_abs_relative_bias,0.5192288324
0.60,7,all,spearman,1
0.60,7,all,regret,0.3996910193
0.60,7,all,beats_status_quo,1
0.60,7,all,achievable_lift_share,0.01172733004
0.60,7,all,shortfall_from_optimum_share,0.004687308496
0.60,7,all,loss_vs_status_quo_share,-0.007040021541
0.60,7,all,n_agreeing,3
0.60,8,tv,relative_bias,0.6993542358
0.60,8,tv,covered,0
0.60,8,video,relative_bias,0.8856304682
0.60,8,video,covered,0
0.60,8,search,relative_bias,-0.4523354687
0.60,8,search,covered,0
0.60,8,social,relative_bias,1.20307572
0.60,8,social,covered,0
0.60,8,ooh,relative_bias,0.3560350497
0.60,8,ooh,covered,1
0.60,8,all,median_abs_relative_bias,0.6993542358
0.60,8,all,spearman,0.9
0.60,8,all,regret,2.433480381
0.60,8,all,beats_status_quo,0
0.60,8,all,achievable_lift_share,0.009684311996
0.60,8,all,shortfall_from_optimum_share,0.02356658324
0.60,8,all,loss_vs_status_quo_share,0.01388227125
0.60,8,all,n_agreeing,3
0.60,9,tv,relative_bias,0.3305018738
0.60,9,tv,covered,0
0.60,9,video,relative_bias,-0.4567435756
0.60,9,video,covered,0
0.60,9,search,relative_bias,0.03004745543
0.60,9,search,covered,1
0.60,9,social,relative_bias,0.3014591637
0.60,9,social,covered,1
0.60,9,ooh,relative_bias,0.4564549173
0.60,9,ooh,covered,0
0.60,9,all,median_abs_relative_bias,0.3305018738
0.60,9,all,spearman,0.7
0.60,9,all,regret,2.406793859
0.60,9,all,beats_status_quo,0
0.60,9,all,achievable_lift_share,0.01016998027
0.60,9,all,shortfall_from_optimum_share,0.02447704607
0.60,9,all,loss_vs_status_quo_share,0.0143070658
0.60,9,all,n_agreeing,3
0.60,10,tv,relative_bias,0.4113894166
0.60,10,tv,covered,0
0.60,10,video,relative_bias,2.948050454
0.60,10,video,covered,0
0.60,10,search,relative_bias,-0.002663948364
0.60,10,search,covered,1
0.60,10,social,relative_bias,0.3287510346
0.60,10,social,covered,1
0.60,10,ooh,relative_bias,3.668520342
0.60,10,ooh,covered,0
0.60,10,all,median_abs_relative_bias,0.4113894166
0.60,10,all,spearman,0.6
0.60,10,all,regret,0.58896051
0.60,10,all,beats_status_quo,1
0.60,10,all,achievable_lift_share,0.01093836683
0.60,10,all,shortfall_from_optimum_share,0.006442266109
0.60,10,all,loss_vs_status_quo_share,-0.004496100725
0.60,10,all,n_agreeing,3
0.60,11,tv,relative_bias,-0.4598621659
0.60,11,tv,covered,0
0.60,11,video,relative_bias,0.1039189024
0.60,11,video,covered,1
0.60,11,search,relative_bias,-0.1398306764
0.60,11,search,covered,1
0.60,11,social,relative_bias,-0.3978273386
0.60,11,social,covered,0
0.60,11,ooh,relative_bias,-0.1390448563
0.60,11,ooh,covered,1
0.60,11,all,median_abs_relative_bias,0.1398306764
0.60,11,all,spearman,0.9
0.60,11,all,regret,1.102183554
0.60,11,all,beats_status_quo,0
0.60,11,all,achievable_lift_share,0.01032833182
0.60,11,all,shortfall_from_optimum_share,0.01138371748
0.60,11,all,loss_vs_status_quo_share,0.001055385655
0.60,11,all,n_agreeing,3
0.60,12,tv,relative_bias,0.9131996688
0.60,12,tv,covered,0
0.60,12,video,relative_bias,-0.5069148013
0.60,12,video,covered,0
0.60,12,search,relative_bias,-0.5167227169
0.60,12,search,covered,0
0.60,12,social,relative_bias,-0.05170681537
0.60,12,social,covered,1
0.60,12,ooh,relative_bias,4.8594785
0.60,12,ooh,covered,0
0.60,12,all,median_abs_relative_bias,0.5167227169
0.60,12,all,spearman,0.1
0.60,12,all,regret,3.313768138
0.60,12,all,beats_status_quo,0
0.60,12,all,achievable_lift_share,0.01011641132
0.60,12,all,shortfall_from_optimum_share,0.03352344149
0.60,12,all,loss_vs_status_quo_share,0.02340703017
0.60,12,all,n_agreeing,3
0.60,13,tv,relative_bias,-0.1022305189
0.60,13,tv,covered,0
0.60,13,video,relative_bias,-0.1522797648
0.60,13,video,covered,0
0.60,13,search,relative_bias,0.1575258213
0.60,13,search,covered,1
0.60,13,social,relative_bias,1.198807355
0.60,13,social,covered,0
0.60,13,ooh,relative_bias,0.1899787843
0.60,13,ooh,covered,1
0.60,13,all,median_abs_relative_bias,0.1575258213
0.60,13,all,spearman,0.6
0.60,13,all,regret,0.1378214423
0.60,13,all,beats_status_quo,1
0.60,13,all,achievable_lift_share,0.01014340775
0.60,13,all,shortfall_from_optimum_share,0.001397979086
0.60,13,all,loss_vs_status_quo_share,-0.008745428664
0.60,13,all,n_agreeing,3
0.60,14,tv,relative_bias,0.4704395014
0.60,14,tv,covered,0
0.60,14,video,relative_bias,-0.6689464478
0.60,14,video,covered,0
0.60,14,search,relative_bias,-0.766017667
0.60,14,search,covered,0
0.60,14,social,relative_bias,-0.4853908526
0.60,14,social,covered,0
0.60,14,ooh,relative_bias,0.08535401827
0.60,14,ooh,covered,1
0.60,14,all,median_abs_relative_bias,0.4853908526
0.60,14,all,spearman,0.7
0.60,14,all,regret,5.96090375
0.60,14,all,beats_status_quo,0
0.60,14,all,achievable_lift_share,0.008807476911
0.60,14,all,shortfall_from_optimum_share,0.05250052215
0.60,14,all,loss_vs_status_quo_share,0.04369304524
0.60,14,all,n_agreeing,3
0.60,15,tv,relative_bias,0.6883659923
0.60,15,tv,covered,0
0.60,15,video,relative_bias,0.1671977137
0.60,15,video,covered,1
0.60,15,search,relative_bias,-0.6548893503
0.60,15,search,covered,0
0.60,15,social,relative_bias,-0.04909855804
0.60,15,social,covered,1
0.60,15,ooh,relative_bias,6.217158026
0.60,15,ooh,covered,0
0.60,15,all,median_abs_relative_bias,0.6548893503
0.60,15,all,spearman,0.3
0.60,15,all,regret,2.290610203
0.60,15,all,beats_status_quo,0
0.60,15,all,achievable_lift_share,0.01111151466
0.60,15,all,shortfall_from_optimum_share,0.02545214885
0.60,15,all,loss_vs_status_quo_share,0.01434063419
0.60,15,all,n_agreeing,3
0.60,16,tv,relative_bias,-0.5135807511
0.60,16,tv,covered,0
0.60,16,video,relative_bias,-0.6719002809
0.60,16,video,covered,0
0.60,16,search,relative_bias,0.6710412448
0.60,16,search,covered,0
0.60,16,social,relative_bias,0.3427166051
0.60,16,social,covered,1
0.60,16,ooh,relative_bias,3.112481293
0.60,16,ooh,covered,0
0.60,16,all,median_abs_relative_bias,0.6710412448
0.60,16,all,spearman,0.1
0.60,16,all,regret,7.089945278
0.60,16,all,beats_status_quo,0
0.60,16,all,achievable_lift_share,0.00920209323
0.60,16,all,shortfall_from_optimum_share,0.06524233744
0.60,16,all,loss_vs_status_quo_share,0.05604024421
0.60,16,all,n_agreeing,3
0.60,17,tv,relative_bias,-0.1975774602
0.60,17,tv,covered,0
0.60,17,video,relative_bias,-0.4949589463
0.60,17,video,covered,0
0.60,17,search,relative_bias,-0.4864160387
0.60,17,search,covered,0
0.60,17,social,relative_bias,0.6643709258
0.60,17,social,covered,0
0.60,17,ooh,relative_bias,-0.4802551782
0.60,17,ooh,covered,0
0.60,17,all,median_abs_relative_bias,0.4864160387
0.60,17,all,spearman,0.7
0.60,17,all,regret,0.4944391488
0.60,17,all,beats_status_quo,1
0.60,17,all,achievable_lift_share,0.01107354568
0.60,17,all,shortfall_from_optimum_share,0.005475194498
0.60,17,all,loss_vs_status_quo_share,-0.005598351177
0.60,17,all,n_agreeing,3
0.60,18,tv,relative_bias,2.073978919
0.60,18,tv,covered,0
0.60,18,video,relative_bias,-0.4907791692
0.60,18,video,covered,0
0.60,18,search,relative_bias,-0.7867923898
0.60,18,search,covered,0
0.60,18,social,relative_bias,0.4620067878
0.60,18,social,covered,0
0.60,18,ooh,relative_bias,2.37688642
0.60,18,ooh,covered,0
0.60,18,all,median_abs_relative_bias,0.7867923898
0.60,18,all,spearman,0.2
0.60,18,all,regret,4.410331325
0.60,18,all,beats_status_quo,0
0.60,18,all,achievable_lift_share,0.01085785535
0.60,18,all,shortfall_from_optimum_share,0.04788673957
0.60,18,all,loss_vs_status_quo_share,0.03702888422
0.60,18,all,n_agreeing,3
0.60,19,tv,relative_bias,-0.06980411053
0.60,19,tv,covered,0
0.60,19,video,relative_bias,0.1575125545
0.60,19,video,covered,1
0.60,19,search,relative_bias,-0.04963027422
0.60,19,search,covered,1
0.60,19,social,relative_bias,-0.2215894729
0.60,19,social,covered,1
0.60,19,ooh,relative_bias,0.4577836663
0.60,19,ooh,covered,1
0.60,19,all,median_abs_relative_bias,0.1575125545
0.60,19,all,spearman,1
0.60,19,all,regret,0.543032151
0.60,19,all,beats_status_quo,1
0.60,19,all,achievable_lift_share,0.01055887512
0.60,19,all,shortfall_from_optimum_share,0.005733808667
0.60,19,all,loss_vs_status_quo_share,-0.00482506645
0.60,19,all,n_agreeing,3
0.60,20,tv,relative_bias,-0.1952894527
0.60,20,tv,covered,0
0.60,20,video,relative_bias,-0.8180029609
0.60,20,video,covered,0
0.60,20,search,relative_bias,-0.4742854056
0.60,20,search,covered,0
0.60,20,social,relative_bias,2.206385458
0.60,20,social,covered,0
0.60,20,ooh,relative_bias,-0.4770307989
0.60,20,ooh,covered,0
0.60,20,all,median_abs_relative_bias,0.4770307989
0.60,20,all,spearman,0.3
0.60,20,all,regret,2.19476855
0.60,20,all,beats_status_quo,0
0.60,20,all,achievable_lift_share,0.01203703333
0.60,20,all,shortfall_from_optimum_share,0.02641850219
0.60,20,all,loss_vs_status_quo_share,0.01438146886
0.60,20,all,n_agreeing,3
0.60,21,tv,relative_bias,-0.506879641
0.60,21,tv,covered,0
0.60,21,video,relative_bias,-0.5907212788
0.60,21,video,covered,0
0.60,21,search,relative_bias,0.2010237668
0.60,21,search,covered,1
0.60,21,social,relative_bias,-0.3459519916
0.60,21,social,covered,0
0.60,21,ooh,relative_bias,-0.4028122165
0.60,21,ooh,covered,0
0.60,21,all,median_abs_relative_bias,0.4028122165
0.60,21,all,spearman,0.7
0.60,21,all,regret,2.835609747
0.60,21,all,beats_status_quo,0
0.60,21,all,achievable_lift_share,0.009892683455
0.60,21,all,shortfall_from_optimum_share,0.02805178963
0.60,21,all,loss_vs_status_quo_share,0.01815910618
0.60,21,all,n_agreeing,3
0.60,22,tv,relative_bias,0.1933920746
0.60,22,tv,covered,0
0.60,22,video,relative_bias,-0.8042435122
0.60,22,video,covered,0
0.60,22,search,relative_bias,-0.6158771633
0.60,22,search,covered,0
0.60,22,social,relative_bias,-0.0537263757
0.60,22,social,covered,1
0.60,22,ooh,relative_bias,0.6029064923
0.60,22,ooh,covered,1
0.60,22,all,median_abs_relative_bias,0.6029064923
0.60,22,all,spearman,0.1
0.60,22,all,regret,5.520347219
0.60,22,all,beats_status_quo,0
0.60,22,all,achievable_lift_share,0.01062417595
0.60,22,all,shortfall_from_optimum_share,0.05864914017
0.60,22,all,loss_vs_status_quo_share,0.04802496422
0.60,22,all,n_agreeing,3
0.60,23,tv,relative_bias,0.5835216172
0.60,23,tv,covered,0
0.60,23,video,relative_bias,-0.1194994051
0.60,23,video,covered,1
0.60,23,search,relative_bias,-0.1331429563
0.60,23,search,covered,1
0.60,23,social,relative_bias,-0.386478871
0.60,23,social,covered,0
0.60,23,ooh,relative_bias,0.3077009182
0.60,23,ooh,covered,1
0.60,23,all,median_abs_relative_bias,0.3077009182
0.60,23,all,spearman,1
0.60,23,all,regret,1.519669713
0.60,23,all,beats_status_quo,0
0.60,23,all,achievable_lift_share,0.01057657762
0.60,23,all,shortfall_from_optimum_share,0.01607290468
0.60,23,all,loss_vs_status_quo_share,0.005496327055
0.60,23,all,n_agreeing,3
0.60,24,tv,relative_bias,0.5284791669
0.60,24,tv,covered,0
0.60,24,video,relative_bias,1.48939416
0.60,24,video,covered,0
0.60,24,search,relative_bias,-0.5214224084
0.60,24,search,covered,0
0.60,24,social,relative_bias,-0.8136500531
0.60,24,social,covered,0
0.60,24,ooh,relative_bias,1.768289107
0.60,24,ooh,covered,0
0.60,24,all,median_abs_relative_bias,0.8136500531
0.60,24,all,spearman,0.7
0.60,24,all,regret,3.173366446
0.60,24,all,beats_status_quo,0
0.60,24,all,achievable_lift_share,0.01142290547
0.60,24,all,shortfall_from_optimum_share,0.03624906493
0.60,24,all,loss_vs_status_quo_share,0.02482615946
0.60,24,all,n_agreeing,3
0.60,25,tv,relative_bias,1.766807811
0.60,25,tv,covered,0
0.60,25,video,relative_bias,-0.720656119
0.60,25,video,covered,0
0.60,25,search,relative_bias,-0.7058028947
0.60,25,search,covered,0
0.60,25,social,relative_bias,1.38379659
0.60,25,social,covered,0
0.60,25,ooh,relative_bias,0.9447855466
0.60,25,ooh,covered,0
0.60,25,all,median_abs_relative_bias,0.9447855466
0.60,25,all,spearman,0.2
0.60,25,all,regret,5.448047836
0.60,25,all,beats_status_quo,0
0.60,25,all,achievable_lift_share,0.01024051257
0.60,25,all,shortfall_from_optimum_share,0.05579080234
0.60,25,all,loss_vs_status_quo_share,0.04555028978
0.60,25,all,n_agreeing,3
0.60,26,tv,relative_bias,0.2853825409
0.60,26,tv,covered,0
0.60,26,video,relative_bias,0.824672438
0.60,26,video,covered,0
0.60,26,search,relative_bias,0.3456703622
0.60,26,search,covered,0
0.60,26,social,relative_bias,0.3580059844
0.60,26,social,covered,1
0.60,26,ooh,relative_bias,1.780578026
0.60,26,ooh,covered,0
0.60,26,all,median_abs_relative_bias,0.3580059844
0.60,26,all,spearman,1
0.60,26,all,regret,0.8239047848
0.60,26,all,beats_status_quo,1
0.60,26,all,achievable_lift_share,0.01025727941
0.60,26,all,shortfall_from_optimum_share,0.008451021584
0.60,26,all,loss_vs_status_quo_share,-0.001806257824
0.60,26,all,n_agreeing,3
0.60,27,tv,relative_bias,-0.1263936529
0.60,27,tv,covered,0
0.60,27,video,relative_bias,-0.4142306229
0.60,27,video,covered,0
0.60,27,search,relative_bias,0.5294493905
0.60,27,search,covered,0
0.60,27,social,relative_bias,-0.08750306025
0.60,27,social,covered,1
0.60,27,ooh,relative_bias,1.516459574
0.60,27,ooh,covered,0
0.60,27,all,median_abs_relative_bias,0.4142306229
0.60,27,all,spearman,0.9
0.60,27,all,regret,2.664529348
0.60,27,all,beats_status_quo,0
0.60,27,all,achievable_lift_share,0.01000728632
0.60,27,all,shortfall_from_optimum_share,0.02666470809
0.60,27,all,loss_vs_status_quo_share,0.01665742177
0.60,27,all,n_agreeing,3
0.60,28,tv,relative_bias,0.1519696676
0.60,28,tv,covered,0
0.60,28,video,relative_bias,1.542545187
0.60,28,video,covered,0
0.60,28,search,relative_bias,0.01715552521
0.60,28,search,covered,1
0.60,28,social,relative_bias,2.698857489
0.60,28,social,covered,0
0.60,28,ooh,relative_bias,-0.2130638823
0.60,28,ooh,covered,1
0.60,28,all,median_abs_relative_bias,0.2130638823
0.60,28,all,spearman,0.8
0.60,28,all,regret,0.06415723071
0.60,28,all,beats_status_quo,1
0.60,28,all,achievable_lift_share,0.01012569446
0.60,28,all,shortfall_from_optimum_share,0.0006496365153
0.60,28,all,loss_vs_status_quo_share,-0.009476057941
0.60,28,all,n_agreeing,3
0.60,29,tv,relative_bias,0.9862741944
0.60,29,tv,covered,0
0.60,29,video,relative_bias,1.34480813
0.60,29,video,covered,0
0.60,29,search,relative_bias,-0.4576336623
0.60,29,search,covered,0
0.60,29,social,relative_bias,0.4271346312
0.60,29,social,covered,1
0.60,29,ooh,relative_bias,0.6604662385
0.60,29,ooh,covered,1
0.60,29,all,median_abs_relative_bias,0.6604662385
0.60,29,all,spearman,0.9
0.60,29,all,regret,0.708576248
0.60,29,all,beats_status_quo,1
0.60,29,all,achievable_lift_share,0.01007172997
0.60,29,all,shortfall_from_optimum_share,0.007136588631
0.60,29,all,loss_vs_status_quo_share,-0.002935141337
0.60,29,all,n_agreeing,3
0.60,30,tv,relative_bias,-0.2269109483
0.60,30,tv,covered,0
0.60,30,video,relative_bias,-0.4182610195
0.60,30,video,covered,0
0.60,30,search,relative_bias,-0.7677763585
0.60,30,search,covered,0
0.60,30,social,relative_bias,-0.3439934706
0.60,30,social,covered,0
0.60,30,ooh,relative_bias,0.9410424417
0.60,30,ooh,covered,0
0.60,30,all,median_abs_relative_bias,0.4182610195
0.60,30,all,spearman,0.6
0.60,30,all,regret,2.564806513
0.60,30,all,beats_status_quo,0
0.60,30,all,achievable_lift_share,0.01065751083
0.60,30,all,shortfall_from_optimum_share,0.02733445318
0.60,30,all,loss_vs_status_quo_share,0.01667694235
0.60,30,all,n_agreeing,3
0.60,31,tv,relative_bias,1.175749809
0.60,31,tv,covered,0
0.60,31,video,relative_bias,1.856414105
0.60,31,video,covered,0
0.60,31,search,relative_bias,-0.872862414
0.60,31,search,covered,0
0.60,31,social,relative_bias,-0.07582951225
0.60,31,social,covered,1
0.60,31,ooh,relative_bias,-0.0786745673
0.60,31,ooh,covered,1
0.60,31,all,median_abs_relative_bias,0.872862414
0.60,31,all,spearman,0.7
0.60,31,all,regret,2.638384446
0.60,31,all,beats_status_quo,0
0.60,31,all,achievable_lift_share,0.01065787057
0.60,31,all,shortfall_from_optimum_share,0.02811955993
0.60,31,all,loss_vs_status_quo_share,0.01746168937
0.60,31,all,n_agreeing,3
0.60,32,tv,relative_bias,-0.173069711
0.60,32,tv,covered,0
0.60,32,video,relative_bias,0.0862959606
0.60,32,video,covered,1
0.60,32,search,relative_bias,0.1027258154
0.60,32,search,covered,1
0.60,32,social,relative_bias,0.5760618086
0.60,32,social,covered,0
0.60,32,ooh,relative_bias,0.6307010394
0.60,32,ooh,covered,0
0.60,32,all,median_abs_relative_bias,0.173069711
0.60,32,all,spearman,1
0.60,32,all,regret,0.7029834663
0.60,32,all,beats_status_quo,1
0.60,32,all,achievable_lift_share,0.01029119037
0.60,32,all,shortfall_from_optimum_share,0.007234536679
0.60,32,all,loss_vs_status_quo_share,-0.003056653691
0.60,32,all,n_agreeing,3
0.60,33,tv,relative_bias,-0.1036810163
0.60,33,tv,covered,0
0.60,33,video,relative_bias,0.2161644452
0.60,33,video,covered,1
0.60,33,search,relative_bias,0.3245735043
0.60,33,search,covered,0
0.60,33,social,relative_bias,-0.7883494949
0.60,33,social,covered,0
0.60,33,ooh,relative_bias,0.7580143124
0.60,33,ooh,covered,0
0.60,33,all,median_abs_relative_bias,0.3245735043
0.60,33,all,spearman,0.9
0.60,33,all,regret,1.094921849
0.60,33,all,beats_status_quo,0
0.60,33,all,achievable_lift_share,0.01153297549
0.60,33,all,shortfall_from_optimum_share,0.01262770686
0.60,33,all,loss_vs_status_quo_share,0.00109473136
0.60,33,all,n_agreeing,3
0.60,34,tv,relative_bias,1.389522122
0.60,34,tv,covered,0
0.60,34,video,relative_bias,1.218442717
0.60,34,video,covered,0
0.60,34,search,relative_bias,-0.7009600464
0.60,34,search,covered,0
0.60,34,social,relative_bias,0.4874375309
0.60,34,social,covered,1
0.60,34,ooh,relative_bias,-0.370953725
0.60,34,ooh,covered,1
0.60,34,all,median_abs_relative_bias,0.7009600464
0.60,34,all,spearman,0.9
0.60,34,all,regret,1.993505695
0.60,34,all,beats_status_quo,0
0.60,34,all,achievable_lift_share,0.01137409631
0.60,34,all,shortfall_from_optimum_share,0.02267432576
0.60,34,all,loss_vs_status_quo_share,0.01130022945
0.60,34,all,n_agreeing,3
0.60,35,tv,relative_bias,0.2773423647
0.60,35,tv,covered,0
0.60,35,video,relative_bias,-0.4701962771
0.60,35,video,covered,0
0.60,35,search,relative_bias,-0.6909134784
0.60,35,search,covered,0
0.60,35,social,relative_bias,1.571128816
0.60,35,social,covered,0
0.60,35,ooh,relative_bias,0.8752205399
0.60,35,ooh,covered,1
0.60,35,all,median_abs_relative_bias,0.6909134784
0.60,35,all,spearman,0.5
0.60,35,all,regret,4.458289537
0.60,35,all,beats_status_quo,0
0.60,35,all,achievable_lift_share,0.01057123492
0.60,35,all,shortfall_from_optimum_share,0.04712962604
0.60,35,all,loss_vs_status_quo_share,0.03655839112
0.60,35,all,n_agreeing,3
0.60,36,tv,relative_bias,0.8442565789
0.60,36,tv,covered,0
0.60,36,video,relative_bias,-0.1382142141
0.60,36,video,covered,1
0.60,36,search,relative_bias,0.894187286
0.60,36,search,covered,0
0.60,36,social,relative_bias,0.8651898998
0.60,36,social,covered,0
0.60,36,ooh,relative_bias,2.337713293
0.60,36,ooh,covered,0
0.60,36,all,median_abs_relative_bias,0.8651898998
0.60,36,all,spearman,0.7
0.60,36,all,regret,1.266457052
0.60,36,all,beats_status_quo,0
0.60,36,all,achievable_lift_share,0.01030747652
0.60,36,all,shortfall_from_optimum_share,0.01305397633
0.60,36,all,loss_vs_status_quo_share,0.002746499812
0.60,36,all,n_agreeing,3
0.60,37,tv,relative_bias,2.205353819
0.60,37,tv,covered,0
0.60,37,video,relative_bias,-0.1704747033
0.60,37,video,covered,0
0.60,37,search,relative_bias,-0.120549464
0.60,37,search,covered,1
0.60,37,social,relative_bias,-0.6365676293
0.60,37,social,covered,0
0.60,37,ooh,relative_bias,-0.04647145422
0.60,37,ooh,covered,1
0.60,37,all,median_abs_relative_bias,0.1704747033
0.60,37,all,spearman,1
0.60,37,all,regret,1.036935919
0.60,37,all,beats_status_quo,0
0.60,37,all,achievable_lift_share,0.01122837681
0.60,37,all,shortfall_from_optimum_share,0.01164310722
0.60,37,all,loss_vs_status_quo_share,0.0004147304137
0.60,37,all,n_agreeing,3
0.60,38,tv,relative_bias,0.3220107932
0.60,38,tv,covered,0
0.60,38,video,relative_bias,1.121418402
0.60,38,video,covered,0
0.60,38,search,relative_bias,-0.4996500568
0.60,38,search,covered,0
0.60,38,social,relative_bias,-0.5797301455
0.60,38,social,covered,0
0.60,38,ooh,relative_bias,2.15328499
0.60,38,ooh,covered,0
0.60,38,all,median_abs_relative_bias,0.5797301455
0.60,38,all,spearman,0.7
0.60,38,all,regret,3.78415124
0.60,38,all,beats_status_quo,0
0.60,38,all,achievable_lift_share,0.01028338957
0.60,38,all,shortfall_from_optimum_share,0.03891390139
0.60,38,all,loss_vs_status_quo_share,0.02863051182
0.60,38,all,n_agreeing,3
0.60,39,tv,relative_bias,0.2823349819
0.60,39,tv,covered,0
0.60,39,video,relative_bias,0.1390107638
0.60,39,video,covered,1
0.60,39,search,relative_bias,0.2539558126
0.60,39,search,covered,1
0.60,39,social,relative_bias,-0.5756738343
0.60,39,social,covered,0
0.60,39,ooh,relative_bias,2.810465014
0.60,39,ooh,covered,0
0.60,39,all,median_abs_relative_bias,0.2823349819
0.60,39,all,spearman,0.9
0.60,39,all,regret,1.341079008
0.60,39,all,beats_status_quo,0
0.60,39,all,achievable_lift_share,0.01139052176
0.60,39,all,shortfall_from_optimum_share,0.01527558963
0.60,39,all,loss_vs_status_quo_share,0.003885067864
0.60,39,all,n_agreeing,3
0.60,40,tv,relative_bias,0.1030610852
0.60,40,tv,covered,1
0.60,40,video,relative_bias,-0.6670571174
0.60,40,video,covered,0
0.60,40,search,relative_bias,0.06268541864
0.60,40,search,covered,1
0.60,40,social,relative_bias,0.4742169654
0.60,40,social,covered,1
0.60,40,ooh,relative_bias,0.434599288
0.60,40,ooh,covered,1
0.60,40,all,median_abs_relative_bias,0.434599288
0.60,40,all,spearman,0.7
0.60,40,all,regret,2.626578143
0.60,40,all,beats_status_quo,0
0.60,40,all,achievable_lift_share,0.01153989765
0.60,40,all,shortfall_from_optimum_share,0.03031044295
0.60,40,all,loss_vs_status_quo_share,0.01877054529
0.60,40,all,n_agreeing,3
0.60,41,tv,relative_bias,0.9151092971
0.60,41,tv,covered,0
0.60,41,video,relative_bias,-0.3210596463
0.60,41,video,covered,0
0.60,41,search,relative_bias,0.182052131
0.60,41,search,covered,1
0.60,41,social,relative_bias,-0.7024081583
0.60,41,social,covered,0
0.60,41,ooh,relative_bias,0.200183982
0.60,41,ooh,covered,1
0.60,41,all,median_abs_relative_bias,0.3210596463
0.60,41,all,spearman,0.8
0.60,41,all,regret,1.473937099
0.60,41,all,beats_status_quo,0
0.60,41,all,achievable_lift_share,0.010713169
0.60,41,all,shortfall_from_optimum_share,0.01579053724
0.60,41,all,loss_vs_status_quo_share,0.005077368239
0.60,41,all,n_agreeing,3
0.60,42,tv,relative_bias,0.4510755437
0.60,42,tv,covered,0
0.60,42,video,relative_bias,-0.689366666
0.60,42,video,covered,0
0.60,42,search,relative_bias,0.6691720337
0.60,42,search,covered,0
0.60,42,social,relative_bias,-0.5155988378
0.60,42,social,covered,0
0.60,42,ooh,relative_bias,0.5567022289
0.60,42,ooh,covered,1
0.60,42,all,median_abs_relative_bias,0.5567022289
0.60,42,all,spearman,0.8
0.60,42,all,regret,3.556776283
0.60,42,all,beats_status_quo,0
0.60,42,all,achievable_lift_share,0.01239071575
0.60,42,all,shortfall_from_optimum_share,0.04407100389
0.60,42,all,loss_vs_status_quo_share,0.03168028815
0.60,42,all,n_agreeing,3
0.60,43,tv,relative_bias,-0.3649499102
0.60,43,tv,covered,0
0.60,43,video,relative_bias,-0.3694388037
0.60,43,video,covered,0
0.60,43,search,relative_bias,-0.7375092321
0.60,43,search,covered,0
0.60,43,social,relative_bias,0.2883469945
0.60,43,social,covered,1
0.60,43,ooh,relative_bias,1.160127404
0.60,43,ooh,covered,0
0.60,43,all,median_abs_relative_bias,0.3694388037
0.60,43,all,spearman,0.5
0.60,43,all,regret,2.320989337
0.60,43,all,beats_status_quo,0
0.60,43,all,achievable_lift_share,0.01139054614
0.60,43,all,shortfall_from_optimum_share,0.02643733612
0.60,43,all,loss_vs_status_quo_share,0.01504678999
0.60,43,all,n_agreeing,3
0.60,44,tv,relative_bias,0.09336733357
0.60,44,tv,covered,1
0.60,44,video,relative_bias,1.510455524
0.60,44,video,covered,0
0.60,44,search,relative_bias,-0.3220803372
0.60,44,search,covered,0
0.60,44,social,relative_bias,0.7455518252
0.60,44,social,covered,0
0.60,44,ooh,relative_bias,0.7469807812
0.60,44,ooh,covered,0
0.60,44,all,median_abs_relative_bias,0.7455518252
0.60,44,all,spearman,0.8
0.60,44,all,regret,0.6616993305
0.60,44,all,beats_status_quo,1
0.60,44,all,achievable_lift_share,0.009124162386
0.60,44,all,shortfall_from_optimum_share,0.006037452143
0.60,44,all,loss_vs_status_quo_share,-0.003086710244
0.60,44,all,n_agreeing,3
0.60,45,tv,relative_bias,1.58222015
0.60,45,tv,covered,0
0.60,45,video,relative_bias,-0.1631833038
0.60,45,video,covered,0
0.60,45,search,relative_bias,-0.2614447163
0.60,45,search,covered,0
0.60,45,social,relative_bias,0.1235216554
0.60,45,social,covered,1
0.60,45,ooh,relative_bias,-0.230215406
0.60,45,ooh,covered,1
0.60,45,all,median_abs_relative_bias,0.230215406
0.60,45,all,spearman,0.9
0.60,45,all,regret,0.4436540631
0.60,45,all,beats_status_quo,1
0.60,45,all,achievable_lift_share,0.01042145191
0.60,45,all,shortfall_from_optimum_share,0.004623519485
0.60,45,all,loss_vs_status_quo_share,-0.005797932429
0.60,45,all,n_agreeing,3
0.60,46,tv,relative_bias,-0.215473362
0.60,46,tv,covered,0
0.60,46,video,relative_bias,0.3069168769
0.60,46,video,covered,0
0.60,46,search,relative_bias,0.09396317979
0.60,46,search,covered,1
0.60,46,social,relative_bias,2.319547545
0.60,46,social,covered,0
0.60,46,ooh,relative_bias,2.178462186
0.60,46,ooh,covered,0
0.60,46,all,median_abs_relative_bias,0.3069168769
0.60,46,all,spearman,0.4
0.60,46,all,regret,0.7294852921
0.60,46,all,beats_status_quo,1
0.60,46,all,achievable_lift_share,0.009511986794
0.60,46,all,shortfall_from_optimum_share,0.006938854465
0.60,46,all,loss_vs_status_quo_share,-0.002573132329
0.60,46,all,n_agreeing,3
0.60,47,tv,relative_bias,-0.1064318847
0.60,47,tv,covered,0
0.60,47,video,relative_bias,-0.2110003782
0.60,47,video,covered,0
0.60,47,search,relative_bias,-0.5035109658
0.60,47,search,covered,0
0.60,47,social,relative_bias,-0.6240630208
0.60,47,social,covered,0
0.60,47,ooh,relative_bias,0.8912590157
0.60,47,ooh,covered,0
0.60,47,all,median_abs_relative_bias,0.5035109658
0.60,47,all,spearman,0.9
0.60,47,all,regret,1.464014267
0.60,47,all,beats_status_quo,0
0.60,47,all,achievable_lift_share,0.01007901637
0.60,47,all,shortfall_from_optimum_share,0.01475582376
0.60,47,all,loss_vs_status_quo_share,0.00467680739
0.60,47,all,n_agreeing,3
0.60,48,tv,relative_bias,1.515224081
0.60,48,tv,covered,0
0.60,48,video,relative_bias,-0.1678788256
0.60,48,video,covered,0
0.60,48,search,relative_bias,0.3469219937
0.60,48,search,covered,0
0.60,48,social,relative_bias,-0.5978016955
0.60,48,social,covered,0
0.60,48,ooh,relative_bias,-0.4523238674
0.60,48,ooh,covered,0
0.60,48,all,median_abs_relative_bias,0.4523238674
0.60,48,all,spearman,0.9
0.60,48,all,regret,0.9759486228
0.60,48,all,beats_status_quo,1
0.60,48,all,achievable_lift_share,0.01057698698
0.60,48,all,shortfall_from_optimum_share,0.01032259587
0.60,48,all,loss_vs_status_quo_share,-0.0002543911038
0.60,48,all,n_agreeing,3
0.60,49,tv,relative_bias,0.7316329567
0.60,49,tv,covered,0
0.60,49,video,relative_bias,-0.5594765734
0.60,49,video,covered,0
0.60,49,search,relative_bias,-0.08377315684
0.60,49,search,covered,1
0.60,49,social,relative_bias,-0.2562028356
0.60,49,social,covered,0
0.60,49,ooh,relative_bias,2.088572756
0.60,49,ooh,covered,0
0.60,49,all,median_abs_relative_bias,0.5594765734
0.60,49,all,spearman,0.5
0.60,49,all,regret,2.629379268
0.60,49,all,beats_status_quo,0
0.60,49,all,achievable_lift_share,0.01045177384
0.60,49,all,shortfall_from_optimum_share,0.02748167746
0.60,49,all,loss_vs_status_quo_share,0.01702990362
0.60,49,all,n_agreeing,3
0.60,50,tv,relative_bias,0.1997334906
0.60,50,tv,covered,0
0.60,50,video,relative_bias,0.6186805235
0.60,50,video,covered,0
0.60,50,search,relative_bias,-0.6878915106
0.60,50,search,covered,0
0.60,50,social,relative_bias,0.1076182376
0.60,50,social,covered,1
0.60,50,ooh,relative_bias,6.502667832
0.60,50,ooh,covered,0
0.60,50,all,median_abs_relative_bias,0.6186805235
0.60,50,all,spearman,0.6
0.60,50,all,regret,1.935589658
0.60,50,all,beats_status_quo,0
0.60,50,all,achievable_lift_share,0.01243712338
0.60,50,all,shortfall_from_optimum_share,0.02407316739
0.60,50,all,loss_vs_status_quo_share,0.01163604401
0.60,50,all,n_agreeing,3
0.60,51,tv,relative_bias,0.3618335144
0.60,51,tv,covered,0
0.60,51,video,relative_bias,1.212328382
0.60,51,video,covered,0
0.60,51,search,relative_bias,-0.5342793272
0.60,51,search,covered,0
0.60,51,social,relative_bias,0.1416799632
0.60,51,social,covered,1
0.60,51,ooh,relative_bias,2.315825497
0.60,51,ooh,covered,0
0.60,51,all,median_abs_relative_bias,0.5342793272
0.60,51,all,spearman,0.6
0.60,51,all,regret,2.593404134
0.60,51,all,beats_status_quo,0
0.60,51,all,achievable_lift_share,0.01065468019
0.60,51,all,shortfall_from_optimum_share,0.02763189166
0.60,51,all,loss_vs_status_quo_share,0.01697721147
0.60,51,all,n_agreeing,3
0.60,52,tv,relative_bias,0.5766747309
0.60,52,tv,covered,0
0.60,52,video,relative_bias,0.369248619
0.60,52,video,covered,0
0.60,52,search,relative_bias,-0.1000770236
0.60,52,search,covered,1
0.60,52,social,relative_bias,-0.1665294433
0.60,52,social,covered,1
0.60,52,ooh,relative_bias,4.939204146
0.60,52,ooh,covered,0
0.60,52,all,median_abs_relative_bias,0.369248619
0.60,52,all,spearman,0.7
0.60,52,all,regret,0.4946077903
0.60,52,all,beats_status_quo,1
0.60,52,all,achievable_lift_share,0.009777577606
0.60,52,all,shortfall_from_optimum_share,0.004836066055
0.60,52,all,loss_vs_status_quo_share,-0.004941511551
0.60,52,all,n_agreeing,3
0.60,53,tv,relative_bias,0.3689451699
0.60,53,tv,covered,0
0.60,53,video,relative_bias,0.6254694167
0.60,53,video,covered,0
0.60,53,search,relative_bias,-0.4774519985
0.60,53,search,covered,0
0.60,53,social,relative_bias,-0.5270705556
0.60,53,social,covered,0
0.60,53,ooh,relative_bias,1.320248568
0.60,53,ooh,covered,1
0.60,53,all,median_abs_relative_bias,0.5270705556
0.60,53,all,spearman,0.7
0.60,53,all,regret,3.843491408
0.60,53,all,beats_status_quo,0
0.60,53,all,achievable_lift_share,0.01005464608
0.60,53,all,shortfall_from_optimum_share,0.03864494583
0.60,53,all,loss_vs_status_quo_share,0.02859029975
0.60,53,all,n_agreeing,3
0.60,54,tv,relative_bias,0.01304609523
0.60,54,tv,covered,1
0.60,54,video,relative_bias,0.7335736358
0.60,54,video,covered,0
0.60,54,search,relative_bias,-0.5526502964
0.60,54,search,covered,0
0.60,54,social,relative_bias,-0.2588636378
0.60,54,social,covered,0
0.60,54,ooh,relative_bias,0.7241497376
0.60,54,ooh,covered,1
0.60,54,all,median_abs_relative_bias,0.5526502964
0.60,54,all,spearman,0.9
0.60,54,all,regret,0.5476198598
0.60,54,all,beats_status_quo,1
0.60,54,all,achievable_lift_share,0.01269850631
0.60,54,all,shortfall_from_optimum_share,0.006953954246
0.60,54,all,loss_vs_status_quo_share,-0.005744552066
0.60,54,all,n_agreeing,3
0.60,55,tv,relative_bias,0.771264167
0.60,55,tv,covered,0
0.60,55,video,relative_bias,-0.06065224167
0.60,55,video,covered,1
0.60,55,search,relative_bias,-0.3287345222
0.60,55,search,covered,0
0.60,55,social,relative_bias,0.1386407835
0.60,55,social,covered,1
0.60,55,ooh,relative_bias,0.1929804317
0.60,55,ooh,covered,1
0.60,55,all,median_abs_relative_bias,0.1929804317
0.60,55,all,spearman,0.9
0.60,55,all,regret,0.523802635
0.60,55,all,beats_status_quo,1
0.60,55,all,achievable_lift_share,0.01070561657
0.60,55,all,shortfall_from_optimum_share,0.00560763017
0.60,55,all,loss_vs_status_quo_share,-0.005097986402
0.60,55,all,n_agreeing,3
0.60,56,tv,relative_bias,-0.1127770163
0.60,56,tv,covered,0
0.60,56,video,relative_bias,1.934535976
0.60,56,video,covered,0
0.60,56,search,relative_bias,1.665856012
0.60,56,search,covered,0
0.60,56,social,relative_bias,-0.7324941158
0.60,56,social,covered,0
0.60,56,ooh,relative_bias,0.5115392565
0.60,56,ooh,covered,1
0.60,56,all,median_abs_relative_bias,0.7324941158
0.60,56,all,spearman,0.6
0.60,56,all,regret,1.363227552
0.60,56,all,beats_status_quo,0
0.60,56,all,achievable_lift_share,0.01305644222
0.60,56,all,shortfall_from_optimum_share,0.01779890177
0.60,56,all,loss_vs_status_quo_share,0.004742459549
0.60,56,all,n_agreeing,3
0.60,57,tv,relative_bias,0.1087844717
0.60,57,tv,covered,1
0.60,57,video,relative_bias,-0.6477935691
0.60,57,video,covered,0
0.60,57,search,relative_bias,-0.5958921409
0.60,57,search,covered,0
0.60,57,social,relative_bias,1.117973296
0.60,57,social,covered,0
0.60,57,ooh,relative_bias,6.508853811
0.60,57,ooh,covered,0
0.60,57,all,median_abs_relative_bias,0.6477935691
0.60,57,all,spearman,0.1
0.60,57,all,regret,2.080618047
0.60,57,all,beats_status_quo,0
0.60,57,all,achievable_lift_share,0.01304443611
0.60,57,all,shortfall_from_optimum_share,0.02714048919
0.60,57,all,loss_vs_status_quo_share,0.01409605308
0.60,57,all,n_agreeing,3
0.60,58,tv,relative_bias,3.201094329
0.60,58,tv,covered,0
0.60,58,video,relative_bias,0.5290568133
0.60,58,video,covered,0
0.60,58,search,relative_bias,0.6419314088
0.60,58,search,covered,0
0.60,58,social,relative_bias,-0.6837760764
0.60,58,social,covered,0
0.60,58,ooh,relative_bias,6.299527115
0.60,58,ooh,covered,0
0.60,58,all,median_abs_relative_bias,0.6837760764
0.60,58,all,spearman,0.7
0.60,58,all,regret,1.498442654
0.60,58,all,beats_status_quo,0
0.60,58,all,achievable_lift_share,0.01021356891
0.60,58,all,shortfall_from_optimum_share,0.01530444731
0.60,58,all,loss_vs_status_quo_share,0.005090878395
0.60,58,all,n_agreeing,3
0.60,59,tv,relative_bias,-0.1204600676
0.60,59,tv,covered,0
0.60,59,video,relative_bias,-0.08718344508
0.60,59,video,covered,1
0.60,59,search,relative_bias,0.6349096211
0.60,59,search,covered,0
0.60,59,social,relative_bias,0.07437866618
0.60,59,social,covered,1
0.60,59,ooh,relative_bias,1.150392675
0.60,59,ooh,covered,1
0.60,59,all,median_abs_relative_bias,0.1204600676
0.60,59,all,spearman,0.9
0.60,59,all,regret,0.3575018078
0.60,59,all,beats_status_quo,1
0.60,59,all,achievable_lift_share,0.01127065626
0.60,59,all,shortfall_from_optimum_share,0.004029279986
0.60,59,all,loss_vs_status_quo_share,-0.00724137627
0.60,59,all,n_agreeing,3
0.60,60,tv,relative_bias,3.065716513
0.60,60,tv,covered,0
0.60,60,video,relative_bias,0.07446130763
0.60,60,video,covered,1
0.60,60,search,relative_bias,-0.5318019196
0.60,60,search,covered,0
0.60,60,social,relative_bias,-0.2218983229
0.60,60,social,covered,0
0.60,60,ooh,relative_bias,1.376031177
0.60,60,ooh,covered,0
0.60,60,all,median_abs_relative_bias,0.5318019196
0.60,60,all,spearman,0.6
0.60,60,all,regret,2.652246082
0.60,60,all,beats_status_quo,0
0.60,60,all,achievable_lift_share,0.01108976231
0.60,60,all,shortfall_from_optimum_share,0.02941277865
0.60,60,all,loss_vs_status_quo_share,0.01832301634
0.60,60,all,n_agreeing,3
0.60,61,tv,relative_bias,-0.1151365013
0.60,61,tv,covered,0
0.60,61,video,relative_bias,-0.1709539114
0.60,61,video,covered,0
0.60,61,search,relative_bias,-0.04560944745
0.60,61,search,covered,1
0.60,61,social,relative_bias,0.05984510422
0.60,61,social,covered,1
0.60,61,ooh,relative_bias,0.8747337201
0.60,61,ooh,covered,0
0.60,61,all,median_abs_relative_bias,0.1151365013
0.60,61,all,spearman,1
0.60,61,all,regret,1.234517001
0.60,61,all,beats_status_quo,0
0.60,61,all,achievable_lift_share,0.01080476033
0.60,61,all,shortfall_from_optimum_share,0.01333866031
0.60,61,all,loss_vs_status_quo_share,0.002533899985
0.60,61,all,n_agreeing,3
0.60,62,tv,relative_bias,0.1383748402
0.60,62,tv,covered,0
0.60,62,video,relative_bias,0.7357428391
0.60,62,video,covered,0
0.60,62,search,relative_bias,1.034760655
0.60,62,search,covered,0
0.60,62,social,relative_bias,0.493324564
0.60,62,social,covered,0
0.60,62,ooh,relative_bias,0.218202776
0.60,62,ooh,covered,1
0.60,62,all,median_abs_relative_bias,0.493324564
0.60,62,all,spearman,1
0.60,62,all,regret,0.1245552313
0.60,62,all,beats_status_quo,1
0.60,62,all,achievable_lift_share,0.01059425627
0.60,62,all,shortfall_from_optimum_share,0.00131957004
0.60,62,all,loss_vs_status_quo_share,-0.009274686227
0.60,62,all,n_agreeing,3
0.60,63,tv,relative_bias,2.056939796
0.60,63,tv,covered,0
0.60,63,video,relative_bias,1.233572185
0.60,63,video,covered,0
0.60,63,search,relative_bias,0.3882776078
0.60,63,search,covered,0
0.60,63,social,relative_bias,-0.3988211138
0.60,63,social,covered,0
0.60,63,ooh,relative_bias,0.06682960468
0.60,63,ooh,covered,1
0.60,63,all,median_abs_relative_bias,0.3988211138
0.60,63,all,spearman,1
0.60,63,all,regret,0.9633272112
0.60,63,all,beats_status_quo,1
0.60,63,all,achievable_lift_share,0.01062929996
0.60,63,all,shortfall_from_optimum_share,0.01023949389
0.60,63,all,loss_vs_status_quo_share,-0.000389806073
0.60,63,all,n_agreeing,3
0.60,64,tv,relative_bias,0.09464891588
0.60,64,tv,covered,0
0.60,64,video,relative_bias,-0.5859575236
0.60,64,video,covered,0
0.60,64,search,relative_bias,0.2208243296
0.60,64,search,covered,1
0.60,64,social,relative_bias,1.383648791
0.60,64,social,covered,0
0.60,64,ooh,relative_bias,2.07902362
0.60,64,ooh,covered,0
0.60,64,all,median_abs_relative_bias,0.5859575236
0.60,64,all,spearman,0.3
0.60,64,all,regret,2.672768452
0.60,64,all,beats_status_quo,0
0.60,64,all,achievable_lift_share,0.01055803788
0.60,64,all,shortfall_from_optimum_share,0.02821919055
0.60,64,all,loss_vs_status_quo_share,0.01766115267
0.60,64,all,n_agreeing,3
0.60,65,tv,relative_bias,0.3452216622
0.60,65,tv,covered,0
0.60,65,video,relative_bias,0.9080794404
0.60,65,video,covered,0
0.60,65,search,relative_bias,-0.6987230877
0.60,65,search,covered,0
0.60,65,social,relative_bias,-0.3912369478
0.60,65,social,covered,0
0.60,65,ooh,relative_bias,0.9220874526
0.60,65,ooh,covered,0
0.60,65,all,median_abs_relative_bias,0.6987230877
0.60,65,all,spearman,0.6
0.60,65,all,regret,3.532860287
0.60,65,all,beats_status_quo,0
0.60,65,all,achievable_lift_share,0.01119348344
0.60,65,all,shortfall_from_optimum_share,0.03954501311
0.60,65,all,loss_vs_status_quo_share,0.02835152967
0.60,65,all,n_agreeing,3
0.60,66,tv,relative_bias,-0.07506597078
0.60,66,tv,covered,1
0.60,66,video,relative_bias,1.204477421
0.60,66,video,covered,0
0.60,66,search,relative_bias,-0.1953924503
0.60,66,search,covered,0
0.60,66,social,relative_bias,-0.6236223073
0.60,66,social,covered,0
0.60,66,ooh,relative_bias,2.231292201
0.60,66,ooh,covered,0
0.60,66,all,median_abs_relative_bias,0.6236223073
0.60,66,all,spearman,0.8
0.60,66,all,regret,1.530873209
0.60,66,all,beats_status_quo,0
0.60,66,all,achievable_lift_share,0.01086601982
0.60,66,all,shortfall_from_optimum_share,0.01663449864
0.60,66,all,loss_vs_status_quo_share,0.005768478817
0.60,66,all,n_agreeing,3
0.60,67,tv,relative_bias,-0.2926825042
0.60,67,tv,covered,0
0.60,67,video,relative_bias,-0.0392264798
0.60,67,video,covered,1
0.60,67,search,relative_bias,0.6350549553
0.60,67,search,covered,0
0.60,67,social,relative_bias,0.82850834
0.60,67,social,covered,0
0.60,67,ooh,relative_bias,-0.4150940476
0.60,67,ooh,covered,0
0.60,67,all,median_abs_relative_bias,0.4150940476
0.60,67,all,spearman,0.5
0.60,67,all,regret,0.02626485006
0.60,67,all,beats_status_quo,1
0.60,67,all,achievable_lift_share,0.0115325267
0.60,67,all,shortfall_from_optimum_share,0.0003029000847
0.60,67,all,loss_vs_status_quo_share,-0.01122962662
0.60,67,all,n_agreeing,3
0.60,68,tv,relative_bias,1.084389048
0.60,68,tv,covered,0
0.60,68,video,relative_bias,-0.248674717
0.60,68,video,covered,0
0.60,68,search,relative_bias,0.2879961665
0.60,68,search,covered,0
0.60,68,social,relative_bias,-0.7156144948
0.60,68,social,covered,0
0.60,68,ooh,relative_bias,5.033357065
0.60,68,ooh,covered,0
0.60,68,all,median_abs_relative_bias,0.7156144948
0.60,68,all,spearman,0.3
0.60,68,all,regret,1.445791518
0.60,68,all,beats_status_quo,0
0.60,68,all,achievable_lift_share,0.009498514152
0.60,68,all,shortfall_from_optimum_share,0.01373287119
0.60,68,all,loss_vs_status_quo_share,0.004234357043
0.60,68,all,n_agreeing,3
0.60,69,tv,relative_bias,0.7347860949
0.60,69,tv,covered,0
0.60,69,video,relative_bias,0.009431100819
0.60,69,video,covered,1
0.60,69,search,relative_bias,-0.1201942804
0.60,69,search,covered,1
0.60,69,social,relative_bias,-0.0141197138
0.60,69,social,covered,1
0.60,69,ooh,relative_bias,-0.2215318085
0.60,69,ooh,covered,1
0.60,69,all,median_abs_relative_bias,0.1201942804
0.60,69,all,spearman,1
0.60,69,all,regret,0.6070962984
0.60,69,all,beats_status_quo,1
0.60,69,all,achievable_lift_share,0.01117414161
0.60,69,all,shortfall_from_optimum_share,0.006783780008
0.60,69,all,loss_vs_status_quo_share,-0.0043903616
0.60,69,all,n_agreeing,3
0.60,70,tv,relative_bias,0.5620386691
0.60,70,tv,covered,0
0.60,70,video,relative_bias,-0.1864907059
0.60,70,video,covered,0
0.60,70,search,relative_bias,-0.5249370497
0.60,70,search,covered,0
0.60,70,social,relative_bias,1.296480774
0.60,70,social,covered,0
0.60,70,ooh,relative_bias,0.7271141717
0.60,70,ooh,covered,0
0.60,70,all,median_abs_relative_bias,0.5620386691
0.60,70,all,spearman,0.7
0.60,70,all,regret,2.715833693
0.60,70,all,beats_status_quo,0
0.60,70,all,achievable_lift_share,0.01060578906
0.60,70,all,shortfall_from_optimum_share,0.02880355927
0.60,70,all,loss_vs_status_quo_share,0.01819777021
0.60,70,all,n_agreeing,3
0.60,71,tv,relative_bias,-0.3861625927
0.60,71,tv,covered,0
0.60,71,video,relative_bias,0.1450740214
0.60,71,video,covered,1
0.60,71,search,relative_bias,-0.3926343321
0.60,71,search,covered,0
0.60,71,social,relative_bias,0.09332873498
0.60,71,social,covered,1
0.60,71,ooh,relative_bias,2.192089733
0.60,71,ooh,covered,0
0.60,71,all,median_abs_relative_bias,0.3861625927
0.60,71,all,spearman,0.6
0.60,71,all,regret,0.5575631204
0.60,71,all,beats_status_quo,1
0.60,71,all,achievable_lift_share,0.01163189901
0.60,71,all,shortfall_from_optimum_share,0.006485517907
0.60,71,all,loss_vs_status_quo_share,-0.005146381101
0.60,71,all,n_agreeing,3
0.60,72,tv,relative_bias,-0.3495823187
0.60,72,tv,covered,0
0.60,72,video,relative_bias,0.2245241475
0.60,72,video,covered,1
0.60,72,search,relative_bias,0.6872691406
0.60,72,search,covered,0
0.60,72,social,relative_bias,-0.5921232633
0.60,72,social,covered,0
0.60,72,ooh,relative_bias,0.8010193574
0.60,72,ooh,covered,0
0.60,72,all,median_abs_relative_bias,0.5921232633
0.60,72,all,spearman,0.5
0.60,72,all,regret,1.329696122
0.60,72,all,beats_status_quo,0
0.60,72,all,achievable_lift_share,0.01088985693
0.60,72,all,shortfall_from_optimum_share,0.01448020054
0.60,72,all,loss_vs_status_quo_share,0.003590343605
0.60,72,all,n_agreeing,3
0.60,73,tv,relative_bias,-0.2176598795
0.60,73,tv,covered,0
0.60,73,video,relative_bias,-0.5453488004
0.60,73,video,covered,0
0.60,73,search,relative_bias,-0.3186080371
0.60,73,search,covered,0
0.60,73,social,relative_bias,-0.6853750401
0.60,73,social,covered,0
0.60,73,ooh,relative_bias,1.130836916
0.60,73,ooh,covered,1
0.60,73,all,median_abs_relative_bias,0.5453488004
0.60,73,all,spearman,0.8
0.60,73,all,regret,3.668460471
0.60,73,all,beats_status_quo,0
0.60,73,all,achievable_lift_share,0.01134344052
0.60,73,all,shortfall_from_optimum_share,0.04161296316
0.60,73,all,loss_vs_status_quo_share,0.03026952264
0.60,73,all,n_agreeing,3
0.60,74,tv,relative_bias,0.1836988092
0.60,74,tv,covered,0
0.60,74,video,relative_bias,1.496829804
0.60,74,video,covered,0
0.60,74,search,relative_bias,0.1696990693
0.60,74,search,covered,1
0.60,74,social,relative_bias,-0.6984442514
0.60,74,social,covered,0
0.60,74,ooh,relative_bias,3.574768621
0.60,74,ooh,covered,0
0.60,74,all,median_abs_relative_bias,0.6984442514
0.60,74,all,spearman,0.8
0.60,74,all,regret,1.11200233
0.60,74,all,beats_status_quo,0
0.60,74,all,achievable_lift_share,0.01183197059
0.60,74,all,shortfall_from_optimum_share,0.01315717886
0.60,74,all,loss_vs_status_quo_share,0.001325208277
0.60,74,all,n_agreeing,3
0.60,75,tv,relative_bias,1.395524946
0.60,75,tv,covered,0
0.60,75,video,relative_bias,-0.3441647743
0.60,75,video,covered,0
0.60,75,search,relative_bias,-0.3948809383
0.60,75,search,covered,0
0.60,75,social,relative_bias,-0.09024968902
0.60,75,social,covered,1
0.60,75,ooh,relative_bias,0.3638462158
0.60,75,ooh,covered,1
0.60,75,all,median_abs_relative_bias,0.3638462158
0.60,75,all,spearman,1
0.60,75,all,regret,0.5494485125
0.60,75,all,beats_status_quo,1
0.60,75,all,achievable_lift_share,0.009842810407
0.60,75,all,shortfall_from_optimum_share,0.005408117537
0.60,75,all,loss_vs_status_quo_share,-0.00443469287
0.60,75,all,n_agreeing,3
0.60,76,tv,relative_bias,0.618372434
0.60,76,tv,covered,0
0.60,76,video,relative_bias,-0.143705108
0.60,76,video,covered,0
0.60,76,search,relative_bias,-0.4552343121
0.60,76,search,covered,0
0.60,76,social,relative_bias,1.233850795
0.60,76,social,covered,0
0.60,76,ooh,relative_bias,0.343410096
0.60,76,ooh,covered,1
0.60,76,all,median_abs_relative_bias,0.4552343121
0.60,76,all,spearman,0.7
0.60,76,all,regret,1.054876584
0.60,76,all,beats_status_quo,0
0.60,76,all,achievable_lift_share,0.01054556666
0.60,76,all,shortfall_from_optimum_share,0.01112427133
0.60,76,all,loss_vs_status_quo_share,0.0005787046763
0.60,76,all,n_agreeing,3
0.60,77,tv,relative_bias,0.2412628323
0.60,77,tv,covered,0
0.60,77,video,relative_bias,-0.4135934205
0.60,77,video,covered,0
0.60,77,search,relative_bias,0.111462492
0.60,77,search,covered,1
0.60,77,social,relative_bias,-0.2939267547
0.60,77,social,covered,0
0.60,77,ooh,relative_bias,3.030652004
0.60,77,ooh,covered,0
0.60,77,all,median_abs_relative_bias,0.2939267547
0.60,77,all,spearman,0.5
0.60,77,all,regret,2.452691822
0.60,77,all,beats_status_quo,0
0.60,77,all,achievable_lift_share,0.01151516531
0.60,77,all,shortfall_from_optimum_share,0.02824315179
0.60,77,all,loss_vs_status_quo_share,0.01672798648
0.60,77,all,n_agreeing,3
0.60,78,tv,relative_bias,0.1892776184
0.60,78,tv,covered,0
0.60,78,video,relative_bias,1.749306619
0.60,78,video,covered,0
0.60,78,search,relative_bias,-0.1455001331
0.60,78,search,covered,1
0.60,78,social,relative_bias,-0.2113979888
0.60,78,social,covered,1
0.60,78,ooh,relative_bias,-0.2377673815
0.60,78,ooh,covered,1
0.60,78,all,median_abs_relative_bias,0.2113979888
0.60,78,all,spearman,0.9
0.60,78,all,regret,0.8583991798
0.60,78,all,beats_status_quo,1
0.60,78,all,achievable_lift_share,0.01293726031
0.60,78,all,shortfall_from_optimum_share,0.01110533364
0.60,78,all,loss_vs_status_quo_share,-0.001831926671
0.60,78,all,n_agreeing,3
0.60,79,tv,relative_bias,-0.08413283894
0.60,79,tv,covered,0
0.60,79,video,relative_bias,-0.663195187
0.60,79,video,covered,0
0.60,79,search,relative_bias,-0.3608582131
0.60,79,search,covered,0
0.60,79,social,relative_bias,1.965773583
0.60,79,social,covered,0
0.60,79,ooh,relative_bias,-0.3278382388
0.60,79,ooh,covered,0
0.60,79,all,median_abs_relative_bias,0.3608582131
0.60,79,all,spearman,0.6
0.60,79,all,regret,2.817434904
0.60,79,all,beats_status_quo,0
0.60,79,all,achievable_lift_share,0.01070713243
0.60,79,all,shortfall_from_optimum_share,0.03016664865
0.60,79,all,loss_vs_status_quo_share,0.01945951621
0.60,79,all,n_agreeing,3
0.60,80,tv,relative_bias,1.49530632
0.60,80,tv,covered,0
0.60,80,video,relative_bias,-0.2168278362
0.60,80,video,covered,0
0.60,80,search,relative_bias,-0.08228511555
0.60,80,search,covered,1
0.60,80,social,relative_bias,-0.3962497308
0.60,80,social,covered,0
0.60,80,ooh,relative_bias,2.281177553
0.60,80,ooh,covered,0
0.60,80,all,median_abs_relative_bias,0.3962497308
0.60,80,all,spearman,0.9
0.60,80,all,regret,0.5177386555
0.60,80,all,beats_status_quo,1
0.60,80,all,achievable_lift_share,0.01042181908
0.60,80,all,shortfall_from_optimum_share,0.0053957786
0.60,80,all,loss_vs_status_quo_share,-0.005026040484
0.60,80,all,n_agreeing,3
0.60,81,tv,relative_bias,2.239579821
0.60,81,tv,covered,0
0.60,81,video,relative_bias,-0.6637374223
0.60,81,video,covered,0
0.60,81,search,relative_bias,-0.281803442
0.60,81,search,covered,0
0.60,81,social,relative_bias,0.2401452823
0.60,81,social,covered,1
0.60,81,ooh,relative_bias,1.435609736
0.60,81,ooh,covered,0
0.60,81,all,median_abs_relative_bias,0.6637374223
0.60,81,all,spearman,0.3
0.60,81,all,regret,2.365079596
0.60,81,all,beats_status_quo,0
0.60,81,all,achievable_lift_share,0.01276626465
0.60,81,all,shortfall_from_optimum_share,0.03019323205
0.60,81,all,loss_vs_status_quo_share,0.0174269674
0.60,81,all,n_agreeing,3
0.60,82,tv,relative_bias,-0.007918186689
0.60,82,tv,covered,1
0.60,82,video,relative_bias,-0.6723933091
0.60,82,video,covered,0
0.60,82,search,relative_bias,-0.1934763605
0.60,82,search,covered,0
0.60,82,social,relative_bias,-0.72933059
0.60,82,social,covered,0
0.60,82,ooh,relative_bias,1.508780067
0.60,82,ooh,covered,0
0.60,82,all,median_abs_relative_bias,0.6723933091
0.60,82,all,spearman,0.5
0.60,82,all,regret,3.696313045
0.60,82,all,beats_status_quo,0
0.60,82,all,achievable_lift_share,0.01081375689
0.60,82,all,shortfall_from_optimum_share,0.03997103065
0.60,82,all,loss_vs_status_quo_share,0.02915727376
0.60,82,all,n_agreeing,3
0.60,83,tv,relative_bias,0.1103157416
0.60,83,tv,covered,0
0.60,83,video,relative_bias,-0.4884497296
0.60,83,video,covered,0
0.60,83,search,relative_bias,-0.8178450475
0.60,83,search,covered,0
0.60,83,social,relative_bias,-0.2363613883
0.60,83,social,covered,0
0.60,83,ooh,relative_bias,1.616122824
0.60,83,ooh,covered,0
0.60,83,all,median_abs_relative_bias,0.4884497296
0.60,83,all,spearman,0.6
0.60,83,all,regret,4.991628812
0.60,83,all,beats_status_quo,0
0.60,83,all,achievable_lift_share,0.01088002704
0.60,83,all,shortfall_from_optimum_share,0.05430905643
0.60,83,all,loss_vs_status_quo_share,0.04342902939
0.60,83,all,n_agreeing,3
0.60,84,tv,relative_bias,-0.4077514624
0.60,84,tv,covered,0
0.60,84,video,relative_bias,-0.3317965665
0.60,84,video,covered,0
0.60,84,search,relative_bias,-0.5625025842
0.60,84,search,covered,0
0.60,84,social,relative_bias,-0.02809991258
0.60,84,social,covered,1
0.60,84,ooh,relative_bias,0.5621078607
0.60,84,ooh,covered,1
0.60,84,all,median_abs_relative_bias,0.4077514624
0.60,84,all,spearman,0.9
0.60,84,all,regret,1.027163265
0.60,84,all,beats_status_quo,0
0.60,84,all,achievable_lift_share,0.009490860625
0.60,84,all,shortfall_from_optimum_share,0.009748663383
0.60,84,all,loss_vs_status_quo_share,0.0002578027583
0.60,84,all,n_agreeing,3
0.60,85,tv,relative_bias,0.302960508
0.60,85,tv,covered,0
0.60,85,video,relative_bias,-0.5286807662
0.60,85,video,covered,0
0.60,85,search,relative_bias,0.2228692149
0.60,85,search,covered,1
0.60,85,social,relative_bias,-0.2201417856
0.60,85,social,covered,1
0.60,85,ooh,relative_bias,4.047749983
0.60,85,ooh,covered,0
0.60,85,all,median_abs_relative_bias,0.302960508
0.60,85,all,spearman,0.5
0.60,85,all,regret,2.599621643
0.60,85,all,beats_status_quo,0
0.60,85,all,achievable_lift_share,0.009643296507
0.60,85,all,shortfall_from_optimum_share,0.02506892231
0.60,85,all,loss_vs_status_quo_share,0.0154256258
0.60,85,all,n_agreeing,3
0.60,86,tv,relative_bias,-0.3222501014
0.60,86,tv,covered,0
0.60,86,video,relative_bias,1.126785918
0.60,86,video,covered,0
0.60,86,search,relative_bias,-0.55295095
0.60,86,search,covered,0
0.60,86,social,relative_bias,-0.03650546157
0.60,86,social,covered,1
0.60,86,ooh,relative_bias,-0.5306445422
0.60,86,ooh,covered,0
0.60,86,all,median_abs_relative_bias,0.5306445422
0.60,86,all,spearman,0.8
0.60,86,all,regret,0.6937487078
0.60,86,all,beats_status_quo,1
0.60,86,all,achievable_lift_share,0.01129628306
0.60,86,all,shortfall_from_optimum_share,0.007836781777
0.60,86,all,loss_vs_status_quo_share,-0.003459501284
0.60,86,all,n_agreeing,3
0.60,87,tv,relative_bias,0.67823886
0.60,87,tv,covered,0
0.60,87,video,relative_bias,-0.1191377649
0.60,87,video,covered,1
0.60,87,search,relative_bias,-0.5731564007
0.60,87,search,covered,0
0.60,87,social,relative_bias,-0.7081115075
0.60,87,social,covered,0
0.60,87,ooh,relative_bias,0.777247976
0.60,87,ooh,covered,1
0.60,87,all,median_abs_relative_bias,0.67823886
0.60,87,all,spearman,0.9
0.60,87,all,regret,3.231240148
0.60,87,all,beats_status_quo,0
0.60,87,all,achievable_lift_share,0.01046253014
0.60,87,all,shortfall_from_optimum_share,0.03380694744
0.60,87,all,loss_vs_status_quo_share,0.0233444173
0.60,87,all,n_agreeing,3
0.60,88,tv,relative_bias,0.03170206938
0.60,88,tv,covered,1
0.60,88,video,relative_bias,-0.4888102494
0.60,88,video,covered,0
0.60,88,search,relative_bias,-0.5624829373
0.60,88,search,covered,0
0.60,88,social,relative_bias,1.693467959
0.60,88,social,covered,0
0.60,88,ooh,relative_bias,0.3483925108
0.60,88,ooh,covered,1
0.60,88,all,median_abs_relative_bias,0.4888102494
0.60,88,all,spearman,0.7
0.60,88,all,regret,2.5181266
0.60,88,all,beats_status_quo,0
0.60,88,all,achievable_lift_share,0.0114973408
0.60,88,all,shortfall_from_optimum_share,0.02895175971
0.60,88,all,loss_vs_status_quo_share,0.01745441891
0.60,88,all,n_agreeing,3
0.60,89,tv,relative_bias,1.709745594
0.60,89,tv,covered,0
0.60,89,video,relative_bias,0.7881409956
0.60,89,video,covered,0
0.60,89,search,relative_bias,1.022552794
0.60,89,search,covered,0
0.60,89,social,relative_bias,-0.04067304432
0.60,89,social,covered,1
0.60,89,ooh,relative_bias,0.1222117039
0.60,89,ooh,covered,1
0.60,89,all,median_abs_relative_bias,0.7881409956
0.60,89,all,spearman,1
0.60,89,all,regret,0.127869066
0.60,89,all,beats_status_quo,1
0.60,89,all,achievable_lift_share,0.01208852848
0.60,89,all,shortfall_from_optimum_share,0.001545748846
0.60,89,all,loss_vs_status_quo_share,-0.01054277963
0.60,89,all,n_agreeing,3
0.60,90,tv,relative_bias,1.07302917
0.60,90,tv,covered,0
0.60,90,video,relative_bias,0.4897084792
0.60,90,video,covered,0
0.60,90,search,relative_bias,3.24999282
0.60,90,search,covered,0
0.60,90,social,relative_bias,0.2449442907
0.60,90,social,covered,1
0.60,90,ooh,relative_bias,-0.007403088726
0.60,90,ooh,covered,1
0.60,90,all,median_abs_relative_bias,0.4897084792
0.60,90,all,spearman,0.9
0.60,90,all,regret,0.5448949373
0.60,90,all,beats_status_quo,1
0.60,90,all,achievable_lift_share,0.01036676085
0.60,90,all,shortfall_from_optimum_share,0.005648795503
0.60,90,all,loss_vs_status_quo_share,-0.004717965346
0.60,90,all,n_agreeing,3
0.60,91,tv,relative_bias,-0.2240002696
0.60,91,tv,covered,0
0.60,91,video,relative_bias,0.07233087566
0.60,91,video,covered,1
0.60,91,search,relative_bias,0.2512543347
0.60,91,search,covered,1
0.60,91,social,relative_bias,0.7708093194
0.60,91,social,covered,0
0.60,91,ooh,relative_bias,3.736008869
0.60,91,ooh,covered,0
0.60,91,all,median_abs_relative_bias,0.2512543347
0.60,91,all,spearman,1
0.60,91,all,regret,0.4940817192
0.60,91,all,beats_status_quo,1
0.60,91,all,achievable_lift_share,0.01248619687
0.60,91,all,shortfall_from_optimum_share,0.006169201613
0.60,91,all,loss_vs_status_quo_share,-0.006316995252
0.60,91,all,n_agreeing,3
0.60,92,tv,relative_bias,-0.2194631653
0.60,92,tv,covered,0
0.60,92,video,relative_bias,0.251249536
0.60,92,video,covered,0
0.60,92,search,relative_bias,0.4829165498
0.60,92,search,covered,0
0.60,92,social,relative_bias,1.128474715
0.60,92,social,covered,0
0.60,92,ooh,relative_bias,3.150041188
0.60,92,ooh,covered,0
0.60,92,all,median_abs_relative_bias,0.4829165498
0.60,92,all,spearman,1
0.60,92,all,regret,0.7137378439
0.60,92,all,beats_status_quo,1
0.60,92,all,achievable_lift_share,0.01001235775
0.60,92,all,shortfall_from_optimum_share,0.007146198632
0.60,92,all,loss_vs_status_quo_share,-0.002866159117
0.60,92,all,n_agreeing,3
0.60,93,tv,relative_bias,-0.1859617447
0.60,93,tv,covered,0
0.60,93,video,relative_bias,-0.07299220912
0.60,93,video,covered,1
0.60,93,search,relative_bias,0.7817072478
0.60,93,search,covered,0
0.60,93,social,relative_bias,0.4985798313
0.60,93,social,covered,1
0.60,93,ooh,relative_bias,1.237610452
0.60,93,ooh,covered,0
0.60,93,all,median_abs_relative_bias,0.4985798313
0.60,93,all,spearman,0.7
0.60,93,all,regret,0.7707801883
0.60,93,all,beats_status_quo,1
0.60,93,all,achievable_lift_share,0.01309078991
0.60,93,all,shortfall_from_optimum_share,0.01009012151
0.60,93,all,loss_vs_status_quo_share,-0.003000668398
0.60,93,all,n_agreeing,3
0.60,94,tv,relative_bias,-0.1232715415
0.60,94,tv,covered,0
0.60,94,video,relative_bias,-0.6509749358
0.60,94,video,covered,0
0.60,94,search,relative_bias,-0.4416051205
0.60,94,search,covered,0
0.60,94,social,relative_bias,0.546341247
0.60,94,social,covered,1
0.60,94,ooh,relative_bias,-0.07955964732
0.60,94,ooh,covered,1
0.60,94,all,median_abs_relative_bias,0.4416051205
0.60,94,all,spearman,0.6
0.60,94,all,regret,2.069710411
0.60,94,all,beats_status_quo,0
0.60,94,all,achievable_lift_share,0.0116881963
0.60,94,all,shortfall_from_optimum_share,0.02419118158
0.60,94,all,loss_vs_status_quo_share,0.01250298528
0.60,94,all,n_agreeing,3
0.60,95,tv,relative_bias,0.7709681803
0.60,95,tv,covered,0
0.60,95,video,relative_bias,-0.3173446328
0.60,95,video,covered,0
0.60,95,search,relative_bias,-0.6108712562
0.60,95,search,covered,0
0.60,95,social,relative_bias,-0.6773564692
0.60,95,social,covered,0
0.60,95,ooh,relative_bias,-0.1949660947
0.60,95,ooh,covered,1
0.60,95,all,median_abs_relative_bias,0.6108712562
0.60,95,all,spearman,1
0.60,95,all,regret,3.535247714
0.60,95,all,beats_status_quo,0
0.60,95,all,achievable_lift_share,0.01027484711
0.60,95,all,shortfall_from_optimum_share,0.03632412975
0.60,95,all,loss_vs_status_quo_share,0.02604928265
0.60,95,all,n_agreeing,3
0.60,96,tv,relative_bias,-0.5218793462
0.60,96,tv,covered,0
0.60,96,video,relative_bias,1.577496916
0.60,96,video,covered,0
0.60,96,search,relative_bias,-0.6482920619
0.60,96,search,covered,0
0.60,96,social,relative_bias,-0.3067720274
0.60,96,social,covered,0
0.60,96,ooh,relative_bias,6.705361599
0.60,96,ooh,covered,0
0.60,96,all,median_abs_relative_bias,0.6482920619
0.60,96,all,spearman,0.1
0.60,96,all,regret,3.370253311
0.60,96,all,beats_status_quo,0
0.60,96,all,achievable_lift_share,0.0106971064
0.60,96,all,shortfall_from_optimum_share,0.03605195827
0.60,96,all,loss_vs_status_quo_share,0.02535485187
0.60,96,all,n_agreeing,3
0.60,97,tv,relative_bias,-0.4467332165
0.60,97,tv,covered,0
0.60,97,video,relative_bias,1.538338139
0.60,97,video,covered,0
0.60,97,search,relative_bias,-0.1735362776
0.60,97,search,covered,1
0.60,97,social,relative_bias,0.2640718241
0.60,97,social,covered,1
0.60,97,ooh,relative_bias,-0.3060218867
0.60,97,ooh,covered,1
0.60,97,all,median_abs_relative_bias,0.3060218867
0.60,97,all,spearman,0.8
0.60,97,all,regret,0.2493150661
0.60,97,all,beats_status_quo,1
0.60,97,all,achievable_lift_share,0.01088382809
0.60,97,all,shortfall_from_optimum_share,0.00271350232
0.60,97,all,loss_vs_status_quo_share,-0.008170325769
0.60,97,all,n_agreeing,3
0.60,98,tv,relative_bias,0.3250559859
0.60,98,tv,covered,0
0.60,98,video,relative_bias,-0.1614929826
0.60,98,video,covered,1
0.60,98,search,relative_bias,-0.5103769811
0.60,98,search,covered,0
0.60,98,social,relative_bias,2.290937214
0.60,98,social,covered,0
0.60,98,ooh,relative_bias,3.997207314
0.60,98,ooh,covered,0
0.60,98,all,median_abs_relative_bias,0.5103769811
0.60,98,all,spearman,0.2
0.60,98,all,regret,2.461551383
0.60,98,all,beats_status_quo,0
0.60,98,all,achievable_lift_share,0.01011564387
0.60,98,all,shortfall_from_optimum_share,0.02490017717
0.60,98,all,loss_vs_status_quo_share,0.0147845333
0.60,98,all,n_agreeing,3
0.60,99,tv,relative_bias,2.0370447
0.60,99,tv,covered,0
0.60,99,video,relative_bias,1.447137949
0.60,99,video,covered,0
0.60,99,search,relative_bias,-0.09216672619
0.60,99,search,covered,1
0.60,99,social,relative_bias,-0.3319105718
0.60,99,social,covered,0
0.60,99,ooh,relative_bias,-0.4342729921
0.60,99,ooh,covered,0
0.60,99,all,median_abs_relative_bias,0.4342729921
0.60,99,all,spearman,1
0.60,99,all,regret,0.8712665952
0.60,99,all,beats_status_quo,1
0.60,99,all,achievable_lift_share,0.01128145728
0.60,99,all,shortfall_from_optimum_share,0.009829156872
0.60,99,all,loss_vs_status_quo_share,-0.001452300406
0.60,99,all,n_agreeing,3
0.60,100,tv,relative_bias,-0.4609998179
0.60,100,tv,covered,0
0.60,100,video,relative_bias,1.23107549
0.60,100,video,covered,0
0.60,100,search,relative_bias,0.8821824157
0.60,100,search,covered,0
0.60,100,social,relative_bias,0.6914145374
0.60,100,social,covered,1
0.60,100,ooh,relative_bias,1.990825172
0.60,100,ooh,covered,0
0.60,100,all,median_abs_relative_bias,0.8821824157
0.60,100,all,spearman,0.7
0.60,100,all,regret,0.7413867913
0.60,100,all,beats_status_quo,1
0.60,100,all,achievable_lift_share,0.009148510553
0.60,100,all,shortfall_from_optimum_share,0.006782584884
0.60,100,all,loss_vs_status_quo_share,-0.002365925669
0.60,100,all,n_agreeing,3
0.60,101,tv,relative_bias,-0.3719424485
0.60,101,tv,covered,0
0.60,101,video,relative_bias,-0.4476114773
0.60,101,video,covered,0
0.60,101,search,relative_bias,-0.07467640661
0.60,101,search,covered,1
0.60,101,social,relative_bias,-0.7781644204
0.60,101,social,covered,0
0.60,101,ooh,relative_bias,-0.07393142297
0.60,101,ooh,covered,1
0.60,101,all,median_abs_relative_bias,0.3719424485
0.60,101,all,spearman,0.8
0.60,101,all,regret,1.408124577
0.60,101,all,beats_status_quo,0
0.60,101,all,achievable_lift_share,0.01161554935
0.60,101,all,shortfall_from_optimum_share,0.01635614051
0.60,101,all,loss_vs_status_quo_share,0.004740591159
0.60,101,all,n_agreeing,3
0.60,102,tv,relative_bias,1.678508048
0.60,102,tv,covered,0
0.60,102,video,relative_bias,0.1897948374
0.60,102,video,covered,1
0.60,102,search,relative_bias,-0.6443964311
0.60,102,search,covered,0
0.60,102,social,relative_bias,-0.2825775044
0.60,102,social,covered,0
0.60,102,ooh,relative_bias,0.8383520005
0.60,102,ooh,covered,0
0.60,102,all,median_abs_relative_bias,0.6443964311
0.60,102,all,spearman,0.7
0.60,102,all,regret,2.94751699
0.60,102,all,beats_status_quo,0
0.60,102,all,achievable_lift_share,0.0104276619
0.60,102,all,shortfall_from_optimum_share,0.03073571063
0.60,102,all,loss_vs_status_quo_share,0.02030804872
0.60,102,all,n_agreeing,3
0.60,103,tv,relative_bias,-0.2238080447
0.60,103,tv,covered,0
0.60,103,video,relative_bias,-0.01235460951
0.60,103,video,covered,1
0.60,103,search,relative_bias,2.379100062
0.60,103,search,covered,0
0.60,103,social,relative_bias,-0.2836947229
0.60,103,social,covered,1
0.60,103,ooh,relative_bias,1.027407044
0.60,103,ooh,covered,0
0.60,103,all,median_abs_relative_bias,0.2836947229
0.60,103,all,spearman,0.7
0.60,103,all,regret,1.382579718
0.60,103,all,beats_status_quo,0
0.60,103,all,achievable_lift_share,0.01088591602
0.60,103,all,shortfall_from_optimum_share,0.0150506467
0.60,103,all,loss_vs_status_quo_share,0.00416473068
0.60,103,all,n_agreeing,3
0.60,104,tv,relative_bias,-0.485694178
0.60,104,tv,covered,0
0.60,104,video,relative_bias,-0.3571599825
0.60,104,video,covered,0
0.60,104,search,relative_bias,-0.7291762611
0.60,104,search,covered,0
0.60,104,social,relative_bias,0.5020034535
0.60,104,social,covered,1
0.60,104,ooh,relative_bias,0.6931946498
0.60,104,ooh,covered,1
0.60,104,all,median_abs_relative_bias,0.5020034535
0.60,104,all,spearman,0.5
0.60,104,all,regret,5.173140561
0.60,104,all,beats_status_quo,0
0.60,104,all,achievable_lift_share,0.01116461504
0.60,104,all,shortfall_from_optimum_share,0.05775612292
0.60,104,all,loss_vs_status_quo_share,0.04659150787
0.60,104,all,n_agreeing,3
0.60,105,tv,relative_bias,1.662840744
0.60,105,tv,covered,0
0.60,105,video,relative_bias,1.571824805
0.60,105,video,covered,0
0.60,105,search,relative_bias,0.6293251544
0.60,105,search,covered,0
0.60,105,social,relative_bias,-0.0826175088
0.60,105,social,covered,1
0.60,105,ooh,relative_bias,1.379012068
0.60,105,ooh,covered,0
0.60,105,all,median_abs_relative_bias,1.379012068
0.60,105,all,spearman,1
0.60,105,all,regret,0.6319990326
0.60,105,all,beats_status_quo,1
0.60,105,all,achievable_lift_share,0.009955233746
0.60,105,all,shortfall_from_optimum_share,0.006291698097
0.60,105,all,loss_vs_status_quo_share,-0.003663535649
0.60,105,all,n_agreeing,3
0.60,106,tv,relative_bias,-0.3374023415
0.60,106,tv,covered,0
0.60,106,video,relative_bias,-0.3391467273
0.60,106,video,covered,0
0.60,106,search,relative_bias,-0.6590084852
0.60,106,search,covered,0
0.60,106,social,relative_bias,0.1483051137
0.60,106,social,covered,1
0.60,106,ooh,relative_bias,-0.2202040248
0.60,106,ooh,covered,1
0.60,106,all,median_abs_relative_bias,0.3374023415
0.60,106,all,spearman,0.9
0.60,106,all,regret,4.430346871
0.60,106,all,beats_status_quo,0
0.60,106,all,achievable_lift_share,0.01043535321
0.60,106,all,shortfall_from_optimum_share,0.04623223445
0.60,106,all,loss_vs_status_quo_share,0.03579688124
0.60,106,all,n_agreeing,3
0.60,107,tv,relative_bias,0.7709397491
0.60,107,tv,covered,0
0.60,107,video,relative_bias,0.637275447
0.60,107,video,covered,0
0.60,107,search,relative_bias,0.02589340003
0.60,107,search,covered,1
0.60,107,social,relative_bias,0.3346241814
0.60,107,social,covered,0
0.60,107,ooh,relative_bias,0.8994529784
0.60,107,ooh,covered,0
0.60,107,all,median_abs_relative_bias,0.637275447
0.60,107,all,spearman,1
0.60,107,all,regret,1.141238315
0.60,107,all,beats_status_quo,0
0.60,107,all,achievable_lift_share,0.01218361997
0.60,107,all,shortfall_from_optimum_share,0.01390441393
0.60,107,all,loss_vs_status_quo_share,0.001720793961
0.60,107,all,n_agreeing,3
0.60,108,tv,relative_bias,0.5791502002
0.60,108,tv,covered,0
0.60,108,video,relative_bias,-0.2644435651
0.60,108,video,covered,0
0.60,108,search,relative_bias,-0.4993795045
0.60,108,search,covered,0
0.60,108,social,relative_bias,0.01190142199
0.60,108,social,covered,1
0.60,108,ooh,relative_bias,0.3558158435
0.60,108,ooh,covered,1
0.60,108,all,median_abs_relative_bias,0.3558158435
0.60,108,all,spearman,0.9
0.60,108,all,regret,0.4960784915
0.60,108,all,beats_status_quo,1
0.60,108,all,achievable_lift_share,0.01055844141
0.60,108,all,shortfall_from_optimum_share,0.005237815688
0.60,108,all,loss_vs_status_quo_share,-0.005320625724
0.60,108,all,n_agreeing,3
0.60,109,tv,relative_bias,0.1708760047
0.60,109,tv,covered,0
0.60,109,video,relative_bias,2.480113101
0.60,109,video,covered,0
0.60,109,search,relative_bias,-0.04670943796
0.60,109,search,covered,1
0.60,109,social,relative_bias,0.1873139144
0.60,109,social,covered,1
0.60,109,ooh,relative_bias,1.166333944
0.60,109,ooh,covered,0
0.60,109,all,median_abs_relative_bias,0.1873139144
0.60,109,all,spearman,0.9
0.60,109,all,regret,0.8504531042
0.60,109,all,beats_status_quo,1
0.60,109,all,achievable_lift_share,0.009733596349
0.60,109,all,shortfall_from_optimum_share,0.00827796723
0.60,109,all,loss_vs_status_quo_share,-0.001455629119
0.60,109,all,n_agreeing,3
0.60,110,tv,relative_bias,-0.1920188893
0.60,110,tv,covered,0
0.60,110,video,relative_bias,-0.05428809801
0.60,110,video,covered,1
0.60,110,search,relative_bias,0.7357581483
0.60,110,search,covered,0
0.60,110,social,relative_bias,-0.7634104674
0.60,110,social,covered,0
0.60,110,ooh,relative_bias,-0.3609057942
0.60,110,ooh,covered,0
0.60,110,all,median_abs_relative_bias,0.3609057942
0.60,110,all,spearman,0.9
0.60,110,all,regret,1.233794535
0.60,110,all,beats_status_quo,0
0.60,110,all,achievable_lift_share,0.01012441237
0.60,110,all,shortfall_from_optimum_share,0.01249144466
0.60,110,all,loss_vs_status_quo_share,0.002367032287
0.60,110,all,n_agreeing,3
0.60,111,tv,relative_bias,0.2909561961
0.60,111,tv,covered,0
0.60,111,video,relative_bias,-0.641802628
0.60,111,video,covered,0
0.60,111,search,relative_bias,-0.401314927
0.60,111,search,covered,0
0.60,111,social,relative_bias,0.286547148
0.60,111,social,covered,1
0.60,111,ooh,relative_bias,1.637139694
0.60,111,ooh,covered,1
0.60,111,all,median_abs_relative_bias,0.401314927
0.60,111,all,spearman,0.3
0.60,111,all,regret,2.607085289
0.60,111,all,beats_status_quo,0
0.60,111,all,achievable_lift_share,0.01135407209
0.60,111,all,shortfall_from_optimum_share,0.02960103431
0.60,111,all,loss_vs_status_quo_share,0.01824696222
0.60,111,all,n_agreeing,3
0.60,112,tv,relative_bias,-0.2304246782
0.60,112,tv,covered,0
0.60,112,video,relative_bias,1.555869233
0.60,112,video,covered,0
0.60,112,search,relative_bias,0.2370559257
0.60,112,search,covered,0
0.60,112,social,relative_bias,0.02573461503
0.60,112,social,covered,1
0.60,112,ooh,relative_bias,2.921924803
0.60,112,ooh,covered,0
0.60,112,all,median_abs_relative_bias,0.2370559257
0.60,112,all,spearman,0.8
0.60,112,all,regret,0.5793116985
0.60,112,all,beats_status_quo,1
0.60,112,all,achievable_lift_share,0.01095472635
0.60,112,all,shortfall_from_optimum_share,0.006346201129
0.60,112,all,loss_vs_status_quo_share,-0.004608525221
0.60,112,all,n_agreeing,3
0.60,113,tv,relative_bias,-0.1912928846
0.60,113,tv,covered,0
0.60,113,video,relative_bias,-0.07076610448
0.60,113,video,covered,1
0.60,113,search,relative_bias,0.251358994
0.60,113,search,covered,0
0.60,113,social,relative_bias,2.102510337
0.60,113,social,covered,0
0.60,113,ooh,relative_bias,2.127207317
0.60,113,ooh,covered,0
0.60,113,all,median_abs_relative_bias,0.251358994
0.60,113,all,spearman,0.3
0.60,113,all,regret,1.347073976
0.60,113,all,beats_status_quo,0
0.60,113,all,achievable_lift_share,0.01198164282
0.60,113,all,shortfall_from_optimum_share,0.01614015924
0.60,113,all,loss_vs_status_quo_share,0.004158516412
0.60,113,all,n_agreeing,3
0.60,114,tv,relative_bias,0.06567638096
0.60,114,tv,covered,1
0.60,114,video,relative_bias,0.827656114
0.60,114,video,covered,0
0.60,114,search,relative_bias,-0.6204191245
0.60,114,search,covered,0
0.60,114,social,relative_bias,0.3218284546
0.60,114,social,covered,0
0.60,114,ooh,relative_bias,1.669677149
0.60,114,ooh,covered,0
0.60,114,all,median_abs_relative_bias,0.6204191245
0.60,114,all,spearman,0.7
0.60,114,all,regret,2.553875154
0.60,114,all,beats_status_quo,0
0.60,114,all,achievable_lift_share,0.0110792079
0.60,114,all,shortfall_from_optimum_share,0.0282949138
0.60,114,all,loss_vs_status_quo_share,0.01721570589
0.60,114,all,n_agreeing,3
0.60,115,tv,relative_bias,0.1890964285
0.60,115,tv,covered,0
0.60,115,video,relative_bias,-0.1730979141
0.60,115,video,covered,0
0.60,115,search,relative_bias,-0.5546823742
0.60,115,search,covered,0
0.60,115,social,relative_bias,-0.7965246169
0.60,115,social,covered,0
0.60,115,ooh,relative_bias,0.8456152674
0.60,115,ooh,covered,0
0.60,115,all,median_abs_relative_bias,0.5546823742
0.60,115,all,spearman,0.9
0.60,115,all,regret,1.439112975
0.60,115,all,beats_status_quo,0
0.60,115,all,achievable_lift_share,0.01125205827
0.60,115,all,shortfall_from_optimum_share,0.01619298305
0.60,115,all,loss_vs_status_quo_share,0.004940924778
0.60,115,all,n_agreeing,3
0.60,116,tv,relative_bias,0.585689555
0.60,116,tv,covered,0
0.60,116,video,relative_bias,-0.2142772729
0.60,116,video,covered,0
0.60,116,search,relative_bias,-0.3000960403
0.60,116,search,covered,0
0.60,116,social,relative_bias,-0.2903543738
0.60,116,social,covered,0
0.60,116,ooh,relative_bias,1.118400025
0.60,116,ooh,covered,1
0.60,116,all,median_abs_relative_bias,0.3000960403
0.60,116,all,spearman,0.9
0.60,116,all,regret,1.387055227
0.60,116,all,beats_status_quo,0
0.60,116,all,achievable_lift_share,0.01176140976
0.60,116,all,shortfall_from_optimum_share,0.01631372488
0.60,116,all,loss_vs_status_quo_share,0.004552315127
0.60,116,all,n_agreeing,3
0.60,117,tv,relative_bias,2.895014246
0.60,117,tv,covered,0
0.60,117,video,relative_bias,-0.5604996099
0.60,117,video,covered,0
0.60,117,search,relative_bias,-0.2535066552
0.60,117,search,covered,0
0.60,117,social,relative_bias,0.07477709752
0.60,117,social,covered,1
0.60,117,ooh,relative_bias,1.053183514
0.60,117,ooh,covered,0
0.60,117,all,median_abs_relative_bias,0.5604996099
0.60,117,all,spearman,0.7
0.60,117,all,regret,2.614189801
0.60,117,all,beats_status_quo,0
0.60,117,all,achievable_lift_share,0.0106507313
0.60,117,all,shortfall_from_optimum_share,0.02784303315
0.60,117,all,loss_vs_status_quo_share,0.01719230184
0.60,117,all,n_agreeing,3
0.60,118,tv,relative_bias,2.223646696
0.60,118,tv,covered,0
0.60,118,video,relative_bias,-0.2142293573
0.60,118,video,covered,0
0.60,118,search,relative_bias,-0.4919372888
0.60,118,search,covered,0
0.60,118,social,relative_bias,0.129147511
0.60,118,social,covered,1
0.60,118,ooh,relative_bias,1.158391071
0.60,118,ooh,covered,1
0.60,118,all,median_abs_relative_bias,0.4919372888
0.60,118,all,spearman,0.7
0.60,118,all,regret,2.456720593
0.60,118,all,beats_status_quo,0
0.60,118,all,achievable_lift_share,0.01072363683
0.60,118,all,shortfall_from_optimum_share,0.02634497943
0.60,118,all,loss_vs_status_quo_share,0.0156213426
0.60,118,all,n_agreeing,3
0.60,119,tv,relative_bias,1.003193229
0.60,119,tv,covered,0
0.60,119,video,relative_bias,0.1770554286
0.60,119,video,covered,1
0.60,119,search,relative_bias,-0.7863238212
0.60,119,search,covered,0
0.60,119,social,relative_bias,-0.1052212875
0.60,119,social,covered,1
0.60,119,ooh,relative_bias,-0.6246054006
0.60,119,ooh,covered,0
0.60,119,all,median_abs_relative_bias,0.6246054006
0.60,119,all,spearman,0.9
0.60,119,all,regret,2.273405813
0.60,119,all,beats_status_quo,0
0.60,119,all,achievable_lift_share,0.01240461984
0.60,119,all,shortfall_from_optimum_share,0.02820073486
0.60,119,all,loss_vs_status_quo_share,0.01579611501
0.60,119,all,n_agreeing,3
0.60,120,tv,relative_bias,-0.09832374444
0.60,120,tv,covered,0
0.60,120,video,relative_bias,1.44556269
0.60,120,video,covered,0
0.60,120,search,relative_bias,-0.06941026636
0.60,120,search,covered,1
0.60,120,social,relative_bias,0.5317853879
0.60,120,social,covered,0
0.60,120,ooh,relative_bias,-0.1750998721
0.60,120,ooh,covered,1
0.60,120,all,median_abs_relative_bias,0.1750998721
0.60,120,all,spearman,0.8
0.60,120,all,regret,0.1139009221
0.60,120,all,beats_status_quo,1
0.60,120,all,achievable_lift_share,0.01179585465
0.60,120,all,shortfall_from_optimum_share,0.001343558722
0.60,120,all,loss_vs_status_quo_share,-0.01045229593
0.60,120,all,n_agreeing,3
0.60,121,tv,relative_bias,0.4969657904
0.60,121,tv,covered,0
0.60,121,video,relative_bias,1.605347905
0.60,121,video,covered,0
0.60,121,search,relative_bias,-0.7213590432
0.60,121,search,covered,0
0.60,121,social,relative_bias,-0.2267441378
0.60,121,social,covered,1
0.60,121,ooh,relative_bias,0.3273126741
0.60,121,ooh,covered,1
0.60,121,all,median_abs_relative_bias,0.4969657904
0.60,121,all,spearman,0.7
0.60,121,all,regret,2.263672302
0.60,121,all,beats_status_quo,0
0.60,121,all,achievable_lift_share,0.01160205614
0.60,121,all,shortfall_from_optimum_share,0.02626325313
0.60,121,all,loss_vs_status_quo_share,0.01466119699
0.60,121,all,n_agreeing,3
0.60,122,tv,relative_bias,1.423550976
0.60,122,tv,covered,0
0.60,122,video,relative_bias,-0.2760480157
0.60,122,video,covered,0
0.60,122,search,relative_bias,-0.3600420371
0.60,122,search,covered,0
0.60,122,social,relative_bias,0.527623844
0.60,122,social,covered,1
0.60,122,ooh,relative_bias,1.215963633
0.60,122,ooh,covered,0
0.60,122,all,median_abs_relative_bias,0.527623844
0.60,122,all,spearman,0.7
0.60,122,all,regret,0.5117638709
0.60,122,all,beats_status_quo,1
0.60,122,all,achievable_lift_share,0.01244414389
0.60,122,all,shortfall_from_optimum_share,0.00636846325
0.60,122,all,loss_vs_status_quo_share,-0.006075680644
0.60,122,all,n_agreeing,3
0.60,123,tv,relative_bias,2.01818052
0.60,123,tv,covered,0
0.60,123,video,relative_bias,0.6612880415
0.60,123,video,covered,0
0.60,123,search,relative_bias,1.573448584
0.60,123,search,covered,0
0.60,123,social,relative_bias,0.02011549662
0.60,123,social,covered,1
0.60,123,ooh,relative_bias,-0.2050761481
0.60,123,ooh,covered,1
0.60,123,all,median_abs_relative_bias,0.6612880415
0.60,123,all,spearman,0.9
0.60,123,all,regret,0.2722978321
0.60,123,all,beats_status_quo,1
0.60,123,all,achievable_lift_share,0.01013800896
0.60,123,all,shortfall_from_optimum_share,0.002760557862
0.60,123,all,loss_vs_status_quo_share,-0.0073774511
0.60,123,all,n_agreeing,3
0.60,124,tv,relative_bias,-0.6261440853
0.60,124,tv,covered,0
0.60,124,video,relative_bias,-0.02078022837
0.60,124,video,covered,1
0.60,124,search,relative_bias,0.7374692659
0.60,124,search,covered,0
0.60,124,social,relative_bias,1.540989747
0.60,124,social,covered,0
0.60,124,ooh,relative_bias,2.082155393
0.60,124,ooh,covered,0
0.60,124,all,median_abs_relative_bias,0.7374692659
0.60,124,all,spearman,0.1
0.60,124,all,regret,6.260645076
0.60,124,all,beats_status_quo,0
0.60,124,all,achievable_lift_share,0.009241116205
0.60,124,all,shortfall_from_optimum_share,0.05785534867
0.60,124,all,loss_vs_status_quo_share,0.04861423246
0.60,124,all,n_agreeing,3
0.60,125,tv,relative_bias,0.5972286123
0.60,125,tv,covered,0
0.60,125,video,relative_bias,-0.5835383758
0.60,125,video,covered,0
0.60,125,search,relative_bias,-0.3690551073
0.60,125,search,covered,0
0.60,125,social,relative_bias,-0.4332037709
0.60,125,social,covered,0
0.60,125,ooh,relative_bias,0.0696807081
0.60,125,ooh,covered,1
0.60,125,all,median_abs_relative_bias,0.4332037709
0.60,125,all,spearman,0.9
0.60,125,all,regret,2.690672162
0.60,125,all,beats_status_quo,0
0.60,125,all,achievable_lift_share,0.01216835384
0.60,125,all,shortfall_from_optimum_share,0.03274105092
0.60,125,all,loss_vs_status_quo_share,0.02057269709
0.60,125,all,n_agreeing,3
0.60,126,tv,relative_bias,0.598451362
0.60,126,tv,covered,0
0.60,126,video,relative_bias,0.3227128021
0.60,126,video,covered,0
0.60,126,search,relative_bias,-0.740463624
0.60,126,search,covered,0
0.60,126,social,relative_bias,-0.1814637694
0.60,126,social,covered,1
0.60,126,ooh,relative_bias,3.276568041
0.60,126,ooh,covered,0
0.60,126,all,median_abs_relative_bias,0.598451362
0.60,126,all,spearman,0.6
0.60,126,all,regret,2.411489277
0.60,126,all,beats_status_quo,0
0.60,126,all,achievable_lift_share,0.01053662063
0.60,126,all,shortfall_from_optimum_share,0.02540894766
0.60,126,all,loss_vs_status_quo_share,0.01487232703
0.60,126,all,n_agreeing,3
0.60,127,tv,relative_bias,0.02100281494
0.60,127,tv,covered,1
0.60,127,video,relative_bias,-0.7354096861
0.60,127,video,covered,0
0.60,127,search,relative_bias,-0.3418727667
0.60,127,search,covered,0
0.60,127,social,relative_bias,-0.451118955
0.60,127,social,covered,1
0.60,127,ooh,relative_bias,0.7966017052
0.60,127,ooh,covered,1
0.60,127,all,median_abs_relative_bias,0.451118955
0.60,127,all,spearman,0.3
0.60,127,all,regret,2.779967019
0.60,127,all,beats_status_quo,0
0.60,127,all,achievable_lift_share,0.01183547693
0.60,127,all,shortfall_from_optimum_share,0.03290223552
0.60,127,all,loss_vs_status_quo_share,0.02106675859
0.60,127,all,n_agreeing,3
0.60,128,tv,relative_bias,0.2405209815
0.60,128,tv,covered,0
0.60,128,video,relative_bias,-0.5639813623
0.60,128,video,covered,0
0.60,128,search,relative_bias,0.2162703266
0.60,128,search,covered,0
0.60,128,social,relative_bias,0.0304232493
0.60,128,social,covered,1
0.60,128,ooh,relative_bias,-0.04057456061
0.60,128,ooh,covered,1
0.60,128,all,median_abs_relative_bias,0.2162703266
0.60,128,all,spearman,0.7
0.60,128,all,regret,2.705810374
0.60,128,all,beats_status_quo,0
0.60,128,all,achievable_lift_share,0.0104858885
0.60,128,all,shortfall_from_optimum_share,0.02837282587
0.60,128,all,loss_vs_status_quo_share,0.01788693738
0.60,128,all,n_agreeing,3
0.60,129,tv,relative_bias,0.7579686176
0.60,129,tv,covered,0
0.60,129,video,relative_bias,0.121321706
0.60,129,video,covered,1
0.60,129,search,relative_bias,-0.2732041947
0.60,129,search,covered,0
0.60,129,social,relative_bias,1.947412821
0.60,129,social,covered,0
0.60,129,ooh,relative_bias,2.27804998
0.60,129,ooh,covered,0
0.60,129,all,median_abs_relative_bias,0.7579686176
0.60,129,all,spearman,0.5
0.60,129,all,regret,1.008468693
0.60,129,all,beats_status_quo,0
0.60,129,all,achievable_lift_share,0.01137932855
0.60,129,all,shortfall_from_optimum_share,0.0114756966
0.60,129,all,loss_vs_status_quo_share,9.636804471e-05
0.60,129,all,n_agreeing,3
0.60,130,tv,relative_bias,0.5996662078
0.60,130,tv,covered,0
0.60,130,video,relative_bias,0.3650177125
0.60,130,video,covered,0
0.60,130,search,relative_bias,-0.5191494246
0.60,130,search,covered,0
0.60,130,social,relative_bias,-0.08411215324
0.60,130,social,covered,1
0.60,130,ooh,relative_bias,2.8064496
0.60,130,ooh,covered,0
0.60,130,all,median_abs_relative_bias,0.5191494246
0.60,130,all,spearman,0.6
0.60,130,all,regret,3.01739319
0.60,130,all,beats_status_quo,0
0.60,130,all,achievable_lift_share,0.009319274531
0.60,130,all,shortfall_from_optimum_share,0.02811991551
0.60,130,all,loss_vs_status_quo_share,0.01880064098
0.60,130,all,n_agreeing,3
0.60,131,tv,relative_bias,1.037580713
0.60,131,tv,covered,0
0.60,131,video,relative_bias,0.510108504
0.60,131,video,covered,0
0.60,131,search,relative_bias,-0.08619052832
0.60,131,search,covered,1
0.60,131,social,relative_bias,-0.8256072804
0.60,131,social,covered,0
0.60,131,ooh,relative_bias,3.800043031
0.60,131,ooh,covered,0
0.60,131,all,median_abs_relative_bias,0.8256072804
0.60,131,all,spearman,0.7
0.60,131,all,regret,1.262880973
0.60,131,all,beats_status_quo,0
0.60,131,all,achievable_lift_share,0.009535166489
0.60,131,all,shortfall_from_optimum_share,0.01204178033
0.60,131,all,loss_vs_status_quo_share,0.002506613843
0.60,131,all,n_agreeing,3
0.60,132,tv,relative_bias,0.1225408274
0.60,132,tv,covered,0
0.60,132,video,relative_bias,-0.7293833852
0.60,132,video,covered,0
0.60,132,search,relative_bias,0.6590594807
0.60,132,search,covered,0
0.60,132,social,relative_bias,-0.4490914277
0.60,132,social,covered,0
0.60,132,ooh,relative_bias,1.668079952
0.60,132,ooh,covered,1
0.60,132,all,median_abs_relative_bias,0.6590594807
0.60,132,all,spearman,0.3
0.60,132,all,regret,4.300856312
0.60,132,all,beats_status_quo,0
0.60,132,all,achievable_lift_share,0.01033024462
0.60,132,all,shortfall_from_optimum_share,0.0444288978
0.60,132,all,loss_vs_status_quo_share,0.03409865317
0.60,132,all,n_agreeing,3
0.60,133,tv,relative_bias,1.603631074
0.60,133,tv,covered,0
0.60,133,video,relative_bias,-0.4678422274
0.60,133,video,covered,0
0.60,133,search,relative_bias,-0.1691750358
0.60,133,search,covered,0
0.60,133,social,relative_bias,-0.2662748333
0.60,133,social,covered,0
0.60,133,ooh,relative_bias,0.1522504446
0.60,133,ooh,covered,1
0.60,133,all,median_abs_relative_bias,0.2662748333
0.60,133,all,spearman,0.9
0.60,133,all,regret,0.7094873286
0.60,133,all,beats_status_quo,1
0.60,133,all,achievable_lift_share,0.01132416859
0.60,133,all,shortfall_from_optimum_share,0.008034354123
0.60,133,all,loss_vs_status_quo_share,-0.003289814469
0.60,133,all,n_agreeing,3
0.60,134,tv,relative_bias,1.165853189
0.60,134,tv,covered,0
0.60,134,video,relative_bias,0.2317371908
0.60,134,video,covered,0
0.60,134,search,relative_bias,-0.7032532381
0.60,134,search,covered,0
0.60,134,social,relative_bias,-0.2946822189
0.60,134,social,covered,0
0.60,134,ooh,relative_bias,-0.1687789652
0.60,134,ooh,covered,1
0.60,134,all,median_abs_relative_bias,0.2946822189
0.60,134,all,spearman,0.9
0.60,134,all,regret,2.053696272
0.60,134,all,beats_status_quo,0
0.60,134,all,achievable_lift_share,0.01189324698
0.60,134,all,shortfall_from_optimum_share,0.02442511698
0.60,134,all,loss_vs_status_quo_share,0.01253187
0.60,134,all,n_agreeing,3
0.60,135,tv,relative_bias,0.02692030506
0.60,135,tv,covered,1
0.60,135,video,relative_bias,0.3800102837
0.60,135,video,covered,0
0.60,135,search,relative_bias,0.1159115267
0.60,135,search,covered,1
0.60,135,social,relative_bias,-0.8341184827
0.60,135,social,covered,0
0.60,135,ooh,relative_bias,2.101197806
0.60,135,ooh,covered,0
0.60,135,all,median_abs_relative_bias,0.3800102837
0.60,135,all,spearman,0.9
0.60,135,all,regret,1.252182701
0.60,135,all,beats_status_quo,0
0.60,135,all,achievable_lift_share,0.01217723125
0.60,135,all,shortfall_from_optimum_share,0.01524811832
0.60,135,all,loss_vs_status_quo_share,0.003070887068
0.60,135,all,n_agreeing,3
0.60,136,tv,relative_bias,-0.3081901035
0.60,136,tv,covered,0
0.60,136,video,relative_bias,0.4420198208
0.60,136,video,covered,0
0.60,136,search,relative_bias,-0.02616375081
0.60,136,search,covered,1
0.60,136,social,relative_bias,-0.2123703386
0.60,136,social,covered,1
0.60,136,ooh,relative_bias,2.804771587
0.60,136,ooh,covered,0
0.60,136,all,median_abs_relative_bias,0.3081901035
0.60,136,all,spearman,0.8
0.60,136,all,regret,0.6283845776
0.60,136,all,beats_status_quo,1
0.60,136,all,achievable_lift_share,0.009941487134
0.60,136,all,shortfall_from_optimum_share,0.006247077194
0.60,136,all,loss_vs_status_quo_share,-0.00369440994
0.60,136,all,n_agreeing,3
0.60,137,tv,relative_bias,-0.3026148853
0.60,137,tv,covered,0
0.60,137,video,relative_bias,-0.3749724226
0.60,137,video,covered,0
0.60,137,search,relative_bias,-0.1001097007
0.60,137,search,covered,1
0.60,137,social,relative_bias,-0.3281614782
0.60,137,social,covered,0
0.60,137,ooh,relative_bias,1.845487504
0.60,137,ooh,covered,0
0.60,137,all,median_abs_relative_bias,0.3281614782
0.60,137,all,spearman,0.8
0.60,137,all,regret,3.29267325
0.60,137,all,beats_status_quo,0
0.60,137,all,achievable_lift_share,0.01188027782
0.60,137,all,shortfall_from_optimum_share,0.03911787297
0.60,137,all,loss_vs_status_quo_share,0.02723759515
0.60,137,all,n_agreeing,3
0.60,138,tv,relative_bias,0.31477114
0.60,138,tv,covered,0
0.60,138,video,relative_bias,0.6987360095
0.60,138,video,covered,0
0.60,138,search,relative_bias,-0.004609274717
0.60,138,search,covered,1
0.60,138,social,relative_bias,-0.697353417
0.60,138,social,covered,0
0.60,138,ooh,relative_bias,0.1922850897
0.60,138,ooh,covered,1
0.60,138,all,median_abs_relative_bias,0.31477114
0.60,138,all,spearman,0.9
0.60,138,all,regret,1.39008232
0.60,138,all,beats_status_quo,0
0.60,138,all,achievable_lift_share,0.009468476434
0.60,138,all,shortfall_from_optimum_share,0.01316196169
0.60,138,all,loss_vs_status_quo_share,0.003693485255
0.60,138,all,n_agreeing,3
0.60,139,tv,relative_bias,1.050992318
0.60,139,tv,covered,0
0.60,139,video,relative_bias,-0.6197288717
0.60,139,video,covered,0
0.60,139,search,relative_bias,-0.501401783
0.60,139,search,covered,0
0.60,139,social,relative_bias,-0.6883655986
0.60,139,social,covered,0
0.60,139,ooh,relative_bias,1.174965388
0.60,139,ooh,covered,0
0.60,139,all,median_abs_relative_bias,0.6883655986
0.60,139,all,spearman,0.5
0.60,139,all,regret,3.534916514
0.60,139,all,beats_status_quo,0
0.60,139,all,achievable_lift_share,0.01078151093
0.60,139,all,shortfall_from_optimum_share,0.03811174102
0.60,139,all,loss_vs_status_quo_share,0.02733023009
0.60,139,all,n_agreeing,3
0.60,140,tv,relative_bias,0.01512130331
0.60,140,tv,covered,1
0.60,140,video,relative_bias,-0.4903588324
0.60,140,video,covered,0
0.60,140,search,relative_bias,-0.4865630509
0.60,140,search,covered,0
0.60,140,social,relative_bias,-0.01829219405
0.60,140,social,covered,1
0.60,140,ooh,relative_bias,0.7989003512
0.60,140,ooh,covered,0
0.60,140,all,median_abs_relative_bias,0.4865630509
0.60,140,all,spearman,0.7
0.60,140,all,regret,0.7114618686
0.60,140,all,beats_status_quo,1
0.60,140,all,achievable_lift_share,0.01124867569
0.60,140,all,shortfall_from_optimum_share,0.008003003824
0.60,140,all,loss_vs_status_quo_share,-0.003245671863
0.60,140,all,n_agreeing,3
0.60,141,tv,relative_bias,0.5433553392
0.60,141,tv,covered,0
0.60,141,video,relative_bias,-0.7006959133
0.60,141,video,covered,0
0.60,141,search,relative_bias,0.1643699852
0.60,141,search,covered,1
0.60,141,social,relative_bias,0.3415294149
0.60,141,social,covered,1
0.60,141,ooh,relative_bias,0.7370413021
0.60,141,ooh,covered,0
0.60,141,all,median_abs_relative_bias,0.5433553392
0.60,141,all,spearman,0.4
0.60,141,all,regret,2.45249452
0.60,141,all,beats_status_quo,0
0.60,141,all,achievable_lift_share,0.01119042018
0.60,141,all,shortfall_from_optimum_share,0.02744444418
0.60,141,all,loss_vs_status_quo_share,0.016254024
0.60,141,all,n_agreeing,3
0.60,142,tv,relative_bias,2.412691903
0.60,142,tv,covered,0
0.60,142,video,relative_bias,-0.03023951632
0.60,142,video,covered,1
0.60,142,search,relative_bias,0.09789313933
0.60,142,search,covered,1
0.60,142,social,relative_bias,0.1965047396
0.60,142,social,covered,1
0.60,142,ooh,relative_bias,1.438550012
0.60,142,ooh,covered,0
0.60,142,all,median_abs_relative_bias,0.1965047396
0.60,142,all,spearman,1
0.60,142,all,regret,0.7388983559
0.60,142,all,beats_status_quo,1
0.60,142,all,achievable_lift_share,0.01113446449
0.60,142,all,shortfall_from_optimum_share,0.008227237503
0.60,142,all,loss_vs_status_quo_share,-0.002907226984
0.60,142,all,n_agreeing,3
0.60,143,tv,relative_bias,-0.1179142468
0.60,143,tv,covered,0
0.60,143,video,relative_bias,0.6370728607
0.60,143,video,covered,0
0.60,143,search,relative_bias,0.4288971907
0.60,143,search,covered,0
0.60,143,social,relative_bias,-0.475843061
0.60,143,social,covered,0
0.60,143,ooh,relative_bias,6.050318087
0.60,143,ooh,covered,0
0.60,143,all,median_abs_relative_bias,0.475843061
0.60,143,all,spearman,0.6
0.60,143,all,regret,1.367657243
0.60,143,all,beats_status_quo,0
0.60,143,all,achievable_lift_share,0.01033205908
0.60,143,all,shortfall_from_optimum_share,0.01413071543
0.60,143,all,loss_vs_status_quo_share,0.003798656354
0.60,143,all,n_agreeing,3
0.60,144,tv,relative_bias,0.06984399837
0.60,144,tv,covered,1
0.60,144,video,relative_bias,1.119664541
0.60,144,video,covered,0
0.60,144,search,relative_bias,0.07135370427
0.60,144,search,covered,1
0.60,144,social,relative_bias,-0.5280826253
0.60,144,social,covered,0
0.60,144,ooh,relative_bias,0.7091881356
0.60,144,ooh,covered,1
0.60,144,all,median_abs_relative_bias,0.5280826253
0.60,144,all,spearman,0.8
0.60,144,all,regret,1.302654165
0.60,144,all,beats_status_quo,0
0.60,144,all,achievable_lift_share,0.01126016033
0.60,144,all,shortfall_from_optimum_share,0.01466809475
0.60,144,all,loss_vs_status_quo_share,0.003407934424
0.60,144,all,n_agreeing,3
0.60,145,tv,relative_bias,2.803252216
0.60,145,tv,covered,0
0.60,145,video,relative_bias,-0.3330897246
0.60,145,video,covered,0
0.60,145,search,relative_bias,0.7999206954
0.60,145,search,covered,0
0.60,145,social,relative_bias,0.8066940073
0.60,145,social,covered,0
0.60,145,ooh,relative_bias,0.2867330856
0.60,145,ooh,covered,1
0.60,145,all,median_abs_relative_bias,0.7999206954
0.60,145,all,spearman,0.7
0.60,145,all,regret,0.3027356555
0.60,145,all,beats_status_quo,1
0.60,145,all,achievable_lift_share,0.01013397571
0.60,145,all,shortfall_from_optimum_share,0.003067915781
0.60,145,all,loss_vs_status_quo_share,-0.007066059933
0.60,145,all,n_agreeing,3
0.60,146,tv,relative_bias,-0.4610434101
0.60,146,tv,covered,0
0.60,146,video,relative_bias,-0.5464529713
0.60,146,video,covered,0
0.60,146,search,relative_bias,-0.6132354795
0.60,146,search,covered,0
0.60,146,social,relative_bias,0.7878035425
0.60,146,social,covered,1
0.60,146,ooh,relative_bias,2.958058816
0.60,146,ooh,covered,0
0.60,146,all,median_abs_relative_bias,0.6132354795
0.60,146,all,spearman,0.2
0.60,146,all,regret,5.670608234
0.60,146,all,beats_status_quo,0
0.60,146,all,achievable_lift_share,0.01039469338
0.60,146,all,shortfall_from_optimum_share,0.05894423387
0.60,146,all,loss_vs_status_quo_share,0.04854954049
0.60,146,all,n_agreeing,3
0.60,147,tv,relative_bias,-0.2979220682
0.60,147,tv,covered,0
0.60,147,video,relative_bias,0.0938620612
0.60,147,video,covered,1
0.60,147,search,relative_bias,-0.3373954994
0.60,147,search,covered,0
0.60,147,social,relative_bias,-0.7068411237
0.60,147,social,covered,0
0.60,147,ooh,relative_bias,4.380145231
0.60,147,ooh,covered,0
0.60,147,all,median_abs_relative_bias,0.3373954994
0.60,147,all,spearman,0.7
0.60,147,all,regret,1.277234106
0.60,147,all,beats_status_quo,0
0.60,147,all,achievable_lift_share,0.01023489408
0.60,147,all,shortfall_from_optimum_share,0.01307235579
0.60,147,all,loss_vs_status_quo_share,0.002837461711
0.60,147,all,n_agreeing,3
0.60,148,tv,relative_bias,0.5007821919
0.60,148,tv,covered,0
0.60,148,video,relative_bias,-0.4674798326
0.60,148,video,covered,0
0.60,148,search,relative_bias,-0.5149204321
0.60,148,search,covered,0
0.60,148,social,relative_bias,1.058969785
0.60,148,social,covered,0
0.60,148,ooh,relative_bias,2.482048393
0.60,148,ooh,covered,0
0.60,148,all,median_abs_relative_bias,0.5149204321
0.60,148,all,spearman,0.2
0.60,148,all,regret,2.796940663
0.60,148,all,beats_status_quo,0
0.60,148,all,achievable_lift_share,0.01036919967
0.60,148,all,shortfall_from_optimum_share,0.02900203619
0.60,148,all,loss_vs_status_quo_share,0.01863283652
0.60,148,all,n_agreeing,3
0.60,149,tv,relative_bias,1.212188238
0.60,149,tv,covered,0
0.60,149,video,relative_bias,-0.2604080253
0.60,149,video,covered,0
0.60,149,search,relative_bias,-0.5108298912
0.60,149,search,covered,0
0.60,149,social,relative_bias,-0.3042607833
0.60,149,social,covered,0
0.60,149,ooh,relative_bias,-0.1061042515
0.60,149,ooh,covered,1
0.60,149,all,median_abs_relative_bias,0.3042607833
0.60,149,all,spearman,1
0.60,149,all,regret,0.03251016503
0.60,149,all,beats_status_quo,1
0.60,149,all,achievable_lift_share,0.01191842632
0.60,149,all,shortfall_from_optimum_share,0.0003874700065
0.60,149,all,loss_vs_status_quo_share,-0.01153095631
0.60,149,all,n_agreeing,3
0.60,150,tv,relative_bias,-0.4127758368
0.60,150,tv,covered,0
0.60,150,video,relative_bias,0.4954138366
0.60,150,video,covered,0
0.60,150,search,relative_bias,-0.7539084467
0.60,150,search,covered,0
0.60,150,social,relative_bias,0.541680014
0.60,150,social,covered,0
0.60,150,ooh,relative_bias,4.902188551
0.60,150,ooh,covered,0
0.60,150,all,median_abs_relative_bias,0.541680014
0.60,150,all,spearman,0.1
0.60,150,all,regret,2.369522874
0.60,150,all,beats_status_quo,0
0.60,150,all,achievable_lift_share,0.01102479648
0.60,150,all,shortfall_from_optimum_share,0.02612350745
0.60,150,all,loss_vs_status_quo_share,0.01509871097
0.60,150,all,n_agreeing,3
0.60,151,tv,relative_bias,-0.5390603846
0.60,151,tv,covered,0
0.60,151,video,relative_bias,1.511655409
0.60,151,video,covered,0
0.60,151,search,relative_bias,0.3980061672
0.60,151,search,covered,0
0.60,151,social,relative_bias,2.063553686
0.60,151,social,covered,0
0.60,151,ooh,relative_bias,2.391776826
0.60,151,ooh,covered,0
0.60,151,all,median_abs_relative_bias,1.511655409
0.60,151,all,spearman,0.3
0.60,151,all,regret,0.607575581
0.60,151,all,beats_status_quo,1
0.60,151,all,achievable_lift_share,0.009950554942
0.60,151,all,shortfall_from_optimum_share,0.0060457142
0.60,151,all,loss_vs_status_quo_share,-0.003904840742
0.60,151,all,n_agreeing,3
0.60,152,tv,relative_bias,0.533482578
0.60,152,tv,covered,0
0.60,152,video,relative_bias,-0.01944886335
0.60,152,video,covered,1
0.60,152,search,relative_bias,0.1004985935
0.60,152,search,covered,1
0.60,152,social,relative_bias,0.09028365959
0.60,152,social,covered,1
0.60,152,ooh,relative_bias,2.257714232
0.60,152,ooh,covered,0
0.60,152,all,median_abs_relative_bias,0.1004985935
0.60,152,all,spearman,0.9
0.60,152,all,regret,0.5559691613
0.60,152,all,beats_status_quo,1
0.60,152,all,achievable_lift_share,0.01195129487
0.60,152,all,shortfall_from_optimum_share,0.006644551383
0.60,152,all,loss_vs_status_quo_share,-0.005306743482
0.60,152,all,n_agreeing,3
0.60,153,tv,relative_bias,-0.481548081
0.60,153,tv,covered,0
0.60,153,video,relative_bias,0.009306039692
0.60,153,video,covered,1
0.60,153,search,relative_bias,0.9942945697
0.60,153,search,covered,0
0.60,153,social,relative_bias,0.1853045187
0.60,153,social,covered,1
0.60,153,ooh,relative_bias,1.520824967
0.60,153,ooh,covered,0
0.60,153,all,median_abs_relative_bias,0.481548081
0.60,153,all,spearman,0.6
0.60,153,all,regret,0.6687534565
0.60,153,all,beats_status_quo,1
0.60,153,all,achievable_lift_share,0.01077569607
0.60,153,all,shortfall_from_optimum_share,0.007206283995
0.60,153,all,loss_vs_status_quo_share,-0.003569412079
0.60,153,all,n_agreeing,3
0.60,154,tv,relative_bias,1.105252087
0.60,154,tv,covered,0
0.60,154,video,relative_bias,0.5376089667
0.60,154,video,covered,0
0.60,154,search,relative_bias,-0.2915540246
0.60,154,search,covered,0
0.60,154,social,relative_bias,-0.2803966523
0.60,154,social,covered,0
0.60,154,ooh,relative_bias,1.005417067
0.60,154,ooh,covered,0
0.60,154,all,median_abs_relative_bias,0.5376089667
0.60,154,all,spearman,1
0.60,154,all,regret,0.5366809612
0.60,154,all,beats_status_quo,1
0.60,154,all,achievable_lift_share,0.01053850132
0.60,154,all,shortfall_from_optimum_share,0.005655813016
0.60,154,all,loss_vs_status_quo_share,-0.004882688301
0.60,154,all,n_agreeing,3
0.60,155,tv,relative_bias,0.1480418002
0.60,155,tv,covered,0
0.60,155,video,relative_bias,0.1574373139
0.60,155,video,covered,1
0.60,155,search,relative_bias,-0.6435387549
0.60,155,search,covered,0
0.60,155,social,relative_bias,-0.2597608326
0.60,155,social,covered,0
0.60,155,ooh,relative_bias,-0.7343687888
0.60,155,ooh,covered,0
0.60,155,all,median_abs_relative_bias,0.2597608326
0.60,155,all,spearman,0.9
0.60,155,all,regret,2.348178922
0.60,155,all,beats_status_quo,0
0.60,155,all,achievable_lift_share,0.01114867551
0.60,155,all,shortfall_from_optimum_share,0.02617908483
0.60,155,all,loss_vs_status_quo_share,0.01503040933
0.60,155,all,n_agreeing,3
0.60,156,tv,relative_bias,0.5120811764
0.60,156,tv,covered,0
0.60,156,video,relative_bias,-0.3672530783
0.60,156,video,covered,0
0.60,156,search,relative_bias,0.5389228535
0.60,156,search,covered,0
0.60,156,social,relative_bias,-0.1775114428
0.60,156,social,covered,1
0.60,156,ooh,relative_bias,1.688630135
0.60,156,ooh,covered,0
0.60,156,all,median_abs_relative_bias,0.5120811764
0.60,156,all,spearman,0.8
0.60,156,all,regret,1.439933311
0.60,156,all,beats_status_quo,0
0.60,156,all,achievable_lift_share,0.009531316075
0.60,156,all,shortfall_from_optimum_share,0.01372445951
0.60,156,all,loss_vs_status_quo_share,0.004193143437
0.60,156,all,n_agreeing,3
0.60,157,tv,relative_bias,0.6753983662
0.60,157,tv,covered,0
0.60,157,video,relative_bias,-0.3220209918
0.60,157,video,covered,0
0.60,157,search,relative_bias,-0.3122513127
0.60,157,search,covered,0
0.60,157,social,relative_bias,-0.6399900319
0.60,157,social,covered,0
0.60,157,ooh,relative_bias,-0.04452124842
0.60,157,ooh,covered,1
0.60,157,all,median_abs_relative_bias,0.3220209918
0.60,157,all,spearman,1
0.60,157,all,regret,1.002573284
0.60,157,all,beats_status_quo,0
0.60,157,all,achievable_lift_share,0.01074813097
0.60,157,all,shortfall_from_optimum_share,0.01077578897
0.60,157,all,loss_vs_status_quo_share,2.765799588e-05
0.60,157,all,n_agreeing,3
0.60,158,tv,relative_bias,-0.4646212639
0.60,158,tv,covered,0
0.60,158,video,relative_bias,0.2726471334
0.60,158,video,covered,0
0.60,158,search,relative_bias,-0.4145411227
0.60,158,search,covered,0
0.60,158,social,relative_bias,-0.6101162681
0.60,158,social,covered,0
0.60,158,ooh,relative_bias,3.710179688
0.60,158,ooh,covered,0
0.60,158,all,median_abs_relative_bias,0.4646212639
0.60,158,all,spearman,0.6
0.60,158,all,regret,1.380117193
0.60,158,all,beats_status_quo,0
0.60,158,all,achievable_lift_share,0.01060606573
0.60,158,all,shortfall_from_optimum_share,0.01463761366
0.60,158,all,loss_vs_status_quo_share,0.004031547932
0.60,158,all,n_agreeing,3
0.60,159,tv,relative_bias,-0.3510106621
0.60,159,tv,covered,0
0.60,159,video,relative_bias,-0.4462369496
0.60,159,video,covered,0
0.60,159,search,relative_bias,-0.3732161013
0.60,159,search,covered,0
0.60,159,social,relative_bias,-0.8800694532
0.60,159,social,covered,0
0.60,159,ooh,relative_bias,0.232771608
0.60,159,ooh,covered,1
0.60,159,all,median_abs_relative_bias,0.3732161013
0.60,159,all,spearman,0.9
0.60,159,all,regret,1.400490791
0.60,159,all,beats_status_quo,0
0.60,159,all,achievable_lift_share,0.0108317116
0.60,159,all,shortfall_from_optimum_share,0.01516971236
0.60,159,all,loss_vs_status_quo_share,0.004338000752
0.60,159,all,n_agreeing,3
0.60,160,tv,relative_bias,-0.3880558895
0.60,160,tv,covered,0
0.60,160,video,relative_bias,0.2884214447
0.60,160,video,covered,0
0.60,160,search,relative_bias,0.01135274378
0.60,160,search,covered,1
0.60,160,social,relative_bias,-0.6549798121
0.60,160,social,covered,0
0.60,160,ooh,relative_bias,-0.1683756023
0.60,160,ooh,covered,1
0.60,160,all,median_abs_relative_bias,0.2884214447
0.60,160,all,spearman,0.9
0.60,160,all,regret,1.196788845
0.60,160,all,beats_status_quo,0
0.60,160,all,achievable_lift_share,0.01233603131
0.60,160,all,shortfall_from_optimum_share,0.01476362466
0.60,160,all,loss_vs_status_quo_share,0.002427593349
0.60,160,all,n_agreeing,3
0.60,161,tv,relative_bias,0.2873653353
0.60,161,tv,covered,0
0.60,161,video,relative_bias,-0.2602034391
0.60,161,video,covered,0
0.60,161,search,relative_bias,-0.09120224214
0.60,161,search,covered,1
0.60,161,social,relative_bias,0.01714978511
0.60,161,social,covered,1
0.60,161,ooh,relative_bias,0.1439347646
0.60,161,ooh,covered,1
0.60,161,all,median_abs_relative_bias,0.1439347646
0.60,161,all,spearman,1
0.60,161,all,regret,1.799802439
0.60,161,all,beats_status_quo,0
0.60,161,all,achievable_lift_share,0.0115236763
0.60,161,all,shortfall_from_optimum_share,0.02074034071
0.60,161,all,loss_vs_status_quo_share,0.009216664414
0.60,161,all,n_agreeing,3
0.60,162,tv,relative_bias,-0.4319183686
0.60,162,tv,covered,0
0.60,162,video,relative_bias,0.5492886597
0.60,162,video,covered,0
0.60,162,search,relative_bias,0.1211382832
0.60,162,search,covered,1
0.60,162,social,relative_bias,-0.5679828975
0.60,162,social,covered,0
0.60,162,ooh,relative_bias,2.662326893
0.60,162,ooh,covered,0
0.60,162,all,median_abs_relative_bias,0.5492886597
0.60,162,all,spearman,0.8
0.60,162,all,regret,1.50950409
0.60,162,all,beats_status_quo,0
0.60,162,all,achievable_lift_share,0.009830038589
0.60,162,all,shortfall_from_optimum_share,0.01483848346
0.60,162,all,loss_vs_status_quo_share,0.005008444869
0.60,162,all,n_agreeing,3
0.60,163,tv,relative_bias,-0.01981349258
0.60,163,tv,covered,1
0.60,163,video,relative_bias,-0.1613486994
0.60,163,video,covered,0
0.60,163,search,relative_bias,0.5275323826
0.60,163,search,covered,0
0.60,163,social,relative_bias,-0.2239183958
0.60,163,social,covered,1
0.60,163,ooh,relative_bias,3.228819717
0.60,163,ooh,covered,0
0.60,163,all,median_abs_relative_bias,0.2239183958
0.60,163,all,spearman,0.8
0.60,163,all,regret,0.5380079642
0.60,163,all,beats_status_quo,1
0.60,163,all,achievable_lift_share,0.009572681197
0.60,163,all,shortfall_from_optimum_share,0.005150178723
0.60,163,all,loss_vs_status_quo_share,-0.004422502474
0.60,163,all,n_agreeing,3
0.60,164,tv,relative_bias,-0.1288826601
0.60,164,tv,covered,0
0.60,164,video,relative_bias,0.3182784308
0.60,164,video,covered,0
0.60,164,search,relative_bias,-0.7142288435
0.60,164,search,covered,0
0.60,164,social,relative_bias,-0.4556056631
0.60,164,social,covered,0
0.60,164,ooh,relative_bias,2.902740381
0.60,164,ooh,covered,0
0.60,164,all,median_abs_relative_bias,0.4556056631
0.60,164,all,spearman,0.6
0.60,164,all,regret,3.467175256
0.60,164,all,beats_status_quo,0
0.60,164,all,achievable_lift_share,0.01051681405
0.60,164,all,shortfall_from_optimum_share,0.03646363745
0.60,164,all,loss_vs_status_quo_share,0.0259468234
0.60,164,all,n_agreeing,3
0.60,165,tv,relative_bias,-0.05574802122
0.60,165,tv,covered,1
0.60,165,video,relative_bias,-0.5856614113
0.60,165,video,covered,0
0.60,165,search,relative_bias,-0.5416355516
0.60,165,search,covered,0
0.60,165,social,relative_bias,0.939611555
0.60,165,social,covered,0
0.60,165,ooh,relative_bias,2.759382593
0.60,165,ooh,covered,0
0.60,165,all,median_abs_relative_bias,0.5856614113
0.60,165,all,spearman,0.2
0.60,165,all,regret,2.456007907
0.60,165,all,beats_status_quo,0
0.60,165,all,achievable_lift_share,0.01113474834
0.60,165,all,shortfall_from_optimum_share,0.02734702998
0.60,165,all,loss_vs_status_quo_share,0.01621228164
0.60,165,all,n_agreeing,3
0.60,166,tv,relative_bias,-0.3316940438
0.60,166,tv,covered,0
0.60,166,video,relative_bias,-0.3195264982
0.60,166,video,covered,0
0.60,166,search,relative_bias,0.2673151294
0.60,166,search,covered,0
0.60,166,social,relative_bias,-0.688872447
0.60,166,social,covered,0
0.60,166,ooh,relative_bias,-0.02317273695
0.60,166,ooh,covered,1
0.60,166,all,median_abs_relative_bias,0.3195264982
0.60,166,all,spearman,0.8
0.60,166,all,regret,0.9152708524
0.60,166,all,beats_status_quo,1
0.60,166,all,achievable_lift_share,0.01107734857
0.60,166,all,shortfall_from_optimum_share,0.01013877427
0.60,166,all,loss_vs_status_quo_share,-0.0009385743026
0.60,166,all,n_agreeing,3
0.60,167,tv,relative_bias,-0.2906599213
0.60,167,tv,covered,0
0.60,167,video,relative_bias,0.1867916629
0.60,167,video,covered,0
0.60,167,search,relative_bias,-0.2056834565
0.60,167,search,covered,0
0.60,167,social,relative_bias,-0.7068143304
0.60,167,social,covered,0
0.60,167,ooh,relative_bias,-0.1058840363
0.60,167,ooh,covered,1
0.60,167,all,median_abs_relative_bias,0.2056834565
0.60,167,all,spearman,0.9
0.60,167,all,regret,1.352700785
0.60,167,all,beats_status_quo,0
0.60,167,all,achievable_lift_share,0.01008320061
0.60,167,all,shortfall_from_optimum_share,0.01363955337
0.60,167,all,loss_vs_status_quo_share,0.003556352767
0.60,167,all,n_agreeing,3
0.60,168,tv,relative_bias,0.8214370318
0.60,168,tv,covered,0
0.60,168,video,relative_bias,-0.7723953523
0.60,168,video,covered,0
0.60,168,search,relative_bias,-0.1627080414
0.60,168,search,covered,1
0.60,168,social,relative_bias,0.8225564346
0.60,168,social,covered,0
0.60,168,ooh,relative_bias,1.357090772
0.60,168,ooh,covered,0
0.60,168,all,median_abs_relative_bias,0.8214370318
0.60,168,all,spearman,0.3
0.60,168,all,regret,2.12589422
0.60,168,all,beats_status_quo,0
0.60,168,all,achievable_lift_share,0.01221320898
0.60,168,all,shortfall_from_optimum_share,0.02596399038
0.60,168,all,loss_vs_status_quo_share,0.0137507814
0.60,168,all,n_agreeing,3
0.60,169,tv,relative_bias,0.4988525779
0.60,169,tv,covered,0
0.60,169,video,relative_bias,-0.5191640202
0.60,169,video,covered,0
0.60,169,search,relative_bias,0.3728254383
0.60,169,search,covered,1
0.60,169,social,relative_bias,-0.3588316862
0.60,169,social,covered,0
0.60,169,ooh,relative_bias,2.273684534
0.60,169,ooh,covered,1
0.60,169,all,median_abs_relative_bias,0.4988525779
0.60,169,all,spearman,0.5
0.60,169,all,regret,0.7783292707
0.60,169,all,beats_status_quo,1
0.60,169,all,achievable_lift_share,0.009861569591
0.60,169,all,shortfall_from_optimum_share,0.007675548267
0.60,169,all,loss_vs_status_quo_share,-0.002186021324
0.60,169,all,n_agreeing,3
0.60,170,tv,relative_bias,2.08864866
0.60,170,tv,covered,0
0.60,170,video,relative_bias,-0.3385007855
0.60,170,video,covered,0
0.60,170,search,relative_bias,-0.4024769047
0.60,170,search,covered,0
0.60,170,social,relative_bias,-0.5759188092
0.60,170,social,covered,0
0.60,170,ooh,relative_bias,6.186811122
0.60,170,ooh,covered,0
0.60,170,all,median_abs_relative_bias,0.5759188092
0.60,170,all,spearman,0.4
0.60,170,all,regret,1.127568129
0.60,170,all,beats_status_quo,0
0.60,170,all,achievable_lift_share,0.01204705611
0.60,170,all,shortfall_from_optimum_share,0.01358387652
0.60,170,all,loss_vs_status_quo_share,0.001536820412
0.60,170,all,n_agreeing,3
0.60,171,tv,relative_bias,2.503483223
0.60,171,tv,covered,0
0.60,171,video,relative_bias,-0.6888644518
0.60,171,video,covered,0
0.60,171,search,relative_bias,-0.6017904955
0.60,171,search,covered,0
0.60,171,social,relative_bias,2.589909674
0.60,171,social,covered,0
0.60,171,ooh,relative_bias,1.774323136
0.60,171,ooh,covered,0
0.60,171,all,median_abs_relative_bias,1.774323136
0.60,171,all,spearman,0.1
0.60,171,all,regret,2.933734773
0.60,171,all,beats_status_quo,0
0.60,171,all,achievable_lift_share,0.01081954595
0.60,171,all,shortfall_from_optimum_share,0.03174167817
0.60,171,all,loss_vs_status_quo_share,0.02092213222
0.60,171,all,n_agreeing,3
0.60,172,tv,relative_bias,0.4461111671
0.60,172,tv,covered,0
0.60,172,video,relative_bias,-0.2433643788
0.60,172,video,covered,0
0.60,172,search,relative_bias,-0.478797574
0.60,172,search,covered,0
0.60,172,social,relative_bias,0.9697167516
0.60,172,social,covered,0
0.60,172,ooh,relative_bias,0.119778722
0.60,172,ooh,covered,1
0.60,172,all,median_abs_relative_bias,0.4461111671
0.60,172,all,spearman,0.7
0.60,172,all,regret,0.8704620299
0.60,172,all,beats_status_quo,1
0.60,172,all,achievable_lift_share,0.01083125415
0.60,172,all,shortfall_from_optimum_share,0.009428195471
0.60,172,all,loss_vs_status_quo_share,-0.001403058675
0.60,172,all,n_agreeing,3
0.60,173,tv,relative_bias,0.1960126906
0.60,173,tv,covered,0
0.60,173,video,relative_bias,1.167461567
0.60,173,video,covered,0
0.60,173,search,relative_bias,0.5345479095
0.60,173,search,covered,0
0.60,173,social,relative_bias,0.2146170308
0.60,173,social,covered,1
0.60,173,ooh,relative_bias,1.549662649
0.60,173,ooh,covered,0
0.60,173,all,median_abs_relative_bias,0.5345479095
0.60,173,all,spearman,0.9
0.60,173,all,regret,0.4679619272
0.60,173,all,beats_status_quo,1
0.60,173,all,achievable_lift_share,0.01216160714
0.60,173,all,shortfall_from_optimum_share,0.005691169114
0.60,173,all,loss_vs_status_quo_share,-0.006470438023
0.60,173,all,n_agreeing,3
0.60,174,tv,relative_bias,-0.302444418
0.60,174,tv,covered,0
0.60,174,video,relative_bias,-0.3374966926
0.60,174,video,covered,0
0.60,174,search,relative_bias,-0.1066073251
0.60,174,search,covered,1
0.60,174,social,relative_bias,-0.708193148
0.60,174,social,covered,0
0.60,174,ooh,relative_bias,1.954007592
0.60,174,ooh,covered,1
0.60,174,all,median_abs_relative_bias,0.3374966926
0.60,174,all,spearman,0.8
0.60,174,all,regret,1.90659267
0.60,174,all,beats_status_quo,0
0.60,174,all,achievable_lift_share,0.01000986631
0.60,174,all,shortfall_from_optimum_share,0.01908473774
0.60,174,all,loss_vs_status_quo_share,0.009074871425
0.60,174,all,n_agreeing,3
0.60,175,tv,relative_bias,2.907375093
0.60,175,tv,covered,0
0.60,175,video,relative_bias,0.1118038438
0.60,175,video,covered,1
0.60,175,search,relative_bias,-0.03017802082
0.60,175,search,covered,1
0.60,175,social,relative_bias,2.41870792
0.60,175,social,covered,0
0.60,175,ooh,relative_bias,-1
0.60,175,ooh,covered,1
0.60,175,all,median_abs_relative_bias,1
0.60,175,all,spearman,0.7
0.60,175,all,regret,0.1069362069
0.60,175,all,beats_status_quo,1
0.60,175,all,achievable_lift_share,0.01205328281
0.60,175,all,shortfall_from_optimum_share,0.001288932345
0.60,175,all,loss_vs_status_quo_share,-0.01076435047
0.60,175,all,n_agreeing,3
0.60,176,tv,relative_bias,0.02225189434
0.60,176,tv,covered,1
0.60,176,video,relative_bias,-0.4952454863
0.60,176,video,covered,0
0.60,176,search,relative_bias,-0.09313034545
0.60,176,search,covered,1
0.60,176,social,relative_bias,0.3359589748
0.60,176,social,covered,1
0.60,176,ooh,relative_bias,-0.3763312059
0.60,176,ooh,covered,0
0.60,176,all,median_abs_relative_bias,0.3359589748
0.60,176,all,spearman,0.6
0.60,176,all,regret,2.34032206
0.60,176,all,beats_status_quo,0
0.60,176,all,achievable_lift_share,0.0112538899
0.60,176,all,shortfall_from_optimum_share,0.02633772681
0.60,176,all,loss_vs_status_quo_share,0.0150838369
0.60,176,all,n_agreeing,3
0.60,177,tv,relative_bias,-0.6019064549
0.60,177,tv,covered,0
0.60,177,video,relative_bias,0.2669293258
0.60,177,video,covered,0
0.60,177,search,relative_bias,-0.231850618
0.60,177,search,covered,0
0.60,177,social,relative_bias,2.992609429
0.60,177,social,covered,0
0.60,177,ooh,relative_bias,2.574039434
0.60,177,ooh,covered,0
0.60,177,all,median_abs_relative_bias,0.6019064549
0.60,177,all,spearman,0.1
0.60,177,all,regret,6.162929506
0.60,177,all,beats_status_quo,0
0.60,177,all,achievable_lift_share,0.01089334899
0.60,177,all,shortfall_from_optimum_share,0.06713494195
0.60,177,all,loss_vs_status_quo_share,0.05624159295
0.60,177,all,n_agreeing,3
0.60,178,tv,relative_bias,0.5855647136
0.60,178,tv,covered,0
0.60,178,video,relative_bias,-0.5305070863
0.60,178,video,covered,0
0.60,178,search,relative_bias,0.6585272926
0.60,178,search,covered,0
0.60,178,social,relative_bias,-0.06573920974
0.60,178,social,covered,1
0.60,178,ooh,relative_bias,0.4387390187
0.60,178,ooh,covered,0
0.60,178,all,median_abs_relative_bias,0.5305070863
0.60,178,all,spearman,0.7
0.60,178,all,regret,2.451779503
0.60,178,all,beats_status_quo,0
0.60,178,all,achievable_lift_share,0.01135875902
0.60,178,all,shortfall_from_optimum_share,0.02784917255
0.60,178,all,loss_vs_status_quo_share,0.01649041353
0.60,178,all,n_agreeing,3
0.60,179,tv,relative_bias,-0.1258188962
0.60,179,tv,covered,0
0.60,179,video,relative_bias,0.3915865927
0.60,179,video,covered,0
0.60,179,search,relative_bias,-0.3388268571
0.60,179,search,covered,0
0.60,179,social,relative_bias,-0.7456279722
0.60,179,social,covered,0
0.60,179,ooh,relative_bias,4.924837946
0.60,179,ooh,covered,0
0.60,179,all,median_abs_relative_bias,0.3915865927
0.60,179,all,spearman,0.7
0.60,179,all,regret,1.637208106
0.60,179,all,beats_status_quo,0
0.60,179,all,achievable_lift_share,0.009754560272
0.60,179,all,shortfall_from_optimum_share,0.01597024515
0.60,179,all,loss_vs_status_quo_share,0.006215684879
0.60,179,all,n_agreeing,3
0.60,180,tv,relative_bias,0.2549223101
0.60,180,tv,covered,0
0.60,180,video,relative_bias,-0.07463787724
0.60,180,video,covered,1
0.60,180,search,relative_bias,-0.6094491402
0.60,180,search,covered,0
0.60,180,social,relative_bias,2.738267436
0.60,180,social,covered,0
0.60,180,ooh,relative_bias,2.380100277
0.60,180,ooh,covered,0
0.60,180,all,median_abs_relative_bias,0.6094491402
0.60,180,all,spearman,0.5
0.60,180,all,regret,3.156073274
0.60,180,all,beats_status_quo,0
0.60,180,all,achievable_lift_share,0.01127646098
0.60,180,all,shortfall_from_optimum_share,0.03558933712
0.60,180,all,loss_vs_status_quo_share,0.02431287614
0.60,180,all,n_agreeing,3
0.60,181,tv,relative_bias,0.1292189849
0.60,181,tv,covered,0
0.60,181,video,relative_bias,-0.4379965049
0.60,181,video,covered,0
0.60,181,search,relative_bias,0.8809736757
0.60,181,search,covered,0
0.60,181,social,relative_bias,0.05684391009
0.60,181,social,covered,1
0.60,181,ooh,relative_bias,-0.3297246673
0.60,181,ooh,covered,0
0.60,181,all,median_abs_relative_bias,0.3297246673
0.60,181,all,spearman,0.7
0.60,181,all,regret,0.4123094965
0.60,181,all,beats_status_quo,1
0.60,181,all,achievable_lift_share,0.008588002273
0.60,181,all,shortfall_from_optimum_share,0.003540914893
0.60,181,all,loss_vs_status_quo_share,-0.00504708738
0.60,181,all,n_agreeing,3
0.60,182,tv,relative_bias,0.1028408659
0.60,182,tv,covered,0
0.60,182,video,relative_bias,-0.3975595422
0.60,182,video,covered,0
0.60,182,search,relative_bias,-0.7409840117
0.60,182,search,covered,0
0.60,182,social,relative_bias,1.943097717
0.60,182,social,covered,0
0.60,182,ooh,relative_bias,-0.2477404469
0.60,182,ooh,covered,0
0.60,182,all,median_abs_relative_bias,0.3975595422
0.60,182,all,spearman,0.7
0.60,182,all,regret,2.222779749
0.60,182,all,beats_status_quo,0
0.60,182,all,achievable_lift_share,0.01101591001
0.60,182,all,shortfall_from_optimum_share,0.02448594168
0.60,182,all,loss_vs_status_quo_share,0.01347003168
0.60,182,all,n_agreeing,3
0.60,183,tv,relative_bias,1.553958562
0.60,183,tv,covered,0
0.60,183,video,relative_bias,-0.6442554282
0.60,183,video,covered,0
0.60,183,search,relative_bias,-0.240393482
0.60,183,search,covered,0
0.60,183,social,relative_bias,-0.3922973468
0.60,183,social,covered,0
0.60,183,ooh,relative_bias,1.400465787
0.60,183,ooh,covered,1
0.60,183,all,median_abs_relative_bias,0.6442554282
0.60,183,all,spearman,0.5
0.60,183,all,regret,2.621087856
0.60,183,all,beats_status_quo,0
0.60,183,all,achievable_lift_share,0.01080841849
0.60,183,all,shortfall_from_optimum_share,0.02832981444
0.60,183,all,loss_vs_status_quo_share,0.01752139595
0.60,183,all,n_agreeing,3
0.60,184,tv,relative_bias,1.168792423
0.60,184,tv,covered,0
0.60,184,video,relative_bias,-0.5705955799
0.60,184,video,covered,0
0.60,184,search,relative_bias,0.4919121222
0.60,184,search,covered,0
0.60,184,social,relative_bias,4.305141146
0.60,184,social,covered,0
0.60,184,ooh,relative_bias,2.33290315
0.60,184,ooh,covered,0
0.60,184,all,median_abs_relative_bias,1.168792423
0.60,184,all,spearman,0.3
0.60,184,all,regret,3.841894671
0.60,184,all,beats_status_quo,0
0.60,184,all,achievable_lift_share,0.008313742679
0.60,184,all,shortfall_from_optimum_share,0.0319405237
0.60,184,all,loss_vs_status_quo_share,0.02362678102
0.60,184,all,n_agreeing,3
0.60,185,tv,relative_bias,-0.2045518569
0.60,185,tv,covered,0
0.60,185,video,relative_bias,-0.3089746798
0.60,185,video,covered,0
0.60,185,search,relative_bias,-0.4422960029
0.60,185,search,covered,0
0.60,185,social,relative_bias,0.4299655698
0.60,185,social,covered,1
0.60,185,ooh,relative_bias,0.9477910341
0.60,185,ooh,covered,1
0.60,185,all,median_abs_relative_bias,0.4299655698
0.60,185,all,spearman,0.7
0.60,185,all,regret,0.9024643572
0.60,185,all,beats_status_quo,1
0.60,185,all,achievable_lift_share,0.01097844665
0.60,185,all,shortfall_from_optimum_share,0.009907656799
0.60,185,all,loss_vs_status_quo_share,-0.00107078985
0.60,185,all,n_agreeing,3
0.60,186,tv,relative_bias,0.3376817783
0.60,186,tv,covered,0
0.60,186,video,relative_bias,-0.3294255561
0.60,186,video,covered,0
0.60,186,search,relative_bias,-0.5509142126
0.60,186,search,covered,0
0.60,186,social,relative_bias,0.199346677
0.60,186,social,covered,1
0.60,186,ooh,relative_bias,3.717681357
0.60,186,ooh,covered,0
0.60,186,all,median_abs_relative_bias,0.3376817783
0.60,186,all,spearman,0.3
0.60,186,all,regret,2.865854271
0.60,186,all,beats_status_quo,0
0.60,186,all,achievable_lift_share,0.008858709212
0.60,186,all,shortfall_from_optimum_share,0.02538776963
0.60,186,all,loss_vs_status_quo_share,0.01652906042
0.60,186,all,n_agreeing,3
0.60,187,tv,relative_bias,-0.162990602
0.60,187,tv,covered,0
0.60,187,video,relative_bias,0.1383844979
0.60,187,video,covered,1
0.60,187,search,relative_bias,0.7183408008
0.60,187,search,covered,0
0.60,187,social,relative_bias,0.8881872783
0.60,187,social,covered,0
0.60,187,ooh,relative_bias,2.174780637
0.60,187,ooh,covered,0
0.60,187,all,median_abs_relative_bias,0.7183408008
0.60,187,all,spearman,0.9
0.60,187,all,regret,0.6611130238
0.60,187,all,beats_status_quo,1
0.60,187,all,achievable_lift_share,0.01248455045
0.60,187,all,shortfall_from_optimum_share,0.008253698901
0.60,187,all,loss_vs_status_quo_share,-0.004230851552
0.60,187,all,n_agreeing,3
0.60,188,tv,relative_bias,2.567111742
0.60,188,tv,covered,0
0.60,188,video,relative_bias,0.03992948619
0.60,188,video,covered,1
0.60,188,search,relative_bias,-0.1368430637
0.60,188,search,covered,1
0.60,188,social,relative_bias,-0.1917415824
0.60,188,social,covered,1
0.60,188,ooh,relative_bias,2.61252066
0.60,188,ooh,covered,0
0.60,188,all,median_abs_relative_bias,0.1917415824
0.60,188,all,spearman,0.9
0.60,188,all,regret,0.6044499988
0.60,188,all,beats_status_quo,1
0.60,188,all,achievable_lift_share,0.01119211927
0.60,188,all,shortfall_from_optimum_share,0.006765076479
0.60,188,all,loss_vs_status_quo_share,-0.004427042791
0.60,188,all,n_agreeing,3
0.60,189,tv,relative_bias,-0.143194411
0.60,189,tv,covered,0
0.60,189,video,relative_bias,-0.5329399069
0.60,189,video,covered,0
0.60,189,search,relative_bias,0.2969472568
0.60,189,search,covered,0
0.60,189,social,relative_bias,-0.6722532318
0.60,189,social,covered,0
0.60,189,ooh,relative_bias,-0.7381806641
0.60,189,ooh,covered,0
0.60,189,all,median_abs_relative_bias,0.5329399069
0.60,189,all,spearman,0.9
0.60,189,all,regret,4.349050986
0.60,189,all,beats_status_quo,0
0.60,189,all,achievable_lift_share,0.01035087118
0.60,189,all,shortfall_from_optimum_share,0.04501646649
0.60,189,all,loss_vs_status_quo_share,0.03466559532
0.60,189,all,n_agreeing,3
0.60,190,tv,relative_bias,0.8176969511
0.60,190,tv,covered,0
0.60,190,video,relative_bias,-0.2795373017
0.60,190,video,covered,0
0.60,190,search,relative_bias,-0.1110783983
0.60,190,search,covered,1
0.60,190,social,relative_bias,-0.8751898031
0.60,190,social,covered,0
0.60,190,ooh,relative_bias,7.191247914
0.60,190,ooh,covered,0
0.60,190,all,median_abs_relative_bias,0.8176969511
0.60,190,all,spearman,0.3
0.60,190,all,regret,1.264060092
0.60,190,all,beats_status_quo,0
0.60,190,all,achievable_lift_share,0.00982352131
0.60,190,all,shortfall_from_optimum_share,0.01241752125
0.60,190,all,loss_vs_status_quo_share,0.002593999936
0.60,190,all,n_agreeing,3
0.60,191,tv,relative_bias,-0.1154870146
0.60,191,tv,covered,0
0.60,191,video,relative_bias,-0.0562716105
0.60,191,video,covered,1
0.60,191,search,relative_bias,0.6434233907
0.60,191,search,covered,0
0.60,191,social,relative_bias,0.7842595049
0.60,191,social,covered,1
0.60,191,ooh,relative_bias,0.9298485197
0.60,191,ooh,covered,1
0.60,191,all,median_abs_relative_bias,0.6434233907
0.60,191,all,spearman,0.7
0.60,191,all,regret,0.724021946
0.60,191,all,beats_status_quo,1
0.60,191,all,achievable_lift_share,0.01169864561
0.60,191,all,shortfall_from_optimum_share,0.008470076158
0.60,191,all,loss_vs_status_quo_share,-0.003228569449
0.60,191,all,n_agreeing,3
0.60,192,tv,relative_bias,0.01153556272
0.60,192,tv,covered,1
0.60,192,video,relative_bias,0.7317648695
0.60,192,video,covered,0
0.60,192,search,relative_bias,-0.09117116044
0.60,192,search,covered,1
0.60,192,social,relative_bias,1.194867324
0.60,192,social,covered,0
0.60,192,ooh,relative_bias,-0.06082417901
0.60,192,ooh,covered,1
0.60,192,all,median_abs_relative_bias,0.09117116044
0.60,192,all,spearman,0.9
0.60,192,all,regret,0.2073583368
0.60,192,all,beats_status_quo,1
0.60,192,all,achievable_lift_share,0.009385037432
0.60,192,all,shortfall_from_optimum_share,0.001946065753
0.60,192,all,loss_vs_status_quo_share,-0.007438971679
0.60,192,all,n_agreeing,3
0.60,193,tv,relative_bias,-0.274311104
0.60,193,tv,covered,0
0.60,193,video,relative_bias,-0.7737064059
0.60,193,video,covered,0
0.60,193,search,relative_bias,-0.3886286457
0.60,193,search,covered,0
0.60,193,social,relative_bias,-0.7191201089
0.60,193,social,covered,0
0.60,193,ooh,relative_bias,1.870971755
0.60,193,ooh,covered,0
0.60,193,all,median_abs_relative_bias,0.7191201089
0.60,193,all,spearman,0.3
0.60,193,all,regret,4.043213856
0.60,193,all,beats_status_quo,0
0.60,193,all,achievable_lift_share,0.009845742882
0.60,193,all,shortfall_from_optimum_share,0.03980844405
0.60,193,all,loss_vs_status_quo_share,0.02996270116
0.60,193,all,n_agreeing,3
0.60,194,tv,relative_bias,-0.2130977812
0.60,194,tv,covered,0
0.60,194,video,relative_bias,0.6044025244
0.60,194,video,covered,0
0.60,194,search,relative_bias,1.012254715
0.60,194,search,covered,0
0.60,194,social,relative_bias,-0.4531898127
0.60,194,social,covered,0
0.60,194,ooh,relative_bias,0.3410977859
0.60,194,ooh,covered,1
0.60,194,all,median_abs_relative_bias,0.4531898127
0.60,194,all,spearman,0.6
0.60,194,all,regret,1.253244684
0.60,194,all,beats_status_quo,0
0.60,194,all,achievable_lift_share,0.01170661407
0.60,194,all,shortfall_from_optimum_share,0.01467125185
0.60,194,all,loss_vs_status_quo_share,0.002964637785
0.60,194,all,n_agreeing,3
0.60,195,tv,relative_bias,0.3471818806
0.60,195,tv,covered,0
0.60,195,video,relative_bias,-0.7308038373
0.60,195,video,covered,0
0.60,195,search,relative_bias,-0.09643051897
0.60,195,search,covered,1
0.60,195,social,relative_bias,-0.4197787521
0.60,195,social,covered,0
0.60,195,ooh,relative_bias,1.741105028
0.60,195,ooh,covered,0
0.60,195,all,median_abs_relative_bias,0.4197787521
0.60,195,all,spearman,0.3
0.60,195,all,regret,2.581015086
0.60,195,all,beats_status_quo,0
0.60,195,all,achievable_lift_share,0.01168471224
0.60,195,all,shortfall_from_optimum_share,0.03015841856
0.60,195,all,loss_vs_status_quo_share,0.01847370632
0.60,195,all,n_agreeing,3
0.60,196,tv,relative_bias,0.4423976618
0.60,196,tv,covered,0
0.60,196,video,relative_bias,0.9677553465
0.60,196,video,covered,0
0.60,196,search,relative_bias,0.2458520769
0.60,196,search,covered,1
0.60,196,social,relative_bias,-0.1410307296
0.60,196,social,covered,1
0.60,196,ooh,relative_bias,0.2221394547
0.60,196,ooh,covered,1
0.60,196,all,median_abs_relative_bias,0.2458520769
0.60,196,all,spearman,1
0.60,196,all,regret,0.04286452293
0.60,196,all,beats_status_quo,1
0.60,196,all,achievable_lift_share,0.01046759488
0.60,196,all,shortfall_from_optimum_share,0.0004486884608
0.60,196,all,loss_vs_status_quo_share,-0.01001890642
0.60,196,all,n_agreeing,3
0.60,197,tv,relative_bias,0.8663577158
0.60,197,tv,covered,0
0.60,197,video,relative_bias,-0.3118728847
0.60,197,video,covered,0
0.60,197,search,relative_bias,-0.5103485196
0.60,197,search,covered,0
0.60,197,social,relative_bias,-0.4840512879
0.60,197,social,covered,0
0.60,197,ooh,relative_bias,-0.170747698
0.60,197,ooh,covered,1
0.60,197,all,median_abs_relative_bias,0.4840512879
0.60,197,all,spearman,1
0.60,197,all,regret,1.140121881
0.60,197,all,beats_status_quo,0
0.60,197,all,achievable_lift_share,0.01019158842
0.60,197,all,shortfall_from_optimum_share,0.01161965297
0.60,197,all,loss_vs_status_quo_share,0.001428064543
0.60,197,all,n_agreeing,3
0.60,198,tv,relative_bias,0.2826330523
0.60,198,tv,covered,0
0.60,198,video,relative_bias,0.1520043275
0.60,198,video,covered,1
0.60,198,search,relative_bias,-0.738962296
0.60,198,search,covered,0
0.60,198,social,relative_bias,-0.07207851605
0.60,198,social,covered,1
0.60,198,ooh,relative_bias,-0.5953193305
0.60,198,ooh,covered,0
0.60,198,all,median_abs_relative_bias,0.2826330523
0.60,198,all,spearman,0.9
0.60,198,all,regret,2.067179112
0.60,198,all,beats_status_quo,0
0.60,198,all,achievable_lift_share,0.01212983823
0.60,198,all,shortfall_from_optimum_share,0.02507454821
0.60,198,all,loss_vs_status_quo_share,0.01294470999
0.60,198,all,n_agreeing,3
0.60,199,tv,relative_bias,0.214747462
0.60,199,tv,covered,0
0.60,199,video,relative_bias,0.09161632284
0.60,199,video,covered,1
0.60,199,search,relative_bias,0.434643362
0.60,199,search,covered,0
0.60,199,social,relative_bias,-0.2096328259
0.60,199,social,covered,1
0.60,199,ooh,relative_bias,1.95089734
0.60,199,ooh,covered,0
0.60,199,all,median_abs_relative_bias,0.214747462
0.60,199,all,spearman,0.8
0.60,199,all,regret,0.8347172175
0.60,199,all,beats_status_quo,1
0.60,199,all,achievable_lift_share,0.0125951967
0.60,199,all,shortfall_from_optimum_share,0.01051342754
0.60,199,all,loss_vs_status_quo_share,-0.002081769156
0.60,199,all,n_agreeing,3
1.00,0,tv,relative_bias,3.372109004
1.00,0,tv,covered,0
1.00,0,video,relative_bias,-0.2725058092
1.00,0,video,covered,0
1.00,0,search,relative_bias,0.7292534381
1.00,0,search,covered,0
1.00,0,social,relative_bias,-0.3583668667
1.00,0,social,covered,0
1.00,0,ooh,relative_bias,1.987959904
1.00,0,ooh,covered,0
1.00,0,all,median_abs_relative_bias,0.7292534381
1.00,0,all,spearman,0.8
1.00,0,all,regret,1.413056294
1.00,0,all,beats_status_quo,0
1.00,0,all,achievable_lift_share,0.008055690931
1.00,0,all,shortfall_from_optimum_share,0.01138314477
1.00,0,all,loss_vs_status_quo_share,0.003327453838
1.00,0,all,n_agreeing,3
1.00,1,tv,relative_bias,2.516775586
1.00,1,tv,covered,0
1.00,1,video,relative_bias,-0.6662204866
1.00,1,video,covered,0
1.00,1,search,relative_bias,-0.2945527881
1.00,1,search,covered,0
1.00,1,social,relative_bias,-0.32710397
1.00,1,social,covered,0
1.00,1,ooh,relative_bias,0.5407389759
1.00,1,ooh,covered,0
1.00,1,all,median_abs_relative_bias,0.5407389759
1.00,1,all,spearman,0.7
1.00,1,all,regret,2.497729673
1.00,1,all,beats_status_quo,0
1.00,1,all,achievable_lift_share,0.0103416347
1.00,1,all,shortfall_from_optimum_share,0.02583060786
1.00,1,all,loss_vs_status_quo_share,0.01548897316
1.00,1,all,n_agreeing,3
1.00,2,tv,relative_bias,-0.2592114388
1.00,2,tv,covered,0
1.00,2,video,relative_bias,-0.04558435477
1.00,2,video,covered,1
1.00,2,search,relative_bias,-0.003102139346
1.00,2,search,covered,1
1.00,2,social,relative_bias,-0.6331228355
1.00,2,social,covered,0
1.00,2,ooh,relative_bias,1.693234079
1.00,2,ooh,covered,0
1.00,2,all,median_abs_relative_bias,0.2592114388
1.00,2,all,spearman,0.9
1.00,2,all,regret,1.754575599
1.00,2,all,beats_status_quo,0
1.00,2,all,achievable_lift_share,0.007688094318
1.00,2,all,shortfall_from_optimum_share,0.01348934269
1.00,2,all,loss_vs_status_quo_share,0.005801248374
1.00,2,all,n_agreeing,3
1.00,3,tv,relative_bias,-0.1399722027
1.00,3,tv,covered,0
1.00,3,video,relative_bias,-0.4105929234
1.00,3,video,covered,0
1.00,3,search,relative_bias,-0.3540197768
1.00,3,search,covered,0
1.00,3,social,relative_bias,-0.3648334524
1.00,3,social,covered,0
1.00,3,ooh,relative_bias,1.323300939
1.00,3,ooh,covered,0
1.00,3,all,median_abs_relative_bias,0.3648334524
1.00,3,all,spearman,0.9
1.00,3,all,regret,0.7521812824
1.00,3,all,beats_status_quo,1
1.00,3,all,achievable_lift_share,0.01067935324
1.00,3,all,shortfall_from_optimum_share,0.008032809617
1.00,3,all,loss_vs_status_quo_share,-0.002646543626
1.00,3,all,n_agreeing,3
1.00,4,tv,relative_bias,0.928392453
1.00,4,tv,covered,0
1.00,4,video,relative_bias,-0.5297126028
1.00,4,video,covered,0
1.00,4,search,relative_bias,-0.5601724129
1.00,4,search,covered,0
1.00,4,social,relative_bias,-0.2507079444
1.00,4,social,covered,0
1.00,4,ooh,relative_bias,2.16082746
1.00,4,ooh,covered,0
1.00,4,all,median_abs_relative_bias,0.5601724129
1.00,4,all,spearman,0.3
1.00,4,all,regret,4.594455541
1.00,4,all,beats_status_quo,0
1.00,4,all,achievable_lift_share,0.009795041254
1.00,4,all,shortfall_from_optimum_share,0.04500288157
1.00,4,all,loss_vs_status_quo_share,0.03520784031
1.00,4,all,n_agreeing,3
1.00,5,tv,relative_bias,0.5751428483
1.00,5,tv,covered,0
1.00,5,video,relative_bias,-0.3622109055
1.00,5,video,covered,0
1.00,5,search,relative_bias,-0.6404625823
1.00,5,search,covered,0
1.00,5,social,relative_bias,0.3012081513
1.00,5,social,covered,0
1.00,5,ooh,relative_bias,-0.3690468802
1.00,5,ooh,covered,0
1.00,5,all,median_abs_relative_bias,0.3690468802
1.00,5,all,spearman,0.7
1.00,5,all,regret,2.701261886
1.00,5,all,beats_status_quo,0
1.00,5,all,achievable_lift_share,0.007823333682
1.00,5,all,shortfall_from_optimum_share,0.0211328731
1.00,5,all,loss_vs_status_quo_share,0.01330953941
1.00,5,all,n_agreeing,3
1.00,6,tv,relative_bias,1.313050313
1.00,6,tv,covered,0
1.00,6,video,relative_bias,-0.07114533814
1.00,6,video,covered,1
1.00,6,search,relative_bias,-0.5583999731
1.00,6,search,covered,0
1.00,6,social,relative_bias,-0.2134581232
1.00,6,social,covered,0
1.00,6,ooh,relative_bias,-0.3418925447
1.00,6,ooh,covered,0
1.00,6,all,median_abs_relative_bias,0.3418925447
1.00,6,all,spearman,0.9
1.00,6,all,regret,2.585758489
1.00,6,all,beats_status_quo,0
1.00,6,all,achievable_lift_share,0.008634108691
1.00,6,all,shortfall_from_optimum_share,0.02232571985
1.00,6,all,loss_vs_status_quo_share,0.01369161115
1.00,6,all,n_agreeing,3
1.00,7,tv,relative_bias,0.1088023336
1.00,7,tv,covered,0
1.00,7,video,relative_bias,0.5391144155
1.00,7,video,covered,0
1.00,7,search,relative_bias,0.6402645373
1.00,7,search,covered,0
1.00,7,social,relative_bias,0.2969306579
1.00,7,social,covered,0
1.00,7,ooh,relative_bias,0.05979956575
1.00,7,ooh,covered,1
1.00,7,all,median_abs_relative_bias,0.2969306579
1.00,7,all,spearman,1
1.00,7,all,regret,0.6941231575
1.00,7,all,beats_status_quo,1
1.00,7,all,achievable_lift_share,0.01134956662
1.00,7,all,shortfall_from_optimum_share,0.007877997019
1.00,7,all,loss_vs_status_quo_share,-0.003471569601
1.00,7,all,n_agreeing,3
1.00,8,tv,relative_bias,0.6337931608
1.00,8,tv,covered,0
1.00,8,video,relative_bias,1.095562814
1.00,8,video,covered,0
1.00,8,search,relative_bias,-0.4507932867
1.00,8,search,covered,0
1.00,8,social,relative_bias,0.318427709
1.00,8,social,covered,0
1.00,8,ooh,relative_bias,0.1976598197
1.00,8,ooh,covered,1
1.00,8,all,median_abs_relative_bias,0.4507932867
1.00,8,all,spearman,0.9
1.00,8,all,regret,2.656439548
1.00,8,all,beats_status_quo,0
1.00,8,all,achievable_lift_share,0.008132257666
1.00,8,all,shortfall_from_optimum_share,0.02160285087
1.00,8,all,loss_vs_status_quo_share,0.01347059321
1.00,8,all,n_agreeing,3
1.00,9,tv,relative_bias,-0.1806213564
1.00,9,tv,covered,0
1.00,9,video,relative_bias,-0.5118989005
1.00,9,video,covered,0
1.00,9,search,relative_bias,-0.272302716
1.00,9,search,covered,0
1.00,9,social,relative_bias,-0.4562843735
1.00,9,social,covered,0
1.00,9,ooh,relative_bias,0.1680985948
1.00,9,ooh,covered,1
1.00,9,all,median_abs_relative_bias,0.272302716
1.00,9,all,spearman,0.9
1.00,9,all,regret,3.895090319
1.00,9,all,beats_status_quo,0
1.00,9,all,achievable_lift_share,0.008750074062
1.00,9,all,shortfall_from_optimum_share,0.03408232877
1.00,9,all,loss_vs_status_quo_share,0.02533225471
1.00,9,all,n_agreeing,3
1.00,10,tv,relative_bias,0.3378575169
1.00,10,tv,covered,0
1.00,10,video,relative_bias,3.073490979
1.00,10,video,covered,0
1.00,10,search,relative_bias,-0.07347260899
1.00,10,search,covered,1
1.00,10,social,relative_bias,0.02505930416
1.00,10,social,covered,1
1.00,10,ooh,relative_bias,2.783499495
1.00,10,ooh,covered,0
1.00,10,all,median_abs_relative_bias,0.3378575169
1.00,10,all,spearman,0.6
1.00,10,all,regret,0.5689699542
1.00,10,all,beats_status_quo,1
1.00,10,all,achievable_lift_share,0.009172886445
1.00,10,all,shortfall_from_optimum_share,0.005219096781
1.00,10,all,loss_vs_status_quo_share,-0.003953789664
1.00,10,all,n_agreeing,3
1.00,11,tv,relative_bias,0.08704207012
1.00,11,tv,covered,0
1.00,11,video,relative_bias,-0.7013413449
1.00,11,video,covered,0
1.00,11,search,relative_bias,-0.6138315669
1.00,11,search,covered,0
1.00,11,social,relative_bias,-0.5753609068
1.00,11,social,covered,0
1.00,11,ooh,relative_bias,-0.2118837685
1.00,11,ooh,covered,1
1.00,11,all,median_abs_relative_bias,0.5753609068
1.00,11,all,spearman,1
1.00,11,all,regret,4.859572807
1.00,11,all,beats_status_quo,0
1.00,11,all,achievable_lift_share,0.007994385941
1.00,11,all,shortfall_from_optimum_share,0.03884930053
1.00,11,all,loss_vs_status_quo_share,0.03085491459
1.00,11,all,n_agreeing,3
1.00,12,tv,relative_bias,0.9896367118
1.00,12,tv,covered,0
1.00,12,video,relative_bias,-0.4926651494
1.00,12,video,covered,0
1.00,12,search,relative_bias,-0.5059838629
1.00,12,search,covered,0
1.00,12,social,relative_bias,0.007576584311
1.00,12,social,covered,1
1.00,12,ooh,relative_bias,4.331525784
1.00,12,ooh,covered,0
1.00,12,all,median_abs_relative_bias,0.5059838629
1.00,12,all,spearman,0.1
1.00,12,all,regret,3.548157151
1.00,12,all,beats_status_quo,0
1.00,12,all,achievable_lift_share,0.007791619325
1.00,12,all,shortfall_from_optimum_share,0.02764588982
1.00,12,all,loss_vs_status_quo_share,0.0198542705
1.00,12,all,n_agreeing,3
1.00,13,tv,relative_bias,-0.07052871007
1.00,13,tv,covered,0
1.00,13,video,relative_bias,-0.1792859418
1.00,13,video,covered,0
1.00,13,search,relative_bias,-0.03175902633
1.00,13,search,covered,1
1.00,13,social,relative_bias,1.105366363
1.00,13,social,covered,0
1.00,13,ooh,relative_bias,0.1049530675
1.00,13,ooh,covered,1
1.00,13,all,median_abs_relative_bias,0.1049530675
1.00,13,all,spearman,0.7
1.00,13,all,regret,0.1351734883
1.00,13,all,beats_status_quo,1
1.00,13,all,achievable_lift_share,0.008768283981
1.00,13,all,shortfall_from_optimum_share,0.001185239532
1.00,13,all,loss_vs_status_quo_share,-0.007583044449
1.00,13,all,n_agreeing,3
1.00,14,tv,relative_bias,0.3640873391
1.00,14,tv,covered,0
1.00,14,video,relative_bias,-0.6233769707
1.00,14,video,covered,0
1.00,14,search,relative_bias,-0.7650097817
1.00,14,search,covered,0
1.00,14,social,relative_bias,-0.4692915014
1.00,14,social,covered,0
1.00,14,ooh,relative_bias,0.1440561599
1.00,14,ooh,covered,1
1.00,14,all,median_abs_relative_bias,0.4692915014
1.00,14,all,spearman,0.7
1.00,14,all,regret,7.48558195
1.00,14,all,beats_status_quo,0
1.00,14,all,achievable_lift_share,0.006419064995
1.00,14,all,shortfall_from_optimum_share,0.04805043706
1.00,14,all,loss_vs_status_quo_share,0.04163137207
1.00,14,all,n_agreeing,3
1.00,15,tv,relative_bias,0.3666666086
1.00,15,tv,covered,0
1.00,15,video,relative_bias,1.965614157
1.00,15,video,covered,0
1.00,15,search,relative_bias,0.09702174286
1.00,15,search,covered,1
1.00,15,social,relative_bias,0.6872200375
1.00,15,social,covered,0
1.00,15,ooh,relative_bias,3.26799136
1.00,15,ooh,covered,0
1.00,15,all,median_abs_relative_bias,0.6872200375
1.00,15,all,spearman,0.8
1.00,15,all,regret,0.5405367696
1.00,15,all,beats_status_quo,1
1.00,15,all,achievable_lift_share,0.009093376528
1.00,15,all,shortfall_from_optimum_share,0.004915304374
1.00,15,all,loss_vs_status_quo_share,-0.004178072155
1.00,15,all,n_agreeing,3
1.00,16,tv,relative_bias,-0.09555776617
1.00,16,tv,covered,0
1.00,16,video,relative_bias,-0.2486369662
1.00,16,video,covered,0
1.00,16,search,relative_bias,-0.2751020603
1.00,16,search,covered,0
1.00,16,social,relative_bias,0.8924280684
1.00,16,social,covered,0
1.00,16,ooh,relative_bias,0.3117158838
1.00,16,ooh,covered,0
1.00,16,all,median_abs_relative_bias,0.2751020603
1.00,16,all,spearman,0.7
1.00,16,all,regret,0.9322514244
1.00,16,all,beats_status_quo,1
1.00,16,all,achievable_lift_share,0.006615732491
1.00,16,all,shortfall_from_optimum_share,0.006167526038
1.00,16,all,loss_vs_status_quo_share,-0.0004482064531
1.00,16,all,n_agreeing,3
1.00,17,tv,relative_bias,1.708792792
1.00,17,tv,covered,0
1.00,17,video,relative_bias,0.04910427662
1.00,17,video,covered,1
1.00,17,search,relative_bias,0.7440535583
1.00,17,search,covered,0
1.00,17,social,relative_bias,0.555207839
1.00,17,social,covered,0
1.00,17,ooh,relative_bias,1.01103085
1.00,17,ooh,covered,0
1.00,17,all,median_abs_relative_bias,0.7440535583
1.00,17,all,spearman,0.9
1.00,17,all,regret,0.4327747188
1.00,17,all,beats_status_quo,1
1.00,17,all,achievable_lift_share,0.01000583355
1.00,17,all,shortfall_from_optimum_share,0.004330271802
1.00,17,all,loss_vs_status_quo_share,-0.00567556175
1.00,17,all,n_agreeing,3
1.00,18,tv,relative_bias,1.993504173
1.00,18,tv,covered,0
1.00,18,video,relative_bias,-0.4429443425
1.00,18,video,covered,0
1.00,18,search,relative_bias,-0.7461830375
1.00,18,search,covered,0
1.00,18,social,relative_bias,0.4548898283
1.00,18,social,covered,0
1.00,18,ooh,relative_bias,2.023171845
1.00,18,ooh,covered,0
1.00,18,all,median_abs_relative_bias,0.7461830375
1.00,18,all,spearman,0.2
1.00,18,all,regret,4.343419503
1.00,18,all,beats_status_quo,0
1.00,18,all,achievable_lift_share,0.01002043541
1.00,18,all,shortfall_from_optimum_share,0.04352295461
1.00,18,all,loss_vs_status_quo_share,0.03350251919
1.00,18,all,n_agreeing,3
1.00,19,tv,relative_bias,-0.05139197809
1.00,19,tv,covered,0
1.00,19,video,relative_bias,0.03494653605
1.00,19,video,covered,1
1.00,19,search,relative_bias,-0.08426530262
1.00,19,search,covered,1
1.00,19,social,relative_bias,-0.24305816
1.00,19,social,covered,0
1.00,19,ooh,relative_bias,0.4370510426
1.00,19,ooh,covered,0
1.00,19,all,median_abs_relative_bias,0.08426530262
1.00,19,all,spearman,1
1.00,19,all,regret,0.4863022847
1.00,19,all,beats_status_quo,1
1.00,19,all,achievable_lift_share,0.009179542233
1.00,19,all,shortfall_from_optimum_share,0.00446403236
1.00,19,all,loss_vs_status_quo_share,-0.004715509872
1.00,19,all,n_agreeing,3
1.00,20,tv,relative_bias,-0.1046881039
1.00,20,tv,covered,0
1.00,20,video,relative_bias,-0.1526844675
1.00,20,video,covered,0
1.00,20,search,relative_bias,0.5357609232
1.00,20,search,covered,0
1.00,20,social,relative_bias,0.02394980063
1.00,20,social,covered,1
1.00,20,ooh,relative_bias,0.2133800779
1.00,20,ooh,covered,1
1.00,20,all,median_abs_relative_bias,0.1526844675
1.00,20,all,spearman,0.9
1.00,20,all,regret,0.2169468471
1.00,20,all,beats_status_quo,1
1.00,20,all,achievable_lift_share,0.01078247467
1.00,20,all,shortfall_from_optimum_share,0.002339223883
1.00,20,all,loss_vs_status_quo_share,-0.008443250788
1.00,20,all,n_agreeing,3
1.00,21,tv,relative_bias,0.5758056483
1.00,21,tv,covered,0
1.00,21,video,relative_bias,-0.03392030961
1.00,21,video,covered,1
1.00,21,search,relative_bias,0.1624032649
1.00,21,search,covered,1
1.00,21,social,relative_bias,1.736673909
1.00,21,social,covered,0
1.00,21,ooh,relative_bias,0.2924464156
1.00,21,ooh,covered,1
1.00,21,all,median_abs_relative_bias,0.2924464156
1.00,21,all,spearman,0.7
1.00,21,all,regret,1.413128082
1.00,21,all,beats_status_quo,0
1.00,21,all,achievable_lift_share,0.007745379167
1.00,21,all,shortfall_from_optimum_share,0.01094521281
1.00,21,all,loss_vs_status_quo_share,0.003199833638
1.00,21,all,n_agreeing,3
1.00,22,tv,relative_bias,0.1432313901
1.00,22,tv,covered,0
1.00,22,video,relative_bias,1.312148814
1.00,22,video,covered,0
1.00,22,search,relative_bias,-0.3325920944
1.00,22,search,covered,0
1.00,22,social,relative_bias,1.115737571
1.00,22,social,covered,0
1.00,22,ooh,relative_bias,1.781943813
1.00,22,ooh,covered,0
1.00,22,all,median_abs_relative_bias,1.115737571
1.00,22,all,spearman,0.6
1.00,22,all,regret,0.5743241848
1.00,22,all,beats_status_quo,1
1.00,22,all,achievable_lift_share,0.008747844362
1.00,22,all,shortfall_from_optimum_share,0.005024098582
1.00,22,all,loss_vs_status_quo_share,-0.00372374578
1.00,22,all,n_agreeing,3
1.00,23,tv,relative_bias,0.5177018964
1.00,23,tv,covered,0
1.00,23,video,relative_bias,-0.1320453673
1.00,23,video,covered,0
1.00,23,search,relative_bias,-0.1775613477
1.00,23,search,covered,0
1.00,23,social,relative_bias,-0.2782270064
1.00,23,social,covered,0
1.00,23,ooh,relative_bias,0.176655069
1.00,23,ooh,covered,1
1.00,23,all,median_abs_relative_bias,0.1775613477
1.00,23,all,spearman,1
1.00,23,all,regret,0.208402013
1.00,23,all,beats_status_quo,1
1.00,23,all,achievable_lift_share,0.01031974125
1.00,23,all,shortfall_from_optimum_share,0.00215065485
1.00,23,all,loss_vs_status_quo_share,-0.008169086399
1.00,23,all,n_agreeing,3
1.00,24,tv,relative_bias,0.4173946854
1.00,24,tv,covered,0
1.00,24,video,relative_bias,0.2762397548
1.00,24,video,covered,0
1.00,24,search,relative_bias,-0.6945110988
1.00,24,search,covered,0
1.00,24,social,relative_bias,-0.4142319838
1.00,24,social,covered,0
1.00,24,ooh,relative_bias,5.820787294
1.00,24,ooh,covered,0
1.00,24,all,median_abs_relative_bias,0.4173946854
1.00,24,all,spearman,0.6
1.00,24,all,regret,2.807566456
1.00,24,all,beats_status_quo,0
1.00,24,all,achievable_lift_share,0.01121989346
1.00,24,all,shortfall_from_optimum_share,0.03150059652
1.00,24,all,loss_vs_status_quo_share,0.02028070306
1.00,24,all,n_agreeing,3
1.00,25,tv,relative_bias,0.4149421813
1.00,25,tv,covered,0
1.00,25,video,relative_bias,0.005428920962
1.00,25,video,covered,1
1.00,25,search,relative_bias,-0.1659664337
1.00,25,search,covered,0
1.00,25,social,relative_bias,0.2054499399
1.00,25,social,covered,1
1.00,25,ooh,relative_bias,-0.07573612932
1.00,25,ooh,covered,1
1.00,25,all,median_abs_relative_bias,0.1659664337
1.00,25,all,spearman,0.9
1.00,25,all,regret,0.2043728804
1.00,25,all,beats_status_quo,1
1.00,25,all,achievable_lift_share,0.009019555238
1.00,25,all,shortfall_from_optimum_share,0.001843352484
1.00,25,all,loss_vs_status_quo_share,-0.007176202754
1.00,25,all,n_agreeing,3
1.00,26,tv,relative_bias,0.2616350475
1.00,26,tv,covered,0
1.00,26,video,relative_bias,0.7395844451
1.00,26,video,covered,0
1.00,26,search,relative_bias,0.2290472886
1.00,26,search,covered,0
1.00,26,social,relative_bias,0.2796811009
1.00,26,social,covered,1
1.00,26,ooh,relative_bias,1.503011798
1.00,26,ooh,covered,0
1.00,26,all,median_abs_relative_bias,0.2796811009
1.00,26,all,spearman,1
1.00,26,all,regret,0.8131865656
1.00,26,all,beats_status_quo,1
1.00,26,all,achievable_lift_share,0.008939537764
1.00,26,all,shortfall_from_optimum_share,0.007269512012
1.00,26,all,loss_vs_status_quo_share,-0.001670025752
1.00,26,all,n_agreeing,3
1.00,27,tv,relative_bias,2.188725467
1.00,27,tv,covered,0
1.00,27,video,relative_bias,1.145111914
1.00,27,video,covered,0
1.00,27,search,relative_bias,-0.2861457596
1.00,27,search,covered,0
1.00,27,social,relative_bias,0.1499373936
1.00,27,social,covered,1
1.00,27,ooh,relative_bias,2.631723243
1.00,27,ooh,covered,0
1.00,27,all,median_abs_relative_bias,1.145111914
1.00,27,all,spearman,0.6
1.00,27,all,regret,0.4171612299
1.00,27,all,beats_status_quo,1
1.00,27,all,achievable_lift_share,0.007770229536
1.00,27,all,shortfall_from_optimum_share,0.00324143851
1.00,27,all,loss_vs_status_quo_share,-0.004528791026
1.00,27,all,n_agreeing,3
1.00,28,tv,relative_bias,0.1489848782
1.00,28,tv,covered,0
1.00,28,video,relative_bias,1.373629671
1.00,28,video,covered,0
1.00,28,search,relative_bias,-0.1811058731
1.00,28,search,covered,0
1.00,28,social,relative_bias,2.237943055
1.00,28,social,covered,0
1.00,28,ooh,relative_bias,-0.2531665016
1.00,28,ooh,covered,0
1.00,28,all,median_abs_relative_bias,0.2531665016
1.00,28,all,spearman,0.8
1.00,28,all,regret,0.0516861308
1.00,28,all,beats_status_quo,1
1.00,28,all,achievable_lift_share,0.009174629999
1.00,28,all,shortfall_from_optimum_share,0.0004742011261
1.00,28,all,loss_vs_status_quo_share,-0.008700428873
1.00,28,all,n_agreeing,3
1.00,29,tv,relative_bias,0.8980675465
1.00,29,tv,covered,0
1.00,29,video,relative_bias,1.343257927
1.00,29,video,covered,0
1.00,29,search,relative_bias,-0.4074028105
1.00,29,search,covered,0
1.00,29,social,relative_bias,0.5411926643
1.00,29,social,covered,0
1.00,29,ooh,relative_bias,0.5143961137
1.00,29,ooh,covered,1
1.00,29,all,median_abs_relative_bias,0.5411926643
1.00,29,all,spearman,0.9
1.00,29,all,regret,0.6621712638
1.00,29,all,beats_status_quo,1
1.00,29,all,achievable_lift_share,0.0081785985
1.00,29,all,shortfall_from_optimum_share,0.005415632905
1.00,29,all,loss_vs_status_quo_share,-0.002762965595
1.00,29,all,n_agreeing,3
1.00,30,tv,relative_bias,1.014301873
1.00,30,tv,covered,0
1.00,30,video,relative_bias,0.4577008167
1.00,30,video,covered,0
1.00,30,search,relative_bias,0.2705505027
1.00,30,search,covered,0
1.00,30,social,relative_bias,-0.2868325989
1.00,30,social,covered,0
1.00,30,ooh,relative_bias,1.152153405
1.00,30,ooh,covered,0
1.00,30,all,median_abs_relative_bias,0.4577008167
1.00,30,all,spearman,0.9
1.00,30,all,regret,1.309774926
1.00,30,all,beats_status_quo,0
1.00,30,all,achievable_lift_share,0.009096995006
1.00,30,all,shortfall_from_optimum_share,0.01191501596
1.00,30,all,loss_vs_status_quo_share,0.002818020957
1.00,30,all,n_agreeing,3
1.00,31,tv,relative_bias,0.6661915115
1.00,31,tv,covered,0
1.00,31,video,relative_bias,0.8389061403
1.00,31,video,covered,0
1.00,31,search,relative_bias,-0.3386360968
1.00,31,search,covered,0
1.00,31,social,relative_bias,-0.1941494773
1.00,31,social,covered,1
1.00,31,ooh,relative_bias,3.257887348
1.00,31,ooh,covered,0
1.00,31,all,median_abs_relative_bias,0.6661915115
1.00,31,all,spearman,0.7
1.00,31,all,regret,0.4288265875
1.00,31,all,beats_status_quo,1
1.00,31,all,achievable_lift_share,0.009176859109
1.00,31,all,shortfall_from_optimum_share,0.003935281176
1.00,31,all,loss_vs_status_quo_share,-0.005241577933
1.00,31,all,n_agreeing,3
1.00,32,tv,relative_bias,-0.1844401278
1.00,32,tv,covered,0
1.00,32,video,relative_bias,0.03377185703
1.00,32,video,covered,1
1.00,32,search,relative_bias,-0.01612495481
1.00,32,search,covered,1
1.00,32,social,relative_bias,0.6210784165
1.00,32,social,covered,0
1.00,32,ooh,relative_bias,0.6967336685
1.00,32,ooh,covered,0
1.00,32,all,median_abs_relative_bias,0.1844401278
1.00,32,all,spearman,0.9
1.00,32,all,regret,0.6015388908
1.00,32,all,beats_status_quo,1
1.00,32,all,achievable_lift_share,0.00849051678
1.00,32,all,shortfall_from_optimum_share,0.005107376046
1.00,32,all,loss_vs_status_quo_share,-0.003383140734
1.00,32,all,n_agreeing,3
1.00,33,tv,relative_bias,-0.1269227032
1.00,33,tv,covered,0
1.00,33,video,relative_bias,0.180733075
1.00,33,video,covered,0
1.00,33,search,relative_bias,0.2734076599
1.00,33,search,covered,0
1.00,33,social,relative_bias,-0.7647917918
1.00,33,social,covered,0
1.00,33,ooh,relative_bias,0.6672942014
1.00,33,ooh,covered,0
1.00,33,all,median_abs_relative_bias,0.2734076599
1.00,33,all,spearman,0.9
1.00,33,all,regret,1.093205924
1.00,33,all,beats_status_quo,0
1.00,33,all,achievable_lift_share,0.01107708473
1.00,33,all,shortfall_from_optimum_share,0.01210953465
1.00,33,all,loss_vs_status_quo_share,0.001032449913
1.00,33,all,n_agreeing,3
1.00,34,tv,relative_bias,1.385558905
1.00,34,tv,covered,0
1.00,34,video,relative_bias,0.9866416324
1.00,34,video,covered,0
1.00,34,search,relative_bias,-0.6431739511
1.00,34,search,covered,0
1.00,34,social,relative_bias,0.4533629328
1.00,34,social,covered,0
1.00,34,ooh,relative_bias,-0.2332779587
1.00,34,ooh,covered,1
1.00,34,all,median_abs_relative_bias,0.6431739511
1.00,34,all,spearman,0.9
1.00,34,all,regret,1.898130473
1.00,34,all,beats_status_quo,0
1.00,34,all,achievable_lift_share,0.01072986534
1.00,34,all,shortfall_from_optimum_share,0.02036668437
1.00,34,all,loss_vs_status_quo_share,0.009636819031
1.00,34,all,n_agreeing,3
1.00,35,tv,relative_bias,0.3404454089
1.00,35,tv,covered,0
1.00,35,video,relative_bias,-0.4351036885
1.00,35,video,covered,0
1.00,35,search,relative_bias,-0.6535839656
1.00,35,search,covered,0
1.00,35,social,relative_bias,1.311743442
1.00,35,social,covered,0
1.00,35,ooh,relative_bias,0.7403162017
1.00,35,ooh,covered,0
1.00,35,all,median_abs_relative_bias,0.6535839656
1.00,35,all,spearman,0.5
1.00,35,all,regret,4.86723647
1.00,35,all,beats_status_quo,0
1.00,35,all,achievable_lift_share,0.008958144492
1.00,35,all,shortfall_from_optimum_share,0.04360140757
1.00,35,all,loss_vs_status_quo_share,0.03464326308
1.00,35,all,n_agreeing,3
1.00,36,tv,relative_bias,0.3781642407
1.00,36,tv,covered,0
1.00,36,video,relative_bias,-0.02135915363
1.00,36,video,covered,1
1.00,36,search,relative_bias,-0.5470824391
1.00,36,search,covered,0
1.00,36,social,relative_bias,-0.3908179905
1.00,36,social,covered,0
1.00,36,ooh,relative_bias,-0.3306223237
1.00,36,ooh,covered,0
1.00,36,all,median_abs_relative_bias,0.3781642407
1.00,36,all,spearman,1
1.00,36,all,regret,2.158155803
1.00,36,all,beats_status_quo,0
1.00,36,all,achievable_lift_share,0.009211625362
1.00,36,all,shortfall_from_optimum_share,0.01988012273
1.00,36,all,loss_vs_status_quo_share,0.01066849737
1.00,36,all,n_agreeing,7
1.00,37,tv,relative_bias,2.113522848
1.00,37,tv,covered,0
1.00,37,video,relative_bias,-0.2762534967
1.00,37,video,covered,0
1.00,37,search,relative_bias,-0.2139064686
1.00,37,search,covered,0
1.00,37,social,relative_bias,-0.5326331897
1.00,37,social,covered,0
1.00,37,ooh,relative_bias,-0.2486964012
1.00,37,ooh,covered,0
1.00,37,all,median_abs_relative_bias,0.2762534967
1.00,37,all,spearman,1
1.00,37,all,regret,1.199285436
1.00,37,all,beats_status_quo,0
1.00,37,all,achievable_lift_share,0.01029574462
1.00,37,all,shortfall_from_optimum_share,0.01234753657
1.00,37,all,loss_vs_status_quo_share,0.00205179195
1.00,37,all,n_agreeing,7
1.00,38,tv,relative_bias,0.2697535222
1.00,38,tv,covered,0
1.00,38,video,relative_bias,1.073149285
1.00,38,video,covered,0
1.00,38,search,relative_bias,-0.4657760689
1.00,38,search,covered,0
1.00,38,social,relative_bias,-0.5412961759
1.00,38,social,covered,0
1.00,38,ooh,relative_bias,1.939793951
1.00,38,ooh,covered,0
1.00,38,all,median_abs_relative_bias,0.5412961759
1.00,38,all,spearman,0.7
1.00,38,all,regret,1.571306492
1.00,38,all,beats_status_quo,0
1.00,38,all,achievable_lift_share,0.008015372961
1.00,38,all,shortfall_from_optimum_share,0.01259460757
1.00,38,all,loss_vs_status_quo_share,0.004579234605
1.00,38,all,n_agreeing,3
1.00,39,tv,relative_bias,-0.1224111628
1.00,39,tv,covered,0
1.00,39,video,relative_bias,0.251721859
1.00,39,video,covered,0
1.00,39,search,relative_bias,-0.3537042254
1.00,39,search,covered,0
1.00,39,social,relative_bias,0.06691619199
1.00,39,social,covered,1
1.00,39,ooh,relative_bias,-0.29408856
1.00,39,ooh,covered,0
1.00,39,all,median_abs_relative_bias,0.251721859
1.00,39,all,spearman,0.9
1.00,39,all,regret,0.1305995742
1.00,39,all,beats_status_quo,1
1.00,39,all,achievable_lift_share,0.01055428667
1.00,39,all,shortfall_from_optimum_share,0.001378385346
1.00,39,all,loss_vs_status_quo_share,-0.009175901324
1.00,39,all,n_agreeing,7
1.00,40,tv,relative_bias,0.67647846
1.00,40,tv,covered,0
1.00,40,video,relative_bias,-0.287232338
1.00,40,video,covered,0
1.00,40,search,relative_bias,-0.7537825823
1.00,40,search,covered,0
1.00,40,social,relative_bias,1.003832802
1.00,40,social,covered,0
1.00,40,ooh,relative_bias,-0.3473053356
1.00,40,ooh,covered,0
1.00,40,all,median_abs_relative_bias,0.67647846
1.00,40,all,spearman,0.7
1.00,40,all,regret,1.875404748
1.00,40,all,beats_status_quo,0
1.00,40,all,achievable_lift_share,0.01113611779
1.00,40,all,shortfall_from_optimum_share,0.02088472817
1.00,40,all,loss_vs_status_quo_share,0.009748610388
1.00,40,all,n_agreeing,3
1.00,41,tv,relative_bias,0.4495285911
1.00,41,tv,covered,0
1.00,41,video,relative_bias,0.2311644391
1.00,41,video,covered,0
1.00,41,search,relative_bias,0.08241368326
1.00,41,search,covered,1
1.00,41,social,relative_bias,-0.2216019146
1.00,41,social,covered,0
1.00,41,ooh,relative_bias,0.09259130014
1.00,41,ooh,covered,1
1.00,41,all,median_abs_relative_bias,0.2216019146
1.00,41,all,spearman,1
1.00,41,all,regret,0.143439773
1.00,41,all,beats_status_quo,1
1.00,41,all,achievable_lift_share,0.008844509103
1.00,41,all,shortfall_from_optimum_share,0.001268654378
1.00,41,all,loss_vs_status_quo_share,-0.007575854725
1.00,41,all,n_agreeing,3
1.00,42,tv,relative_bias,0.1281040566
1.00,42,tv,covered,0
1.00,42,video,relative_bias,0.7731590702
1.00,42,video,covered,0
1.00,42,search,relative_bias,-0.1374107907
1.00,42,search,covered,1
1.00,42,social,relative_bias,-0.1659978188
1.00,42,social,covered,0
1.00,42,ooh,relative_bias,1.81543562
1.00,42,ooh,covered,0
1.00,42,all,median_abs_relative_bias,0.1659978188
1.00,42,all,spearman,0.9
1.00,42,all,regret,0.6949279255
1.00,42,all,beats_status_quo,1
1.00,42,all,achievable_lift_share,0.01162481502
1.00,42,all,shortfall_from_optimum_share,0.008078408587
1.00,42,all,loss_vs_status_quo_share,-0.003546406433
1.00,42,all,n_agreeing,7
1.00,43,tv,relative_bias,-0.3588301432
1.00,43,tv,covered,0
1.00,43,video,relative_bias,-0.3634534983
1.00,43,video,covered,0
1.00,43,search,relative_bias,-0.688272412
1.00,43,search,covered,0
1.00,43,social,relative_bias,0.2479731775
1.00,43,social,covered,1
1.00,43,ooh,relative_bias,0.6645458279
1.00,43,ooh,covered,0
1.00,43,all,median_abs_relative_bias,0.3634534983
1.00,43,all,spearman,0.5
1.00,43,all,regret,2.497397524
1.00,43,all,beats_status_quo,0
1.00,43,all,achievable_lift_share,0.009538974971
1.00,43,all,shortfall_from_optimum_share,0.02382261248
1.00,43,all,loss_vs_status_quo_share,0.01428363751
1.00,43,all,n_agreeing,3
1.00,44,tv,relative_bias,0.03264291599
1.00,44,tv,covered,1
1.00,44,video,relative_bias,1.352317452
1.00,44,video,covered,0
1.00,44,search,relative_bias,-0.3145105383
1.00,44,search,covered,0
1.00,44,social,relative_bias,0.5640466813
1.00,44,social,covered,0
1.00,44,ooh,relative_bias,0.6162308491
1.00,44,ooh,covered,0
1.00,44,all,median_abs_relative_bias,0.5640466813
1.00,44,all,spearman,0.8
1.00,44,all,regret,0.6646537
1.00,44,all,beats_status_quo,1
1.00,44,all,achievable_lift_share,0.00673060389
1.00,44,all,shortfall_from_optimum_share,0.004473520779
1.00,44,all,loss_vs_status_quo_share,-0.002257083111
1.00,44,all,n_agreeing,3
1.00,45,tv,relative_bias,0.1961421239
1.00,45,tv,covered,1
1.00,45,video,relative_bias,-0.4120761444
1.00,45,video,covered,0
1.00,45,search,relative_bias,-0.1217624061
1.00,45,search,covered,0
1.00,45,social,relative_bias,-0.7238263515
1.00,45,social,covered,0
1.00,45,ooh,relative_bias,1.070147937
1.00,45,ooh,covered,0
1.00,45,all,median_abs_relative_bias,0.4120761444
1.00,45,all,spearman,0.8
1.00,45,all,regret,1.781268606
1.00,45,all,beats_status_quo,0
1.00,45,all,achievable_lift_share,0.0083590376
1.00,45,all,shortfall_from_optimum_share,0.01488969125
1.00,45,all,loss_vs_status_quo_share,0.006530653654
1.00,45,all,n_agreeing,3
1.00,46,tv,relative_bias,-0.1823763804
1.00,46,tv,covered,0
1.00,46,video,relative_bias,0.3503581574
1.00,46,video,covered,0
1.00,46,search,relative_bias,-0.09017944901
1.00,46,search,covered,1
1.00,46,social,relative_bias,2.097668835
1.00,46,social,covered,0
1.00,46,ooh,relative_bias,1.926654415
1.00,46,ooh,covered,0
1.00,46,all,median_abs_relative_bias,0.3503581574
1.00,46,all,spearman,0.4
1.00,46,all,regret,0.7330528776
1.00,46,all,beats_status_quo,1
1.00,46,all,achievable_lift_share,0.006505008899
1.00,46,all,shortfall_from_optimum_share,0.004768515492
1.00,46,all,loss_vs_status_quo_share,-0.001736493407
1.00,46,all,n_agreeing,3
1.00,47,tv,relative_bias,0.03335625998
1.00,47,tv,covered,1
1.00,47,video,relative_bias,0.1798513825
1.00,47,video,covered,0
1.00,47,search,relative_bias,-0.4269579705
1.00,47,search,covered,0
1.00,47,social,relative_bias,-0.1662772432
1.00,47,social,covered,1
1.00,47,ooh,relative_bias,0.2671901192
1.00,47,ooh,covered,0
1.00,47,all,median_abs_relative_bias,0.1798513825
1.00,47,all,spearman,1
1.00,47,all,regret,0.7513148532
1.00,47,all,beats_status_quo,1
1.00,47,all,achievable_lift_share,0.007330739824
1.00,47,all,shortfall_from_optimum_share,0.005507693715
1.00,47,all,loss_vs_status_quo_share,-0.00182304611
1.00,47,all,n_agreeing,3
1.00,48,tv,relative_bias,1.339933195
1.00,48,tv,covered,0
1.00,48,video,relative_bias,-0.1706971049
1.00,48,video,covered,0
1.00,48,search,relative_bias,0.3298788758
1.00,48,search,covered,0
1.00,48,social,relative_bias,-0.5684911109
1.00,48,social,covered,0
1.00,48,ooh,relative_bias,-0.4119238194
1.00,48,ooh,covered,0
1.00,48,all,median_abs_relative_bias,0.4119238194
1.00,48,all,spearman,0.9
1.00,48,all,regret,1.001670565
1.00,48,all,beats_status_quo,0
1.00,48,all,achievable_lift_share,0.009356566835
1.00,48,all,shortfall_from_optimum_share,0.009372197584
1.00,48,all,loss_vs_status_quo_share,1.563074897e-05
1.00,48,all,n_agreeing,3
1.00,49,tv,relative_bias,0.6975997084
1.00,49,tv,covered,0
1.00,49,video,relative_bias,-0.05704914308
1.00,49,video,covered,1
1.00,49,search,relative_bias,-0.1547691048
1.00,49,search,covered,0
1.00,49,social,relative_bias,0.2949071698
1.00,49,social,covered,0
1.00,49,ooh,relative_bias,0.3973070435
1.00,49,ooh,covered,1
1.00,49,all,median_abs_relative_bias,0.2949071698
1.00,49,all,spearman,0.9
1.00,49,all,regret,0.4024806169
1.00,49,all,beats_status_quo,1
1.00,49,all,achievable_lift_share,0.009266555903
1.00,49,all,shortfall_from_optimum_share,0.003729609136
1.00,49,all,loss_vs_status_quo_share,-0.005536946767
1.00,49,all,n_agreeing,3
1.00,50,tv,relative_bias,0.603980185
1.00,50,tv,covered,0
1.00,50,video,relative_bias,0.1565122891
1.00,50,video,covered,0
1.00,50,search,relative_bias,0.1082760433
1.00,50,search,covered,1
1.00,50,social,relative_bias,-0.7406122725
1.00,50,social,covered,0
1.00,50,ooh,relative_bias,-0.09613258278
1.00,50,ooh,covered,1
1.00,50,all,median_abs_relative_bias,0.1565122891
1.00,50,all,spearman,0.9
1.00,50,all,regret,0.778200164
1.00,50,all,beats_status_quo,1
1.00,50,all,achievable_lift_share,0.01273279119
1.00,50,all,shortfall_from_optimum_share,0.009908660191
1.00,50,all,loss_vs_status_quo_share,-0.002824130997
1.00,50,all,n_agreeing,7
1.00,51,tv,relative_bias,0.3037272567
1.00,51,tv,covered,0
1.00,51,video,relative_bias,1.215841034
1.00,51,video,covered,0
1.00,51,search,relative_bias,-0.5127586857
1.00,51,search,covered,0
1.00,51,social,relative_bias,-0.1800903664
1.00,51,social,covered,0
1.00,51,ooh,relative_bias,1.951640459
1.00,51,ooh,covered,0
1.00,51,all,median_abs_relative_bias,0.5127586857
1.00,51,all,spearman,0.6
1.00,51,all,regret,2.342735698
1.00,51,all,beats_status_quo,0
1.00,51,all,achievable_lift_share,0.01014989412
1.00,51,all,shortfall_from_optimum_share,0.02377851928
1.00,51,all,loss_vs_status_quo_share,0.01362862516
1.00,51,all,n_agreeing,3
1.00,52,tv,relative_bias,0.69402171
1.00,52,tv,covered,0
1.00,52,video,relative_bias,0.3644643428
1.00,52,video,covered,0
1.00,52,search,relative_bias,-0.1649806014
1.00,52,search,covered,0
1.00,52,social,relative_bias,-0.06236752747
1.00,52,social,covered,1
1.00,52,ooh,relative_bias,5.508005956
1.00,52,ooh,covered,0
1.00,52,all,median_abs_relative_bias,0.3644643428
1.00,52,all,spearman,0.7
1.00,52,all,regret,0.483255938
1.00,52,all,beats_status_quo,1
1.00,52,all,achievable_lift_share,0.00719647878
1.00,52,all,shortfall_from_optimum_share,0.003477741103
1.00,52,all,loss_vs_status_quo_share,-0.003718737676
1.00,52,all,n_agreeing,3
1.00,53,tv,relative_bias,-0.213999979
1.00,53,tv,covered,0
1.00,53,video,relative_bias,0.05423621742
1.00,53,video,covered,1
1.00,53,search,relative_bias,0.1222558284
1.00,53,search,covered,1
1.00,53,social,relative_bias,-0.0007267310221
1.00,53,social,covered,1
1.00,53,ooh,relative_bias,-0.1884580846
1.00,53,ooh,covered,1
1.00,53,all,median_abs_relative_bias,0.1222558284
1.00,53,all,spearman,1
1.00,53,all,regret,0.154965365
1.00,53,all,beats_status_quo,1
1.00,53,all,achievable_lift_share,0.007132805802
1.00,53,all,shortfall_from_optimum_share,0.001105337854
1.00,53,all,loss_vs_status_quo_share,-0.006027467947
1.00,53,all,n_agreeing,3
1.00,54,tv,relative_bias,1.985958027
1.00,54,tv,covered,0
1.00,54,video,relative_bias,-0.05688850413
1.00,54,video,covered,1
1.00,54,search,relative_bias,0.497004619
1.00,54,search,covered,0
1.00,54,social,relative_bias,1.461430838
1.00,54,social,covered,0
1.00,54,ooh,relative_bias,0.05057501122
1.00,54,ooh,covered,1
1.00,54,all,median_abs_relative_bias,0.497004619
1.00,54,all,spearman,0.6
1.00,54,all,regret,0.1701390056
1.00,54,all,beats_status_quo,1
1.00,54,all,achievable_lift_share,0.01293304885
1.00,54,all,shortfall_from_optimum_share,0.002200416072
1.00,54,all,loss_vs_status_quo_share,-0.01073263278
1.00,54,all,n_agreeing,7
1.00,55,tv,relative_bias,0.7743277715
1.00,55,tv,covered,0
1.00,55,video,relative_bias,-0.1114993346
1.00,55,video,covered,0
1.00,55,search,relative_bias,-0.3271724352
1.00,55,search,covered,0
1.00,55,social,relative_bias,0.2809555093
1.00,55,social,covered,1
1.00,55,ooh,relative_bias,0.4088647492
1.00,55,ooh,covered,1
1.00,55,all,median_abs_relative_bias,0.3271724352
1.00,55,all,spearman,0.9
1.00,55,all,regret,0.5610744556
1.00,55,all,beats_status_quo,1
1.00,55,all,achievable_lift_share,0.009410624588
1.00,55,all,shortfall_from_optimum_share,0.005280061068
1.00,55,all,loss_vs_status_quo_share,-0.00413056352
1.00,55,all,n_agreeing,3
1.00,56,tv,relative_bias,-0.06199820715
1.00,56,tv,covered,1
1.00,56,video,relative_bias,1.699987084
1.00,56,video,covered,0
1.00,56,search,relative_bias,1.531281219
1.00,56,search,covered,0
1.00,56,social,relative_bias,-0.6860192718
1.00,56,social,covered,0
1.00,56,ooh,relative_bias,0.4427901986
1.00,56,ooh,covered,0
1.00,56,all,median_abs_relative_bias,0.6860192718
1.00,56,all,spearman,0.6
1.00,56,all,regret,1.127422186
1.00,56,all,beats_status_quo,0
1.00,56,all,achievable_lift_share,0.01402313958
1.00,56,all,shortfall_from_optimum_share,0.01580999867
1.00,56,all,loss_vs_status_quo_share,0.001786859093
1.00,56,all,n_agreeing,3
1.00,57,tv,relative_bias,0.192574552
1.00,57,tv,covered,0
1.00,57,video,relative_bias,-0.62314305
1.00,57,video,covered,0
1.00,57,search,relative_bias,-0.5704469952
1.00,57,search,covered,0
1.00,57,social,relative_bias,0.7041021083
1.00,57,social,covered,0
1.00,57,ooh,relative_bias,4.817586895
1.00,57,ooh,covered,0
1.00,57,all,median_abs_relative_bias,0.62314305
1.00,57,all,spearman,0.1
1.00,57,all,regret,1.78787917
1.00,57,all,beats_status_quo,0
1.00,57,all,achievable_lift_share,0.01420001278
1.00,57,all,shortfall_from_optimum_share,0.02538790707
1.00,57,all,loss_vs_status_quo_share,0.01118789429
1.00,57,all,n_agreeing,3
1.00,58,tv,relative_bias,3.171969663
1.00,58,tv,covered,0
1.00,58,video,relative_bias,0.5500924398
1.00,58,video,covered,0
1.00,58,search,relative_bias,0.6751941023
1.00,58,search,covered,0
1.00,58,social,relative_bias,-0.6395542654
1.00,58,social,covered,0
1.00,58,ooh,relative_bias,5.551148664
1.00,58,ooh,covered,0
1.00,58,all,median_abs_relative_bias,0.6751941023
1.00,58,all,spearman,0.9
1.00,58,all,regret,1.491471184
1.00,58,all,beats_status_quo,0
1.00,58,all,achievable_lift_share,0.008778225208
1.00,58,all,shortfall_from_optimum_share,0.01309246995
1.00,58,all,loss_vs_status_quo_share,0.004314244738
1.00,58,all,n_agreeing,3
1.00,59,tv,relative_bias,-0.08515153925
1.00,59,tv,covered,0
1.00,59,video,relative_bias,-0.09048242565
1.00,59,video,covered,0
1.00,59,search,relative_bias,0.7250760116
1.00,59,search,covered,0
1.00,59,social,relative_bias,-0.1368137477
1.00,59,social,covered,1
1.00,59,ooh,relative_bias,1.109314214
1.00,59,ooh,covered,0
1.00,59,all,median_abs_relative_bias,0.1368137477
1.00,59,all,spearman,0.9
1.00,59,all,regret,0.3415665505
1.00,59,all,beats_status_quo,1
1.00,59,all,achievable_lift_share,0.01103078925
1.00,59,all,shortfall_from_optimum_share,0.003767748633
1.00,59,all,loss_vs_status_quo_share,-0.007263040617
1.00,59,all,n_agreeing,3
1.00,60,tv,relative_bias,-0.1272661378
1.00,60,tv,covered,0
1.00,60,video,relative_bias,0.7773397829
1.00,60,video,covered,0
1.00,60,search,relative_bias,-0.2043413067
1.00,60,search,covered,0
1.00,60,social,relative_bias,-0.2679028172
1.00,60,social,covered,0
1.00,60,ooh,relative_bias,6.184805751
1.00,60,ooh,covered,0
1.00,60,all,median_abs_relative_bias,0.2679028172
1.00,60,all,spearman,0.6
1.00,60,all,regret,0.5161262684
1.00,60,all,beats_status_quo,1
1.00,60,all,achievable_lift_share,0.008796685224
1.00,60,all,shortfall_from_optimum_share,0.004540200319
1.00,60,all,loss_vs_status_quo_share,-0.004256484905
1.00,60,all,n_agreeing,3
1.00,61,tv,relative_bias,0.2715769331
1.00,61,tv,covered,0
1.00,61,video,relative_bias,-0.3707099286
1.00,61,video,covered,0
1.00,61,search,relative_bias,0.5089294569
1.00,61,search,covered,0
1.00,61,social,relative_bias,-0.3114897698
1.00,61,social,covered,0
1.00,61,ooh,relative_bias,0.284880762
1.00,61,ooh,covered,0
1.00,61,all,median_abs_relative_bias,0.3114897698
1.00,61,all,spearman,0.9
1.00,61,all,regret,0.9440231263
1.00,61,all,beats_status_quo,1
1.00,61,all,achievable_lift_share,0.009559889732
1.00,61,all,shortfall_from_optimum_share,0.009024756992
1.00,61,all,loss_vs_status_quo_share,-0.0005351327399
1.00,61,all,n_agreeing,3
1.00,62,tv,relative_bias,0.1439264236
1.00,62,tv,covered,0
1.00,62,video,relative_bias,0.5923372331
1.00,62,video,covered,0
1.00,62,search,relative_bias,0.8910936497
1.00,62,search,covered,0
1.00,62,social,relative_bias,0.02893753746
1.00,62,social,covered,1
1.00,62,ooh,relative_bias,0.2476844008
1.00,62,ooh,covered,0
1.00,62,all,median_abs_relative_bias,0.2476844008
1.00,62,all,spearman,1
1.00,62,all,regret,0.1061476823
1.00,62,all,beats_status_quo,1
1.00,62,all,achievable_lift_share,0.008496419527
1.00,62,all,shortfall_from_optimum_share,0.0009018752408
1.00,62,all,loss_vs_status_quo_share,-0.007594544286
1.00,62,all,n_agreeing,3
1.00,63,tv,relative_bias,1.97515159
1.00,63,tv,covered,0
1.00,63,video,relative_bias,0.8515214958
1.00,63,video,covered,0
1.00,63,search,relative_bias,0.09879787693
1.00,63,search,covered,1
1.00,63,social,relative_bias,-0.4128559562
1.00,63,social,covered,0
1.00,63,ooh,relative_bias,0.01749294274
1.00,63,ooh,covered,1
1.00,63,all,median_abs_relative_bias,0.4128559562
1.00,63,all,spearman,1
1.00,63,all,regret,0.9999687781
1.00,63,all,beats_status_quo,1
1.00,63,all,achievable_lift_share,0.009165584232
1.00,63,all,shortfall_from_optimum_share,0.009165298065
1.00,63,all,loss_vs_status_quo_share,-2.861673424e-07
1.00,63,all,n_agreeing,3
1.00,64,tv,relative_bias,0.08258809342
1.00,64,tv,covered,0
1.00,64,video,relative_bias,-0.5303581472
1.00,64,video,covered,0
1.00,64,search,relative_bias,0.1365497836
1.00,64,search,covered,1
1.00,64,social,relative_bias,1.108641306
1.00,64,social,covered,0
1.00,64,ooh,relative_bias,1.45241386
1.00,64,ooh,covered,0
1.00,64,all,median_abs_relative_bias,0.5303581472
1.00,64,all,spearman,0.3
1.00,64,all,regret,3.144494605
1.00,64,all,beats_status_quo,0
1.00,64,all,achievable_lift_share,0.008272018445
1.00,64,all,shortfall_from_optimum_share,0.02601131737
1.00,64,all,loss_vs_status_quo_share,0.01773929893
1.00,64,all,n_agreeing,3
1.00,65,tv,relative_bias,0.2251127453
1.00,65,tv,covered,0
1.00,65,video,relative_bias,0.7209502662
1.00,65,video,covered,0
1.00,65,search,relative_bias,0.4991414462
1.00,65,search,covered,0
1.00,65,social,relative_bias,-0.4211700981
1.00,65,social,covered,0
1.00,65,ooh,relative_bias,0.5309115291
1.00,65,ooh,covered,0
1.00,65,all,median_abs_relative_bias,0.4991414462
1.00,65,all,spearman,1
1.00,65,all,regret,0.976869811
1.00,65,all,beats_status_quo,1
1.00,65,all,achievable_lift_share,0.009791241373
1.00,65,all,shortfall_from_optimum_share,0.00956476811
1.00,65,all,loss_vs_status_quo_share,-0.0002264732635
1.00,65,all,n_agreeing,3
1.00,66,tv,relative_bias,-0.04385973134
1.00,66,tv,covered,1
1.00,66,video,relative_bias,1.141734373
1.00,66,video,covered,0
1.00,66,search,relative_bias,-0.1943107333
1.00,66,search,covered,0
1.00,66,social,relative_bias,-0.5850779683
1.00,66,social,covered,0
1.00,66,ooh,relative_bias,2.064887798
1.00,66,ooh,covered,0
1.00,66,all,median_abs_relative_bias,0.5850779683
1.00,66,all,spearman,0.6
1.00,66,all,regret,1.327742543
1.00,66,all,beats_status_quo,0
1.00,66,all,achievable_lift_share,0.01048304417
1.00,66,all,shortfall_from_optimum_share,0.01391878372
1.00,66,all,loss_vs_status_quo_share,0.003435739549
1.00,66,all,n_agreeing,3
1.00,67,tv,relative_bias,0.505860965
1.00,67,tv,covered,0
1.00,67,video,relative_bias,-0.4623546705
1.00,67,video,covered,0
1.00,67,search,relative_bias,-0.6941338686
1.00,67,search,covered,0
1.00,67,social,relative_bias,-0.450993157
1.00,67,social,covered,0
1.00,67,ooh,relative_bias,0.2239055631
1.00,67,ooh,covered,1
1.00,67,all,median_abs_relative_bias,0.4623546705
1.00,67,all,spearman,0.9
1.00,67,all,regret,2.718713412
1.00,67,all,beats_status_quo,0
1.00,67,all,achievable_lift_share,0.01108776954
1.00,67,all,shortfall_from_optimum_share,0.03014446776
1.00,67,all,loss_vs_status_quo_share,0.01905669822
1.00,67,all,n_agreeing,3
1.00,68,tv,relative_bias,1.491696995
1.00,68,tv,covered,0
1.00,68,video,relative_bias,1.904402665
1.00,68,video,covered,0
1.00,68,search,relative_bias,-0.4706284488
1.00,68,search,covered,0
1.00,68,social,relative_bias,-0.4268668198
1.00,68,social,covered,0
1.00,68,ooh,relative_bias,4.076903006
1.00,68,ooh,covered,0
1.00,68,all,median_abs_relative_bias,1.491696995
1.00,68,all,spearman,0.7
1.00,68,all,regret,1.659188262
1.00,68,all,beats_status_quo,0
1.00,68,all,achievable_lift_share,0.007575552477
1.00,68,all,shortfall_from_optimum_share,0.01256926775
1.00,68,all,loss_vs_status_quo_share,0.004993715273
1.00,68,all,n_agreeing,3
1.00,69,tv,relative_bias,-0.4223436196
1.00,69,tv,covered,0
1.00,69,video,relative_bias,-0.5758318019
1.00,69,video,covered,0
1.00,69,search,relative_bias,0.1304991782
1.00,69,search,covered,1
1.00,69,social,relative_bias,-0.3025060515
1.00,69,social,covered,0
1.00,69,ooh,relative_bias,0.2969362574
1.00,69,ooh,covered,0
1.00,69,all,median_abs_relative_bias,0.3025060515
1.00,69,all,spearman,0.9
1.00,69,all,regret,2.358377173
1.00,69,all,beats_status_quo,0
1.00,69,all,achievable_lift_share,0.01087777051
1.00,69,all,shortfall_from_optimum_share,0.02565388566
1.00,69,all,loss_vs_status_quo_share,0.01477611515
1.00,69,all,n_agreeing,7
1.00,70,tv,relative_bias,0.4469625118
1.00,70,tv,covered,0
1.00,70,video,relative_bias,-0.2028079212
1.00,70,video,covered,0
1.00,70,search,relative_bias,-0.5092623244
1.00,70,search,covered,0
1.00,70,social,relative_bias,1.305956536
1.00,70,social,covered,0
1.00,70,ooh,relative_bias,0.5840471727
1.00,70,ooh,covered,0
1.00,70,all,median_abs_relative_bias,0.5092623244
1.00,70,all,spearman,0.7
1.00,70,all,regret,2.681577549
1.00,70,all,beats_status_quo,0
1.00,70,all,achievable_lift_share,0.009347636419
1.00,70,all,shortfall_from_optimum_share,0.02506641195
1.00,70,all,loss_vs_status_quo_share,0.01571877554
1.00,70,all,n_agreeing,3
1.00,71,tv,relative_bias,-0.3316398578
1.00,71,tv,covered,0
1.00,71,video,relative_bias,0.1336398732
1.00,71,video,covered,1
1.00,71,search,relative_bias,-0.3940334792
1.00,71,search,covered,0
1.00,71,social,relative_bias,-0.01341883597
1.00,71,social,covered,1
1.00,71,ooh,relative_bias,1.660487374
1.00,71,ooh,covered,0
1.00,71,all,median_abs_relative_bias,0.3316398578
1.00,71,all,spearman,0.8
1.00,71,all,regret,0.5224264151
1.00,71,all,beats_status_quo,1
1.00,71,all,achievable_lift_share,0.01108130841
1.00,71,all,shortfall_from_optimum_share,0.005789168226
1.00,71,all,loss_vs_status_quo_share,-0.005292140183
1.00,71,all,n_agreeing,3
1.00,72,tv,relative_bias,-0.3198750474
1.00,72,tv,covered,0
1.00,72,video,relative_bias,0.1899271867
1.00,72,video,covered,0
1.00,72,search,relative_bias,0.2075823756
1.00,72,search,covered,0
1.00,72,social,relative_bias,-0.5666748221
1.00,72,social,covered,0
1.00,72,ooh,relative_bias,0.7548032025
1.00,72,ooh,covered,0
1.00,72,all,median_abs_relative_bias,0.3198750474
1.00,72,all,spearman,0.9
1.00,72,all,regret,1.416041596
1.00,72,all,beats_status_quo,0
1.00,72,all,achievable_lift_share,0.009960595236
1.00,72,all,shortfall_from_optimum_share,0.01410461717
1.00,72,all,loss_vs_status_quo_share,0.004144021937
1.00,72,all,n_agreeing,3
1.00,73,tv,relative_bias,0.05117931499
1.00,73,tv,covered,1
1.00,73,video,relative_bias,-0.692881821
1.00,73,video,covered,0
1.00,73,search,relative_bias,-0.2904747096
1.00,73,search,covered,0
1.00,73,social,relative_bias,0.2178784863
1.00,73,social,covered,1
1.00,73,ooh,relative_bias,-0.4834521632
1.00,73,ooh,covered,0
1.00,73,all,median_abs_relative_bias,0.2904747096
1.00,73,all,spearman,0.6
1.00,73,all,regret,2.656414511
1.00,73,all,beats_status_quo,0
1.00,73,all,achievable_lift_share,0.009786090916
1.00,73,all,shortfall_from_optimum_share,0.02599591391
1.00,73,all,loss_vs_status_quo_share,0.016209823
1.00,73,all,n_agreeing,3
1.00,74,tv,relative_bias,0.2255762669
1.00,74,tv,covered,0
1.00,74,video,relative_bias,1.02957726
1.00,74,video,covered,0
1.00,74,search,relative_bias,0.1662455672
1.00,74,search,covered,0
1.00,74,social,relative_bias,-0.6653264986
1.00,74,social,covered,0
1.00,74,ooh,relative_bias,2.095395767
1.00,74,ooh,covered,0
1.00,74,all,median_abs_relative_bias,0.6653264986
1.00,74,all,spearman,0.9
1.00,74,all,regret,0.943600484
1.00,74,all,beats_status_quo,1
1.00,74,all,achievable_lift_share,0.01236408726
1.00,74,all,shortfall_from_optimum_share,0.01166675872
1.00,74,all,loss_vs_status_quo_share,-0.0006973285372
1.00,74,all,n_agreeing,3
1.00,75,tv,relative_bias,1.117434286
1.00,75,tv,covered,0
1.00,75,video,relative_bias,-0.3356360715
1.00,75,video,covered,0
1.00,75,search,relative_bias,-0.4059835882
1.00,75,search,covered,0
1.00,75,social,relative_bias,-0.06521652661
1.00,75,social,covered,1
1.00,75,ooh,relative_bias,0.3824929747
1.00,75,ooh,covered,0
1.00,75,all,median_abs_relative_bias,0.3824929747
1.00,75,all,spearman,0.9
1.00,75,all,regret,0.5030486215
1.00,75,all,beats_status_quo,1
1.00,75,all,achievable_lift_share,0.007429332323
1.00,75,all,shortfall_from_optimum_share,0.003737315384
1.00,75,all,loss_vs_status_quo_share,-0.003692016939
1.00,75,all,n_agreeing,3
1.00,76,tv,relative_bias,1.381776829
1.00,76,tv,covered,0
1.00,76,video,relative_bias,-0.346805413
1.00,76,video,covered,0
1.00,76,search,relative_bias,0.7013058445
1.00,76,search,covered,0
1.00,76,social,relative_bias,0.4194046339
1.00,76,social,covered,0
1.00,76,ooh,relative_bias,1.084542915
1.00,76,ooh,covered,0
1.00,76,all,median_abs_relative_bias,0.7013058445
1.00,76,all,spearman,0.7
1.00,76,all,regret,0.4869535068
1.00,76,all,beats_status_quo,1
1.00,76,all,achievable_lift_share,0.008919673772
1.00,76,all,shortfall_from_optimum_share,0.004343466423
1.00,76,all,loss_vs_status_quo_share,-0.004576207349
1.00,76,all,n_agreeing,3
1.00,77,tv,relative_bias,0.2461071189
1.00,77,tv,covered,0
1.00,77,video,relative_bias,-0.3853699763
1.00,77,video,covered,0
1.00,77,search,relative_bias,0.1372326381
1.00,77,search,covered,1
1.00,77,social,relative_bias,-0.2716490625
1.00,77,social,covered,0
1.00,77,ooh,relative_bias,1.516357778
1.00,77,ooh,covered,0
1.00,77,all,median_abs_relative_bias,0.2716490625
1.00,77,all,spearman,0.8
1.00,77,all,regret,2.099853572
1.00,77,all,beats_status_quo,0
1.00,77,all,achievable_lift_share,0.01212255516
1.00,77,all,shortfall_from_optimum_share,0.02545559075
1.00,77,all,loss_vs_status_quo_share,0.01333303559
1.00,77,all,n_agreeing,7
1.00,78,tv,relative_bias,0.22665955
1.00,78,tv,covered,0
1.00,78,video,relative_bias,1.478441101
1.00,78,video,covered,0
1.00,78,search,relative_bias,-0.2061182356
1.00,78,search,covered,0
1.00,78,social,relative_bias,-0.2869242161
1.00,78,social,covered,0
1.00,78,ooh,relative_bias,-0.2431175747
1.00,78,ooh,covered,0
1.00,78,all,median_abs_relative_bias,0.2431175747
1.00,78,all,spearman,0.9
1.00,78,all,regret,0.6765749311
1.00,78,all,beats_status_quo,1
1.00,78,all,achievable_lift_share,0.01443259785
1.00,78,all,shortfall_from_optimum_share,0.009764733896
1.00,78,all,loss_vs_status_quo_share,-0.004667863954
1.00,78,all,n_agreeing,3
1.00,79,tv,relative_bias,-0.196674264
1.00,79,tv,covered,0
1.00,79,video,relative_bias,-0.1917065768
1.00,79,video,covered,0
1.00,79,search,relative_bias,-0.6283876967
1.00,79,search,covered,0
1.00,79,social,relative_bias,-0.136370807
1.00,79,social,covered,1
1.00,79,ooh,relative_bias,-0.2506904349
1.00,79,ooh,covered,0
1.00,79,all,median_abs_relative_bias,0.196674264
1.00,79,all,spearman,0.9
1.00,79,all,regret,2.447632708
1.00,79,all,beats_status_quo,0
1.00,79,all,achievable_lift_share,0.008280810333
1.00,79,all,shortfall_from_optimum_share,0.02026838222
1.00,79,all,loss_vs_status_quo_share,0.01198757188
1.00,79,all,n_agreeing,3
1.00,80,tv,relative_bias,0.3451282214
1.00,80,tv,covered,0
1.00,80,video,relative_bias,0.6998989785
1.00,80,video,covered,0
1.00,80,search,relative_bias,-0.2440784344
1.00,80,search,covered,0
1.00,80,social,relative_bias,-0.4040384743
1.00,80,social,covered,0
1.00,80,ooh,relative_bias,0.9038915802
1.00,80,ooh,covered,0
1.00,80,all,median_abs_relative_bias,0.4040384743
1.00,80,all,spearman,0.9
1.00,80,all,regret,1.337675591
1.00,80,all,beats_status_quo,0
1.00,80,all,achievable_lift_share,0.009174963818
1.00,80,all,shortfall_from_optimum_share,0.01227312515
1.00,80,all,loss_vs_status_quo_share,0.003098161328
1.00,80,all,n_agreeing,3
1.00,81,tv,relative_bias,0.3049692318
1.00,81,tv,covered,0
1.00,81,video,relative_bias,0.7441389953
1.00,81,video,covered,0
1.00,81,search,relative_bias,-0.5478418096
1.00,81,search,covered,0
1.00,81,social,relative_bias,-0.3607438598
1.00,81,social,covered,0
1.00,81,ooh,relative_bias,0.6406894514
1.00,81,ooh,covered,0
1.00,81,all,median_abs_relative_bias,0.5478418096
1.00,81,all,spearman,0.9
1.00,81,all,regret,1.766782421
1.00,81,all,beats_status_quo,0
1.00,81,all,achievable_lift_share,0.01212606753
1.00,81,all,shortfall_from_optimum_share,0.02142412295
1.00,81,all,loss_vs_status_quo_share,0.009298055417
1.00,81,all,n_agreeing,3
1.00,82,tv,relative_bias,-0.2435609852
1.00,82,tv,covered,0
1.00,82,video,relative_bias,0.7342528948
1.00,82,video,covered,0
1.00,82,search,relative_bias,-0.2857251456
1.00,82,search,covered,0
1.00,82,social,relative_bias,-0.4364527413
1.00,82,social,covered,0
1.00,82,ooh,relative_bias,1.929914884
1.00,82,ooh,covered,0
1.00,82,all,median_abs_relative_bias,0.4364527413
1.00,82,all,spearman,0.6
1.00,82,all,regret,1.635987543
1.00,82,all,beats_status_quo,0
1.00,82,all,achievable_lift_share,0.008714849163
1.00,82,all,shortfall_from_optimum_share,0.01425738467
1.00,82,all,loss_vs_status_quo_share,0.00554253551
1.00,82,all,n_agreeing,3
1.00,83,tv,relative_bias,0.3798301575
1.00,83,tv,covered,0
1.00,83,video,relative_bias,-0.6295893866
1.00,83,video,covered,0
1.00,83,search,relative_bias,-0.2243351014
1.00,83,search,covered,0
1.00,83,social,relative_bias,0.263775351
1.00,83,social,covered,0
1.00,83,ooh,relative_bias,0.1439924631
1.00,83,ooh,covered,1
1.00,83,all,median_abs_relative_bias,0.263775351
1.00,83,all,spearman,0.6
1.00,83,all,regret,2.527961628
1.00,83,all,beats_status_quo,0
1.00,83,all,achievable_lift_share,0.01005130925
1.00,83,all,shortfall_from_optimum_share,0.02540932408
1.00,83,all,loss_vs_status_quo_share,0.01535801483
1.00,83,all,n_agreeing,3
1.00,84,tv,relative_bias,-0.2687156805
1.00,84,tv,covered,0
1.00,84,video,relative_bias,-0.04981183831
1.00,84,video,covered,1
1.00,84,search,relative_bias,1.279073845
1.00,84,search,covered,0
1.00,84,social,relative_bias,-0.3494010174
1.00,84,social,covered,0
1.00,84,ooh,relative_bias,-0.08305521357
1.00,84,ooh,covered,1
1.00,84,all,median_abs_relative_bias,0.2687156805
1.00,84,all,spearman,0.7
1.00,84,all,regret,1.542514607
1.00,84,all,beats_status_quo,0
1.00,84,all,achievable_lift_share,0.008333021568
1.00,84,all,shortfall_from_optimum_share,0.01285380749
1.00,84,all,loss_vs_status_quo_share,0.004520785922
1.00,84,all,n_agreeing,3
1.00,85,tv,relative_bias,0.2652948935
1.00,85,tv,covered,0
1.00,85,video,relative_bias,-0.5183502269
1.00,85,video,covered,0
1.00,85,search,relative_bias,0.05918693941
1.00,85,search,covered,1
1.00,85,social,relative_bias,-0.3332223483
1.00,85,social,covered,0
1.00,85,ooh,relative_bias,3.379395057
1.00,85,ooh,covered,0
1.00,85,all,median_abs_relative_bias,0.3332223483
1.00,85,all,spearman,0.3
1.00,85,all,regret,3.22061336
1.00,85,all,beats_status_quo,0
1.00,85,all,achievable_lift_share,0.007654707181
1.00,85,all,shortfall_from_optimum_share,0.02465285222
1.00,85,all,loss_vs_status_quo_share,0.01699814504
1.00,85,all,n_agreeing,3
1.00,86,tv,relative_bias,1.581924676
1.00,86,tv,covered,0
1.00,86,video,relative_bias,-0.3931778974
1.00,86,video,covered,0
1.00,86,search,relative_bias,0.1059699023
1.00,86,search,covered,1
1.00,86,social,relative_bias,-0.5787175718
1.00,86,social,covered,0
1.00,86,ooh,relative_bias,-0.1228596586
1.00,86,ooh,covered,1
1.00,86,all,median_abs_relative_bias,0.3931778974
1.00,86,all,spearman,0.9
1.00,86,all,regret,0.8368439057
1.00,86,all,beats_status_quo,1
1.00,86,all,achievable_lift_share,0.01143244965
1.00,86,all,shortfall_from_optimum_share,0.009567175818
1.00,86,all,loss_vs_status_quo_share,-0.001865273833
1.00,86,all,n_agreeing,3
1.00,87,tv,relative_bias,0.5392766714
1.00,87,tv,covered,0
1.00,87,video,relative_bias,-0.1310960514
1.00,87,video,covered,0
1.00,87,search,relative_bias,-0.5264434299
1.00,87,search,covered,0
1.00,87,social,relative_bias,-0.6736072609
1.00,87,social,covered,0
1.00,87,ooh,relative_bias,0.4339034886
1.00,87,ooh,covered,1
1.00,87,all,median_abs_relative_bias,0.5264434299
1.00,87,all,spearman,0.9
1.00,87,all,regret,3.2805308
1.00,87,all,beats_status_quo,0
1.00,87,all,achievable_lift_share,0.009421018287
1.00,87,all,shortfall_from_optimum_share,0.03090594065
1.00,87,all,loss_vs_status_quo_share,0.02148492237
1.00,87,all,n_agreeing,3
1.00,88,tv,relative_bias,0.04669416429
1.00,88,tv,covered,1
1.00,88,video,relative_bias,-0.5007550497
1.00,88,video,covered,0
1.00,88,search,relative_bias,-0.5664709017
1.00,88,search,covered,0
1.00,88,social,relative_bias,1.448265786
1.00,88,social,covered,0
1.00,88,ooh,relative_bias,0.2364988858
1.00,88,ooh,covered,1
1.00,88,all,median_abs_relative_bias,0.5007550497
1.00,88,all,spearman,0.7
1.00,88,all,regret,2.062977491
1.00,88,all,beats_status_quo,0
1.00,88,all,achievable_lift_share,0.0114760779
1.00,88,all,shortfall_from_optimum_share,0.0236748904
1.00,88,all,loss_vs_status_quo_share,0.0121988125
1.00,88,all,n_agreeing,3
1.00,89,tv,relative_bias,1.687038329
1.00,89,tv,covered,0
1.00,89,video,relative_bias,0.6365364765
1.00,89,video,covered,0
1.00,89,search,relative_bias,1.007639401
1.00,89,search,covered,0
1.00,89,social,relative_bias,-0.1170023898
1.00,89,social,covered,1
1.00,89,ooh,relative_bias,0.2604013687
1.00,89,ooh,covered,1
1.00,89,all,median_abs_relative_bias,0.6365364765
1.00,89,all,spearman,1
1.00,89,all,regret,0.4608190127
1.00,89,all,beats_status_quo,1
1.00,89,all,achievable_lift_share,0.01277238316
1.00,89,all,shortfall_from_optimum_share,0.005885756997
1.00,89,all,loss_vs_status_quo_share,-0.006886626163
1.00,89,all,n_agreeing,3
1.00,90,tv,relative_bias,-0.102818331
1.00,90,tv,covered,0
1.00,90,video,relative_bias,-0.1319550587
1.00,90,video,covered,0
1.00,90,search,relative_bias,-0.4298254315
1.00,90,search,covered,0
1.00,90,social,relative_bias,-0.2211248824
1.00,90,social,covered,0
1.00,90,ooh,relative_bias,0.553744023
1.00,90,ooh,covered,0
1.00,90,all,median_abs_relative_bias,0.2211248824
1.00,90,all,spearman,1
1.00,90,all,regret,0.7936012639
1.00,90,all,beats_status_quo,1
1.00,90,all,achievable_lift_share,0.00814600923
1.00,90,all,shortfall_from_optimum_share,0.006464683221
1.00,90,all,loss_vs_status_quo_share,-0.001681326009
1.00,90,all,n_agreeing,3
1.00,91,tv,relative_bias,-0.1534729949
1.00,91,tv,covered,0
1.00,91,video,relative_bias,0.06611144503
1.00,91,video,covered,1
1.00,91,search,relative_bias,0.241924116
1.00,91,search,covered,0
1.00,91,social,relative_bias,0.1777371406
1.00,91,social,covered,1
1.00,91,ooh,relative_bias,3.15729874
1.00,91,ooh,covered,0
1.00,91,all,median_abs_relative_bias,0.1777371406
1.00,91,all,spearman,0.9
1.00,91,all,regret,0.4270504172
1.00,91,all,beats_status_quo,1
1.00,91,all,achievable_lift_share,0.01227488862
1.00,91,all,shortfall_from_optimum_share,0.005241996305
1.00,91,all,loss_vs_status_quo_share,-0.007032892312
1.00,91,all,n_agreeing,3
1.00,92,tv,relative_bias,-0.2070086173
1.00,92,tv,covered,0
1.00,92,video,relative_bias,0.181035229
1.00,92,video,covered,0
1.00,92,search,relative_bias,0.3158745398
1.00,92,search,covered,0
1.00,92,social,relative_bias,0.5438782974
1.00,92,social,covered,0
1.00,92,ooh,relative_bias,1.658613334
1.00,92,ooh,covered,0
1.00,92,all,median_abs_relative_bias,0.3158745398
1.00,92,all,spearman,1
1.00,92,all,regret,0.6062159799
1.00,92,all,beats_status_quo,1
1.00,92,all,achievable_lift_share,0.008044010293
1.00,92,all,shortfall_from_optimum_share,0.004876407582
1.00,92,all,loss_vs_status_quo_share,-0.003167602711
1.00,92,all,n_agreeing,3
1.00,93,tv,relative_bias,-0.312901479
1.00,93,tv,covered,0
1.00,93,video,relative_bias,0.2856454473
1.00,93,video,covered,0
1.00,93,search,relative_bias,-0.4766422564
1.00,93,search,covered,0
1.00,93,social,relative_bias,-0.3914290518
1.00,93,social,covered,0
1.00,93,ooh,relative_bias,-0.1119286646
1.00,93,ooh,covered,1
1.00,93,all,median_abs_relative_bias,0.312901479
1.00,93,all,spearman,0.9
1.00,93,all,regret,0.04774156261
1.00,93,all,beats_status_quo,1
1.00,93,all,achievable_lift_share,0.01377211072
1.00,93,all,shortfall_from_optimum_share,0.0006575020863
1.00,93,all,loss_vs_status_quo_share,-0.01311460863
1.00,93,all,n_agreeing,7
1.00,94,tv,relative_bias,-0.08884601299
1.00,94,tv,covered,0
1.00,94,video,relative_bias,-0.6235870726
1.00,94,video,covered,0
1.00,94,search,relative_bias,-0.4643727671
1.00,94,search,covered,0
1.00,94,social,relative_bias,0.2884558119
1.00,94,social,covered,1
1.00,94,ooh,relative_bias,-0.04101687221
1.00,94,ooh,covered,1
1.00,94,all,median_abs_relative_bias,0.2884558119
1.00,94,all,spearman,0.6
1.00,94,all,regret,2.135142908
1.00,94,all,beats_status_quo,0
1.00,94,all,achievable_lift_share,0.01091791055
1.00,94,all,shortfall_from_optimum_share,0.02331129929
1.00,94,all,loss_vs_status_quo_share,0.01239338874
1.00,94,all,n_agreeing,4
1.00,95,tv,relative_bias,0.6694240388
1.00,95,tv,covered,0
1.00,95,video,relative_bias,-0.3561990744
1.00,95,video,covered,0
1.00,95,search,relative_bias,-0.5850379896
1.00,95,search,covered,0
1.00,95,social,relative_bias,-0.6696462748
1.00,95,social,covered,0
1.00,95,ooh,relative_bias,-0.1790299649
1.00,95,ooh,covered,1
1.00,95,all,median_abs_relative_bias,0.5850379896
1.00,95,all,spearman,1
1.00,95,all,regret,1.042849152
1.00,95,all,beats_status_quo,0
1.00,95,all,achievable_lift_share,0.009430810225
1.00,95,all,shortfall_from_optimum_share,0.009834912443
1.00,95,all,loss_vs_status_quo_share,0.0004041022183
1.00,95,all,n_agreeing,3
1.00,96,tv,relative_bias,0.005659914513
1.00,96,tv,covered,1
1.00,96,video,relative_bias,-0.3970424593
1.00,96,video,covered,0
1.00,96,search,relative_bias,-0.3893043399
1.00,96,search,covered,0
1.00,96,social,relative_bias,0.08657501388
1.00,96,social,covered,1
1.00,96,ooh,relative_bias,1.121673242
1.00,96,ooh,covered,0
1.00,96,all,median_abs_relative_bias,0.3893043399
1.00,96,all,spearman,0.9
1.00,96,all,regret,0.5520465348
1.00,96,all,beats_status_quo,1
1.00,96,all,achievable_lift_share,0.008453187482
1.00,96,all,shortfall_from_optimum_share,0.004666552857
1.00,96,all,loss_vs_status_quo_share,-0.003786634624
1.00,96,all,n_agreeing,3
1.00,97,tv,relative_bias,-0.4709583948
1.00,97,tv,covered,0
1.00,97,video,relative_bias,0.8350748564
1.00,97,video,covered,0
1.00,97,search,relative_bias,0.5125223573
1.00,97,search,covered,0
1.00,97,social,relative_bias,0.8842271815
1.00,97,social,covered,0
1.00,97,ooh,relative_bias,0.09818222478
1.00,97,ooh,covered,1
1.00,97,all,median_abs_relative_bias,0.5125223573
1.00,97,all,spearman,0.4
1.00,97,all,regret,0.02691830907
1.00,97,all,beats_status_quo,1
1.00,97,all,achievable_lift_share,0.01079248997
1.00,97,all,shortfall_from_optimum_share,0.0002905155808
1.00,97,all,loss_vs_status_quo_share,-0.01050197439
1.00,97,all,n_agreeing,3
1.00,98,tv,relative_bias,0.26362455
1.00,98,tv,covered,0
1.00,98,video,relative_bias,-0.2753071054
1.00,98,video,covered,0
1.00,98,search,relative_bias,-0.5186382083
1.00,98,search,covered,0
1.00,98,social,relative_bias,1.875531424
1.00,98,social,covered,0
1.00,98,ooh,relative_bias,3.475918648
1.00,98,ooh,covered,0
1.00,98,all,median_abs_relative_bias,0.5186382083
1.00,98,all,spearman,0.2
1.00,98,all,regret,2.461932097
1.00,98,all,beats_status_quo,0
1.00,98,all,achievable_lift_share,0.009056617311
1.00,98,all,shortfall_from_optimum_share,0.02229677685
1.00,98,all,loss_vs_status_quo_share,0.01324015954
1.00,98,all,n_agreeing,3
1.00,99,tv,relative_bias,-0.2537360758
1.00,99,tv,covered,0
1.00,99,video,relative_bias,0.4519892912
1.00,99,video,covered,0
1.00,99,search,relative_bias,0.1909049058
1.00,99,search,covered,0
1.00,99,social,relative_bias,1.364614944
1.00,99,social,covered,0
1.00,99,ooh,relative_bias,-0.2612148522
1.00,99,ooh,covered,0
1.00,99,all,median_abs_relative_bias,0.2612148522
1.00,99,all,spearman,0.8
1.00,99,all,regret,0.2259964857
1.00,99,all,beats_status_quo,1
1.00,99,all,achievable_lift_share,0.01060288698
1.00,99,all,shortfall_from_optimum_share,0.002396215196
1.00,99,all,loss_vs_status_quo_share,-0.008206671784
1.00,99,all,n_agreeing,3
1.00,100,tv,relative_bias,-0.4391885179
1.00,100,tv,covered,0
1.00,100,video,relative_bias,1.198840887
1.00,100,video,covered,0
1.00,100,search,relative_bias,0.3909420412
1.00,100,search,covered,0
1.00,100,social,relative_bias,0.8245669444
1.00,100,social,covered,0
1.00,100,ooh,relative_bias,1.836649883
1.00,100,ooh,covered,0
1.00,100,all,median_abs_relative_bias,0.8245669444
1.00,100,all,spearman,0.9
1.00,100,all,regret,0.8895282156
1.00,100,all,beats_status_quo,1
1.00,100,all,achievable_lift_share,0.005805033996
1.00,100,all,shortfall_from_optimum_share,0.005163741532
1.00,100,all,loss_vs_status_quo_share,-0.0006412924639
1.00,100,all,n_agreeing,3
1.00,101,tv,relative_bias,-0.2797989533
1.00,101,tv,covered,0
1.00,101,video,relative_bias,-0.7674656876
1.00,101,video,covered,0
1.00,101,search,relative_bias,-0.01807185568
1.00,101,search,covered,1
1.00,101,social,relative_bias,-0.2927986377
1.00,101,social,covered,0
1.00,101,ooh,relative_bias,1.128177824
1.00,101,ooh,covered,1
1.00,101,all,median_abs_relative_bias,0.2927986377
1.00,101,all,spearman,0.3
1.00,101,all,regret,2.634031086
1.00,101,all,beats_status_quo,0
1.00,101,all,achievable_lift_share,0.01008721788
1.00,101,all,shortfall_from_optimum_share,0.02657004546
1.00,101,all,loss_vs_status_quo_share,0.01648282758
1.00,101,all,n_agreeing,3
1.00,102,tv,relative_bias,1.195691254
1.00,102,tv,covered,0
1.00,102,video,relative_bias,0.04187802122
1.00,102,video,covered,1
1.00,102,search,relative_bias,-0.4609701877
1.00,102,search,covered,0
1.00,102,social,relative_bias,-0.5898437799
1.00,102,social,covered,0
1.00,102,ooh,relative_bias,3.135116341
1.00,102,ooh,covered,0
1.00,102,all,median_abs_relative_bias,0.5898437799
1.00,102,all,spearman,0.7
1.00,102,all,regret,1.360022875
1.00,102,all,beats_status_quo,0
1.00,102,all,achievable_lift_share,0.008403214998
1.00,102,all,shortfall_from_optimum_share,0.01142856462
1.00,102,all,loss_vs_status_quo_share,0.003025349622
1.00,102,all,n_agreeing,3
1.00,103,tv,relative_bias,0.03407644268
1.00,103,tv,covered,1
1.00,103,video,relative_bias,0.7061904401
1.00,103,video,covered,0
1.00,103,search,relative_bias,-0.4331119533
1.00,103,search,covered,0
1.00,103,social,relative_bias,-0.6133299434
1.00,103,social,covered,0
1.00,103,ooh,relative_bias,-0.3786810599
1.00,103,ooh,covered,0
1.00,103,all,median_abs_relative_bias,0.4331119533
1.00,103,all,spearman,1
1.00,103,all,regret,1.874049909
1.00,103,all,beats_status_quo,0
1.00,103,all,achievable_lift_share,0.009804238827
1.00,103,all,shortfall_from_optimum_share,0.01837363288
1.00,103,all,loss_vs_status_quo_share,0.008569394057
1.00,103,all,n_agreeing,3
1.00,104,tv,relative_bias,-0.03319506231
1.00,104,tv,covered,1
1.00,104,video,relative_bias,-0.5025710861
1.00,104,video,covered,0
1.00,104,search,relative_bias,0.116377953
1.00,104,search,covered,1
1.00,104,social,relative_bias,0.05015986533
1.00,104,social,covered,1
1.00,104,ooh,relative_bias,1.255648509
1.00,104,ooh,covered,0
1.00,104,all,median_abs_relative_bias,0.116377953
1.00,104,all,spearman,0.7
1.00,104,all,regret,2.932381858
1.00,104,all,beats_status_quo,0
1.00,104,all,achievable_lift_share,0.008575525862
1.00,104,all,shortfall_from_optimum_share,0.02514671646
1.00,104,all,loss_vs_status_quo_share,0.0165711906
1.00,104,all,n_agreeing,3
1.00,105,tv,relative_bias,1.497194747
1.00,105,tv,covered,0
1.00,105,video,relative_bias,1.146085834
1.00,105,video,covered,0
1.00,105,search,relative_bias,0.280446631
1.00,105,search,covered,0
1.00,105,social,relative_bias,-0.104091276
1.00,105,social,covered,1
1.00,105,ooh,relative_bias,1.7987623
1.00,105,ooh,covered,0
1.00,105,all,median_abs_relative_bias,1.146085834
1.00,105,all,spearman,0.9
1.00,105,all,regret,0.5763040269
1.00,105,all,beats_status_quo,1
1.00,105,all,achievable_lift_share,0.008208246377
1.00,105,all,shortfall_from_optimum_share,0.004730445441
1.00,105,all,loss_vs_status_quo_share,-0.003477800936
1.00,105,all,n_agreeing,3
1.00,106,tv,relative_bias,-0.379858339
1.00,106,tv,covered,0
1.00,106,video,relative_bias,-0.3117935792
1.00,106,video,covered,0
1.00,106,search,relative_bias,-0.6587698697
1.00,106,search,covered,0
1.00,106,social,relative_bias,0.1569105597
1.00,106,social,covered,1
1.00,106,ooh,relative_bias,-0.1561252407
1.00,106,ooh,covered,1
1.00,106,all,median_abs_relative_bias,0.3117935792
1.00,106,all,spearman,0.9
1.00,106,all,regret,3.882094876
1.00,106,all,beats_status_quo,0
1.00,106,all,achievable_lift_share,0.00876342558
1.00,106,all,shortfall_from_optimum_share,0.03402044954
1.00,106,all,loss_vs_status_quo_share,0.02525702396
1.00,106,all,n_agreeing,3
1.00,107,tv,relative_bias,0.7723466323
1.00,107,tv,covered,0
1.00,107,video,relative_bias,0.6087539378
1.00,107,video,covered,0
1.00,107,search,relative_bias,-0.2270950529
1.00,107,search,covered,0
1.00,107,social,relative_bias,0.1084113086
1.00,107,social,covered,1
1.00,107,ooh,relative_bias,-0.132037947
1.00,107,ooh,covered,1
1.00,107,all,median_abs_relative_bias,0.2270950529
1.00,107,all,spearman,1
1.00,107,all,regret,0.2154834588
1.00,107,all,beats_status_quo,1
1.00,107,all,achievable_lift_share,0.01218279787
1.00,107,all,shortfall_from_optimum_share,0.002625191424
1.00,107,all,loss_vs_status_quo_share,-0.009557606448
1.00,107,all,n_agreeing,7
1.00,108,tv,relative_bias,-0.2084415421
1.00,108,tv,covered,0
1.00,108,video,relative_bias,-0.2867150713
1.00,108,video,covered,0
1.00,108,search,relative_bias,-0.4342957231
1.00,108,search,covered,0
1.00,108,social,relative_bias,-0.7837813931
1.00,108,social,covered,0
1.00,108,ooh,relative_bias,0.9977093982
1.00,108,ooh,covered,0
1.00,108,all,median_abs_relative_bias,0.4342957231
1.00,108,all,spearman,0.9
1.00,108,all,regret,3.141095322
1.00,108,all,beats_status_quo,0
1.00,108,all,achievable_lift_share,0.009293532791
1.00,108,all,shortfall_from_optimum_share,0.02919187238
1.00,108,all,loss_vs_status_quo_share,0.01989833959
1.00,108,all,n_agreeing,3
1.00,109,tv,relative_bias,0.1303137203
1.00,109,tv,covered,0
1.00,109,video,relative_bias,2.267968113
1.00,109,video,covered,0
1.00,109,search,relative_bias,-0.05159256195
1.00,109,search,covered,1
1.00,109,social,relative_bias,0.05141356261
1.00,109,social,covered,1
1.00,109,ooh,relative_bias,1.172189788
1.00,109,ooh,covered,0
1.00,109,all,median_abs_relative_bias,0.1303137203
1.00,109,all,spearman,0.9
1.00,109,all,regret,0.7242790933
1.00,109,all,beats_status_quo,1
1.00,109,all,achievable_lift_share,0.007896585414
1.00,109,all,shortfall_from_optimum_share,0.005719331724
1.00,109,all,loss_vs_status_quo_share,-0.002177253691
1.00,109,all,n_agreeing,3
1.00,110,tv,relative_bias,-0.1666288822
1.00,110,tv,covered,0
1.00,110,video,relative_bias,-0.08623358717
1.00,110,video,covered,1
1.00,110,search,relative_bias,0.6803080574
1.00,110,search,covered,0
1.00,110,social,relative_bias,-0.7013090125
1.00,110,social,covered,0
1.00,110,ooh,relative_bias,-0.2904067257
1.00,110,ooh,covered,0
1.00,110,all,median_abs_relative_bias,0.2904067257
1.00,110,all,spearman,0.9
1.00,110,all,regret,1.258657177
1.00,110,all,beats_status_quo,0
1.00,110,all,achievable_lift_share,0.008383610661
1.00,110,all,shortfall_from_optimum_share,0.01055209172
1.00,110,all,loss_vs_status_quo_share,0.002168481064
1.00,110,all,n_agreeing,3
1.00,111,tv,relative_bias,0.2249930725
1.00,111,tv,covered,0
1.00,111,video,relative_bias,-0.6075640752
1.00,111,video,covered,0
1.00,111,search,relative_bias,-0.4275806167
1.00,111,search,covered,0
1.00,111,social,relative_bias,0.118160126
1.00,111,social,covered,1
1.00,111,ooh,relative_bias,1.291676859
1.00,111,ooh,covered,0
1.00,111,all,median_abs_relative_bias,0.4275806167
1.00,111,all,spearman,0.3
1.00,111,all,regret,3.01976284
1.00,111,all,beats_status_quo,0
1.00,111,all,achievable_lift_share,0.008987188914
1.00,111,all,shortfall_from_optimum_share,0.02713917912
1.00,111,all,loss_vs_status_quo_share,0.0181519902
1.00,111,all,n_agreeing,3
1.00,112,tv,relative_bias,-0.1921718513
1.00,112,tv,covered,0
1.00,112,video,relative_bias,1.60168507
1.00,112,video,covered,0
1.00,112,search,relative_bias,0.1930334512
1.00,112,search,covered,0
1.00,112,social,relative_bias,0.02033674769
1.00,112,social,covered,1
1.00,112,ooh,relative_bias,2.632796136
1.00,112,ooh,covered,0
1.00,112,all,median_abs_relative_bias,0.1930334512
1.00,112,all,spearman,0.8
1.00,112,all,regret,0.3805039902
1.00,112,all,beats_status_quo,1
1.00,112,all,achievable_lift_share,0.009801365254
1.00,112,all,shortfall_from_optimum_share,0.003729458588
1.00,112,all,loss_vs_status_quo_share,-0.006071906666
1.00,112,all,n_agreeing,3
1.00,113,tv,relative_bias,0.295570875
1.00,113,tv,covered,0
1.00,113,video,relative_bias,1.381037942
1.00,113,video,covered,0
1.00,113,search,relative_bias,-0.2810767607
1.00,113,search,covered,0
1.00,113,social,relative_bias,1.235194568
1.00,113,social,covered,0
1.00,113,ooh,relative_bias,0.5897025397
1.00,113,ooh,covered,0
1.00,113,all,median_abs_relative_bias,0.5897025397
1.00,113,all,spearman,0.8
1.00,113,all,regret,0.3744181212
1.00,113,all,beats_status_quo,1
1.00,113,all,achievable_lift_share,0.01150163955
1.00,113,all,shortfall_from_optimum_share,0.004306422272
1.00,113,all,loss_vs_status_quo_share,-0.007195217282
1.00,113,all,n_agreeing,3
1.00,114,tv,relative_bias,-0.09924952262
1.00,114,tv,covered,0
1.00,114,video,relative_bias,0.2924137201
1.00,114,video,covered,0
1.00,114,search,relative_bias,-0.00967560127
1.00,114,search,covered,1
1.00,114,social,relative_bias,0.1924024066
1.00,114,social,covered,1
1.00,114,ooh,relative_bias,1.522831854
1.00,114,ooh,covered,0
1.00,114,all,median_abs_relative_bias,0.1924024066
1.00,114,all,spearman,1
1.00,114,all,regret,0.591257499
1.00,114,all,beats_status_quo,1
1.00,114,all,achievable_lift_share,0.01002250297
1.00,114,all,shortfall_from_optimum_share,0.005925880041
1.00,114,all,loss_vs_status_quo_share,-0.004096622931
1.00,114,all,n_agreeing,3
1.00,115,tv,relative_bias,0.3613785292
1.00,115,tv,covered,0
1.00,115,video,relative_bias,-0.166190708
1.00,115,video,covered,0
1.00,115,search,relative_bias,-0.4853385351
1.00,115,search,covered,0
1.00,115,social,relative_bias,-0.7571066433
1.00,115,social,covered,0
1.00,115,ooh,relative_bias,0.7770236678
1.00,115,ooh,covered,0
1.00,115,all,median_abs_relative_bias,0.4853385351
1.00,115,all,spearman,0.9
1.00,115,all,regret,1.409779007
1.00,115,all,beats_status_quo,0
1.00,115,all,achievable_lift_share,0.009561942994
1.00,115,all,shortfall_from_optimum_share,0.0134802265
1.00,115,all,loss_vs_status_quo_share,0.003918283502
1.00,115,all,n_agreeing,3
1.00,116,tv,relative_bias,0.6472244092
1.00,116,tv,covered,0
1.00,116,video,relative_bias,-0.1261991277
1.00,116,video,covered,0
1.00,116,search,relative_bias,-0.3314825315
1.00,116,search,covered,0
1.00,116,social,relative_bias,-0.3279007001
1.00,116,social,covered,0
1.00,116,ooh,relative_bias,1.84158421
1.00,116,ooh,covered,0
1.00,116,all,median_abs_relative_bias,0.3314825315
1.00,116,all,spearman,0.7
1.00,116,all,regret,1.050919713
1.00,116,all,beats_status_quo,0
1.00,116,all,achievable_lift_share,0.01177843129
1.00,116,all,shortfall_from_optimum_share,0.01237818563
1.00,116,all,loss_vs_status_quo_share,0.0005997543427
1.00,116,all,n_agreeing,7
1.00,117,tv,relative_bias,0.1005835504
1.00,117,tv,covered,0
1.00,117,video,relative_bias,0.1761524803
1.00,117,video,covered,0
1.00,117,search,relative_bias,-0.1430376275
1.00,117,search,covered,1
1.00,117,social,relative_bias,0.2101986582
1.00,117,social,covered,0
1.00,117,ooh,relative_bias,-0.00331450851
1.00,117,ooh,covered,1
1.00,117,all,median_abs_relative_bias,0.1430376275
1.00,117,all,spearman,1
1.00,117,all,regret,0.2316232907
1.00,117,all,beats_status_quo,1
1.00,117,all,achievable_lift_share,0.008723275379
1.00,117,all,shortfall_from_optimum_share,0.002020513749
1.00,117,all,loss_vs_status_quo_share,-0.00670276163
1.00,117,all,n_agreeing,3
1.00,118,tv,relative_bias,2.059447535
1.00,118,tv,covered,0
1.00,118,video,relative_bias,-0.1931379213
1.00,118,video,covered,0
1.00,118,search,relative_bias,-0.4961334994
1.00,118,search,covered,0
1.00,118,social,relative_bias,0.139763778
1.00,118,social,covered,1
1.00,118,ooh,relative_bias,1.9613813
1.00,118,ooh,covered,0
1.00,118,all,median_abs_relative_bias,0.4961334994
1.00,118,all,spearman,0.6
1.00,118,all,regret,2.298318425
1.00,118,all,beats_status_quo,0
1.00,118,all,achievable_lift_share,0.009654941303
1.00,118,all,shortfall_from_optimum_share,0.02219012949
1.00,118,all,loss_vs_status_quo_share,0.01253518819
1.00,118,all,n_agreeing,3
1.00,119,tv,relative_bias,-0.003412232749
1.00,119,tv,covered,1
1.00,119,video,relative_bias,-0.04781900217
1.00,119,video,covered,1
1.00,119,search,relative_bias,-0.3700673874
1.00,119,search,covered,0
1.00,119,social,relative_bias,-0.2209326281
1.00,119,social,covered,0
1.00,119,ooh,relative_bias,0.5526236213
1.00,119,ooh,covered,0
1.00,119,all,median_abs_relative_bias,0.2209326281
1.00,119,all,spearman,1
1.00,119,all,regret,0.4376078332
1.00,119,all,beats_status_quo,1
1.00,119,all,achievable_lift_share,0.01330459938
1.00,119,all,shortfall_from_optimum_share,0.005822196904
1.00,119,all,loss_vs_status_quo_share,-0.007482402472
1.00,119,all,n_agreeing,3
1.00,120,tv,relative_bias,-0.0723240678
1.00,120,tv,covered,0
1.00,120,video,relative_bias,1.244872939
1.00,120,video,covered,0
1.00,120,search,relative_bias,-0.04417851255
1.00,120,search,covered,1
1.00,120,social,relative_bias,0.1993457619
1.00,120,social,covered,1
1.00,120,ooh,relative_bias,-0.2739487306
1.00,120,ooh,covered,0
1.00,120,all,median_abs_relative_bias,0.1993457619
1.00,120,all,spearman,0.9
1.00,120,all,regret,0.104474381
1.00,120,all,beats_status_quo,1
1.00,120,all,achievable_lift_share,0.01108377574
1.00,120,all,shortfall_from_optimum_share,0.00115797061
1.00,120,all,loss_vs_status_quo_share,-0.009925805129
1.00,120,all,n_agreeing,3
1.00,121,tv,relative_bias,0.4768105131
1.00,121,tv,covered,0
1.00,121,video,relative_bias,1.655187265
1.00,121,video,covered,0
1.00,121,search,relative_bias,-0.678941582
1.00,121,search,covered,0
1.00,121,social,relative_bias,-0.1755919325
1.00,121,social,covered,1
1.00,121,ooh,relative_bias,0.2347374451
1.00,121,ooh,covered,1
1.00,121,all,median_abs_relative_bias,0.4768105131
1.00,121,all,spearman,0.9
1.00,121,all,regret,2.134047604
1.00,121,all,beats_status_quo,0
1.00,121,all,achievable_lift_share,0.0107431625
1.00,121,all,shortfall_from_optimum_share,0.0229264202
1.00,121,all,loss_vs_status_quo_share,0.0121832577
1.00,121,all,n_agreeing,3
1.00,122,tv,relative_bias,1.504121024
1.00,122,tv,covered,0
1.00,122,video,relative_bias,-0.2648226563
1.00,122,video,covered,0
1.00,122,search,relative_bias,-0.2435182879
1.00,122,search,covered,0
1.00,122,social,relative_bias,0.6206955324
1.00,122,social,covered,0
1.00,122,ooh,relative_bias,0.835415735
1.00,122,ooh,covered,0
1.00,122,all,median_abs_relative_bias,0.6206955324
1.00,122,all,spearman,0.7
1.00,122,all,regret,0.4653383196
1.00,122,all,beats_status_quo,1
1.00,122,all,achievable_lift_share,0.01179160742
1.00,122,all,shortfall_from_optimum_share,0.00548708678
1.00,122,all,loss_vs_status_quo_share,-0.006304520636
1.00,122,all,n_agreeing,3
1.00,123,tv,relative_bias,1.782985031
1.00,123,tv,covered,0
1.00,123,video,relative_bias,0.5939430079
1.00,123,video,covered,0
1.00,123,search,relative_bias,1.479554373
1.00,123,search,covered,0
1.00,123,social,relative_bias,0.1367703703
1.00,123,social,covered,1
1.00,123,ooh,relative_bias,-0.1990717464
1.00,123,ooh,covered,0
1.00,123,all,median_abs_relative_bias,0.5939430079
1.00,123,all,spearman,0.9
1.00,123,all,regret,0.2791701219
1.00,123,all,beats_status_quo,1
1.00,123,all,achievable_lift_share,0.008991268545
1.00,123,all,shortfall_from_optimum_share,0.002510093536
1.00,123,all,loss_vs_status_quo_share,-0.006481175009
1.00,123,all,n_agreeing,3
1.00,124,tv,relative_bias,-0.5921295959
1.00,124,tv,covered,0
1.00,124,video,relative_bias,-0.07968532771
1.00,124,video,covered,1
1.00,124,search,relative_bias,0.5152885752
1.00,124,search,covered,0
1.00,124,social,relative_bias,1.682866833
1.00,124,social,covered,0
1.00,124,ooh,relative_bias,1.633829132
1.00,124,ooh,covered,0
1.00,124,all,median_abs_relative_bias,0.5921295959
1.00,124,all,spearman,0
1.00,124,all,regret,8.228396294
1.00,124,all,beats_status_quo,0
1.00,124,all,achievable_lift_share,0.006862294418
1.00,124,all,shortfall_from_optimum_share,0.05646567796
1.00,124,all,loss_vs_status_quo_share,0.04960338354
1.00,124,all,n_agreeing,3
1.00,125,tv,relative_bias,0.6003752721
1.00,125,tv,covered,0
1.00,125,video,relative_bias,-0.5510771241
1.00,125,video,covered,0
1.00,125,search,relative_bias,-0.3280784334
1.00,125,search,covered,0
1.00,125,social,relative_bias,-0.435498275
1.00,125,social,covered,0
1.00,125,ooh,relative_bias,0.4634042758
1.00,125,ooh,covered,1
1.00,125,all,median_abs_relative_bias,0.4634042758
1.00,125,all,spearman,0.9
1.00,125,all,regret,2.434498289
1.00,125,all,beats_status_quo,0
1.00,125,all,achievable_lift_share,0.01242180963
1.00,125,all,shortfall_from_optimum_share,0.03024087429
1.00,125,all,loss_vs_status_quo_share,0.01781906466
1.00,125,all,n_agreeing,3
1.00,126,tv,relative_bias,0.743649425
1.00,126,tv,covered,0
1.00,126,video,relative_bias,-0.2597418334
1.00,126,video,covered,0
1.00,126,search,relative_bias,-0.03399095898
1.00,126,search,covered,1
1.00,126,social,relative_bias,-0.8027213956
1.00,126,social,covered,0
1.00,126,ooh,relative_bias,0.8814968106
1.00,126,ooh,covered,0
1.00,126,all,median_abs_relative_bias,0.743649425
1.00,126,all,spearman,0.8
1.00,126,all,regret,1.608429806
1.00,126,all,beats_status_quo,0
1.00,126,all,achievable_lift_share,0.008942384132
1.00,126,all,shortfall_from_optimum_share,0.01438319718
1.00,126,all,loss_vs_status_quo_share,0.005440813044
1.00,126,all,n_agreeing,3
1.00,127,tv,relative_bias,2.360772851
1.00,127,tv,covered,0
1.00,127,video,relative_bias,0.2046802188
1.00,127,video,covered,0
1.00,127,search,relative_bias,-0.2213288841
1.00,127,search,covered,0
1.00,127,social,relative_bias,-0.1458276422
1.00,127,social,covered,1
1.00,127,ooh,relative_bias,0.6116695137
1.00,127,ooh,covered,0
1.00,127,all,median_abs_relative_bias,0.2213288841
1.00,127,all,spearman,1
1.00,127,all,regret,0.3653887054
1.00,127,all,beats_status_quo,1
1.00,127,all,achievable_lift_share,0.01212425792
1.00,127,all,shortfall_from_optimum_share,0.004430066907
1.00,127,all,loss_vs_status_quo_share,-0.007694191018
1.00,127,all,n_agreeing,3
1.00,128,tv,relative_bias,0.6650004214
1.00,128,tv,covered,0
1.00,128,video,relative_bias,0.9859835871
1.00,128,video,covered,0
1.00,128,search,relative_bias,-0.2521818945
1.00,128,search,covered,0
1.00,128,social,relative_bias,0.7538941852
1.00,128,social,covered,0
1.00,128,ooh,relative_bias,0.4101848701
1.00,128,ooh,covered,0
1.00,128,all,median_abs_relative_bias,0.6650004214
1.00,128,all,spearman,0.9
1.00,128,all,regret,0.7604078622
1.00,128,all,beats_status_quo,1
1.00,128,all,achievable_lift_share,0.009927650359
1.00,128,all,shortfall_from_optimum_share,0.007549063386
1.00,128,all,loss_vs_status_quo_share,-0.002378586973
1.00,128,all,n_agreeing,3
1.00,129,tv,relative_bias,1.634244938
1.00,129,tv,covered,0
1.00,129,video,relative_bias,0.03416024716
1.00,129,video,covered,1
1.00,129,search,relative_bias,0.05316025701
1.00,129,search,covered,1
1.00,129,social,relative_bias,1.527169704
1.00,129,social,covered,0
1.00,129,ooh,relative_bias,0.02066987385
1.00,129,ooh,covered,1
1.00,129,all,median_abs_relative_bias,0.05316025701
1.00,129,all,spearman,0.7
1.00,129,all,regret,0.2015847918
1.00,129,all,beats_status_quo,1
1.00,129,all,achievable_lift_share,0.01130622149
1.00,129,all,shortfall_from_optimum_share,0.002279162305
1.00,129,all,loss_vs_status_quo_share,-0.009027059181
1.00,129,all,n_agreeing,7
1.00,130,tv,relative_bias,0.4616368392
1.00,130,tv,covered,0
1.00,130,video,relative_bias,0.3811488054
1.00,130,video,covered,0
1.00,130,search,relative_bias,-0.5158456978
1.00,130,search,covered,0
1.00,130,social,relative_bias,-0.1616649694
1.00,130,social,covered,1
1.00,130,ooh,relative_bias,1.470110011
1.00,130,ooh,covered,0
1.00,130,all,median_abs_relative_bias,0.4616368392
1.00,130,all,spearman,0.6
1.00,130,all,regret,3.600734875
1.00,130,all,beats_status_quo,0
1.00,130,all,achievable_lift_share,0.006781378859
1.00,130,all,shortfall_from_optimum_share,0.02441794736
1.00,130,all,loss_vs_status_quo_share,0.0176365685
1.00,130,all,n_agreeing,3
1.00,131,tv,relative_bias,0.939132968
1.00,131,tv,covered,0
1.00,131,video,relative_bias,0.2584846851
1.00,131,video,covered,0
1.00,131,search,relative_bias,-0.2347561178
1.00,131,search,covered,0
1.00,131,social,relative_bias,-0.8091088719
1.00,131,social,covered,0
1.00,131,ooh,relative_bias,2.821804364
1.00,131,ooh,covered,0
1.00,131,all,median_abs_relative_bias,0.8091088719
1.00,131,all,spearman,0.7
1.00,131,all,regret,1.516039949
1.00,131,all,beats_status_quo,0
1.00,131,all,achievable_lift_share,0.007608004515
1.00,131,all,shortfall_from_optimum_share,0.01153403878
1.00,131,all,loss_vs_status_quo_share,0.003926034262
1.00,131,all,n_agreeing,3
1.00,132,tv,relative_bias,1.237253925
1.00,132,tv,covered,0
1.00,132,video,relative_bias,-0.4543959611
1.00,132,video,covered,0
1.00,132,search,relative_bias,-0.4181694452
1.00,132,search,covered,0
1.00,132,social,relative_bias,-0.1392172381
1.00,132,social,covered,1
1.00,132,ooh,relative_bias,1.763495063
1.00,132,ooh,covered,0
1.00,132,all,median_abs_relative_bias,0.4543959611
1.00,132,all,spearman,0.6
1.00,132,all,regret,3.247337237
1.00,132,all,beats_status_quo,0
1.00,132,all,achievable_lift_share,0.009272596795
1.00,132,all,shortfall_from_optimum_share,0.03011124886
1.00,132,all,loss_vs_status_quo_share,0.02083865206
1.00,132,all,n_agreeing,3
1.00,133,tv,relative_bias,1.700256948
1.00,133,tv,covered,0
1.00,133,video,relative_bias,-0.4404287772
1.00,133,video,covered,0
1.00,133,search,relative_bias,-0.1830938576
1.00,133,search,covered,0
1.00,133,social,relative_bias,-0.2878243759
1.00,133,social,covered,0
1.00,133,ooh,relative_bias,0.07143423052
1.00,133,ooh,covered,1
1.00,133,all,median_abs_relative_bias,0.2878243759
1.00,133,all,spearman,0.9
1.00,133,all,regret,0.5090850543
1.00,133,all,beats_status_quo,1
1.00,133,all,achievable_lift_share,0.01019982676
1.00,133,all,shortfall_from_optimum_share,0.005192579362
1.00,133,all,loss_vs_status_quo_share,-0.005007247401
1.00,133,all,n_agreeing,3
1.00,134,tv,relative_bias,1.236160382
1.00,134,tv,covered,0
1.00,134,video,relative_bias,0.3027972939
1.00,134,video,covered,0
1.00,134,search,relative_bias,-0.6636209695
1.00,134,search,covered,0
1.00,134,social,relative_bias,-0.3529950261
1.00,134,social,covered,0
1.00,134,ooh,relative_bias,-0.2091199844
1.00,134,ooh,covered,0
1.00,134,all,median_abs_relative_bias,0.3529950261
1.00,134,all,spearman,0.9
1.00,134,all,regret,1.885542175
1.00,134,all,beats_status_quo,0
1.00,134,all,achievable_lift_share,0.01083207309
1.00,134,all,shortfall_from_optimum_share,0.02042433065
1.00,134,all,loss_vs_status_quo_share,0.009592257562
1.00,134,all,n_agreeing,3
1.00,135,tv,relative_bias,-0.2562891893
1.00,135,tv,covered,0
1.00,135,video,relative_bias,-0.2786372349
1.00,135,video,covered,0
1.00,135,search,relative_bias,-0.1752210483
1.00,135,search,covered,0
1.00,135,social,relative_bias,-0.7468354385
1.00,135,social,covered,0
1.00,135,ooh,relative_bias,2.678125508
1.00,135,ooh,covered,0
1.00,135,all,median_abs_relative_bias,0.2786372349
1.00,135,all,spearman,0.4
1.00,135,all,regret,1.064892667
1.00,135,all,beats_status_quo,0
1.00,135,all,achievable_lift_share,0.01200662845
1.00,135,all,shortfall_from_optimum_share,0.01278577059
1.00,135,all,loss_vs_status_quo_share,0.0007791421419
1.00,135,all,n_agreeing,7
1.00,136,tv,relative_bias,-0.2962976523
1.00,136,tv,covered,0
1.00,136,video,relative_bias,0.2947008922
1.00,136,video,covered,0
1.00,136,search,relative_bias,-0.07512453311
1.00,136,search,covered,1
1.00,136,social,relative_bias,-0.1713580957
1.00,136,social,covered,0
1.00,136,ooh,relative_bias,1.682559541
1.00,136,ooh,covered,0
1.00,136,all,median_abs_relative_bias,0.2947008922
1.00,136,all,spearman,0.9
1.00,136,all,regret,0.6396848355
1.00,136,all,beats_status_quo,1
1.00,136,all,achievable_lift_share,0.008122986647
1.00,136,all,shortfall_from_optimum_share,0.005196151377
1.00,136,all,loss_vs_status_quo_share,-0.00292683527
1.00,136,all,n_agreeing,3
1.00,137,tv,relative_bias,1.529019208
1.00,137,tv,covered,0
1.00,137,video,relative_bias,0.5024114613
1.00,137,video,covered,0
1.00,137,search,relative_bias,-0.5586543164
1.00,137,search,covered,0
1.00,137,social,relative_bias,0.03342900975
1.00,137,social,covered,1
1.00,137,ooh,relative_bias,11.28849256
1.00,137,ooh,covered,0
1.00,137,all,median_abs_relative_bias,0.5586543164
1.00,137,all,spearman,0.3
1.00,137,all,regret,2.208060328
1.00,137,all,beats_status_quo,0
1.00,137,all,achievable_lift_share,0.01136635602
1.00,137,all,shortfall_from_optimum_share,0.0250975998
1.00,137,all,loss_vs_status_quo_share,0.01373124378
1.00,137,all,n_agreeing,3
1.00,138,tv,relative_bias,0.2233078084
1.00,138,tv,covered,0
1.00,138,video,relative_bias,0.7648400049
1.00,138,video,covered,0
1.00,138,search,relative_bias,-0.06953796585
1.00,138,search,covered,1
1.00,138,social,relative_bias,-0.6626205465
1.00,138,social,covered,0
1.00,138,ooh,relative_bias,0.2497097833
1.00,138,ooh,covered,1
1.00,138,all,median_abs_relative_bias,0.2497097833
1.00,138,all,spearman,0.9
1.00,138,all,regret,1.850630711
1.00,138,all,beats_status_quo,0
1.00,138,all,achievable_lift_share,0.006786068455
1.00,138,all,shortfall_from_optimum_share,0.01255850669
1.00,138,all,loss_vs_status_quo_share,0.005772438234
1.00,138,all,n_agreeing,3
1.00,139,tv,relative_bias,0.9840515862
1.00,139,tv,covered,0
1.00,139,video,relative_bias,-0.5898969555
1.00,139,video,covered,0
1.00,139,search,relative_bias,-0.4785327292
1.00,139,search,covered,0
1.00,139,social,relative_bias,-0.6379939056
1.00,139,social,covered,0
1.00,139,ooh,relative_bias,0.8738315429
1.00,139,ooh,covered,0
1.00,139,all,median_abs_relative_bias,0.6379939056
1.00,139,all,spearman,0.9
1.00,139,all,regret,3.702581566
1.00,139,all,beats_status_quo,0
1.00,139,all,achievable_lift_share,0.00915070697
1.00,139,all,shortfall_from_optimum_share,0.03388123894
1.00,139,all,loss_vs_status_quo_share,0.02473053197
1.00,139,all,n_agreeing,7
1.00,140,tv,relative_bias,0.02907790329
1.00,140,tv,covered,1
1.00,140,video,relative_bias,-0.4700505569
1.00,140,video,covered,0
1.00,140,search,relative_bias,-0.4566808935
1.00,140,search,covered,0
1.00,140,social,relative_bias,0.01391203984
1.00,140,social,covered,1
1.00,140,ooh,relative_bias,0.5659598776
1.00,140,ooh,covered,0
1.00,140,all,median_abs_relative_bias,0.4566808935
1.00,140,all,spearman,0.7
1.00,140,all,regret,0.5631477125
1.00,140,all,beats_status_quo,1
1.00,140,all,achievable_lift_share,0.009950823818
1.00,140,all,shortfall_from_optimum_share,0.005603783671
1.00,140,all,loss_vs_status_quo_share,-0.004347040147
1.00,140,all,n_agreeing,3
1.00,141,tv,relative_bias,0.4855589586
1.00,141,tv,covered,0
1.00,141,video,relative_bias,-0.6997232319
1.00,141,video,covered,0
1.00,141,search,relative_bias,0.1151200169
1.00,141,search,covered,1
1.00,141,social,relative_bias,0.4304468928
1.00,141,social,covered,0
1.00,141,ooh,relative_bias,0.5666953124
1.00,141,ooh,covered,0
1.00,141,all,median_abs_relative_bias,0.4855589586
1.00,141,all,spearman,0.4
1.00,141,all,regret,2.422546257
1.00,141,all,beats_status_quo,0
1.00,141,all,achievable_lift_share,0.009795919789
1.00,141,all,shortfall_from_optimum_share,0.02373106882
1.00,141,all,loss_vs_status_quo_share,0.01393514903
1.00,141,all,n_agreeing,3
1.00,142,tv,relative_bias,-0.1702365042
1.00,142,tv,covered,0
1.00,142,video,relative_bias,0.6085060876
1.00,142,video,covered,0
1.00,142,search,relative_bias,-0.1604162363
1.00,142,search,covered,0
1.00,142,social,relative_bias,0.630531703
1.00,142,social,covered,0
1.00,142,ooh,relative_bias,1.743374688
1.00,142,ooh,covered,0
1.00,142,all,median_abs_relative_bias,0.6085060876
1.00,142,all,spearman,0.8
1.00,142,all,regret,0.6215753151
1.00,142,all,beats_status_quo,1
1.00,142,all,achievable_lift_share,0.01031760704
1.00,142,all,shortfall_from_optimum_share,0.006413169845
1.00,142,all,loss_vs_status_quo_share,-0.003904437192
1.00,142,all,n_agreeing,3
1.00,143,tv,relative_bias,-0.09865573351
1.00,143,tv,covered,0
1.00,143,video,relative_bias,0.5786736172
1.00,143,video,covered,0
1.00,143,search,relative_bias,0.1858053655
1.00,143,search,covered,1
1.00,143,social,relative_bias,-0.4156347263
1.00,143,social,covered,0
1.00,143,ooh,relative_bias,3.332628402
1.00,143,ooh,covered,0
1.00,143,all,median_abs_relative_bias,0.4156347263
1.00,143,all,spearman,0.7
1.00,143,all,regret,1.493379931
1.00,143,all,beats_status_quo,0
1.00,143,all,achievable_lift_share,0.008300224823
1.00,143,all,shortfall_from_optimum_share,0.01239538917
1.00,143,all,loss_vs_status_quo_share,0.004095164347
1.00,143,all,n_agreeing,3
1.00,144,tv,relative_bias,0.7650357956
1.00,144,tv,covered,0
1.00,144,video,relative_bias,0.3781870284
1.00,144,video,covered,0
1.00,144,search,relative_bias,-0.2247271414
1.00,144,search,covered,0
1.00,144,social,relative_bias,0.7413383718
1.00,144,social,covered,1
1.00,144,ooh,relative_bias,0.8665583218
1.00,144,ooh,covered,0
1.00,144,all,median_abs_relative_bias,0.7413383718
1.00,144,all,spearman,0.9
1.00,144,all,regret,0.4550716099
1.00,144,all,beats_status_quo,1
1.00,144,all,achievable_lift_share,0.009775545038
1.00,144,all,shortfall_from_optimum_share,0.004448573019
1.00,144,all,loss_vs_status_quo_share,-0.00532697202
1.00,144,all,n_agreeing,3
1.00,145,tv,relative_bias,-0.01624221501
1.00,145,tv,covered,1
1.00,145,video,relative_bias,0.5518716718
1.00,145,video,covered,0
1.00,145,search,relative_bias,-0.1537719794
1.00,145,search,covered,0
1.00,145,social,relative_bias,-0.3799151311
1.00,145,social,covered,0
1.00,145,ooh,relative_bias,2.654153727
1.00,145,ooh,covered,0
1.00,145,all,median_abs_relative_bias,0.3799151311
1.00,145,all,spearman,0.9
1.00,145,all,regret,1.509978164
1.00,145,all,beats_status_quo,0
1.00,145,all,achievable_lift_share,0.007552267869
1.00,145,all,shortfall_from_optimum_share,0.01140375957
1.00,145,all,loss_vs_status_quo_share,0.003851491701
1.00,145,all,n_agreeing,3
1.00,146,tv,relative_bias,-0.2588288823
1.00,146,tv,covered,0
1.00,146,video,relative_bias,0.7330665602
1.00,146,video,covered,0
1.00,146,search,relative_bias,0.4339981334
1.00,146,search,covered,0
1.00,146,social,relative_bias,1.147770902
1.00,146,social,covered,0
1.00,146,ooh,relative_bias,1.669917467
1.00,146,ooh,covered,0
1.00,146,all,median_abs_relative_bias,0.7330665602
1.00,146,all,spearman,0.8
1.00,146,all,regret,0.7772483328
1.00,146,all,beats_status_quo,1
1.00,146,all,achievable_lift_share,0.008698216251
1.00,146,all,shortfall_from_optimum_share,0.006760674079
1.00,146,all,loss_vs_status_quo_share,-0.001937542172
1.00,146,all,n_agreeing,3
1.00,147,tv,relative_bias,-0.2856816092
1.00,147,tv,covered,0
1.00,147,video,relative_bias,0.06991278534
1.00,147,video,covered,1
1.00,147,search,relative_bias,-0.2938191389
1.00,147,search,covered,0
1.00,147,social,relative_bias,-0.6551586692
1.00,147,social,covered,0
1.00,147,ooh,relative_bias,3.765023529
1.00,147,ooh,covered,0
1.00,147,all,median_abs_relative_bias,0.2938191389
1.00,147,all,spearman,0.7
1.00,147,all,regret,1.564428304
1.00,147,all,beats_status_quo,0
1.00,147,all,achievable_lift_share,0.0076575015
1.00,147,all,shortfall_from_optimum_share,0.01197961208
1.00,147,all,loss_vs_status_quo_share,0.004322110583
1.00,147,all,n_agreeing,3
1.00,148,tv,relative_bias,0.4499971118
1.00,148,tv,covered,0
1.00,148,video,relative_bias,-0.4561381923
1.00,148,video,covered,0
1.00,148,search,relative_bias,-0.494675585
1.00,148,search,covered,0
1.00,148,social,relative_bias,1.162635538
1.00,148,social,covered,0
1.00,148,ooh,relative_bias,1.885896074
1.00,148,ooh,covered,0
1.00,148,all,median_abs_relative_bias,0.494675585
1.00,148,all,spearman,0.2
1.00,148,all,regret,2.643143611
1.00,148,all,beats_status_quo,0
1.00,148,all,achievable_lift_share,0.009090250049
1.00,148,all,shortfall_from_optimum_share,0.02402683634
1.00,148,all,loss_vs_status_quo_share,0.01493658629
1.00,148,all,n_agreeing,3
1.00,149,tv,relative_bias,1.162054925
1.00,149,tv,covered,0
1.00,149,video,relative_bias,-0.2741913394
1.00,149,video,covered,0
1.00,149,search,relative_bias,-0.4939344493
1.00,149,search,covered,0
1.00,149,social,relative_bias,-0.2748440922
1.00,149,social,covered,0
1.00,149,ooh,relative_bias,0.02314801186
1.00,149,ooh,covered,1
1.00,149,all,median_abs_relative_bias,0.2748440922
1.00,149,all,spearman,0.9
1.00,149,all,regret,0.04145614293
1.00,149,all,beats_status_quo,1
1.00,149,all,achievable_lift_share,0.01148206583
1.00,149,all,shortfall_from_optimum_share,0.0004760021623
1.00,149,all,loss_vs_status_quo_share,-0.01100606367
1.00,149,all,n_agreeing,3
1.00,150,tv,relative_bias,0.2022282363
1.00,150,tv,covered,0
1.00,150,video,relative_bias,0.08098469481
1.00,150,video,covered,1
1.00,150,search,relative_bias,-0.5691880203
1.00,150,search,covered,0
1.00,150,social,relative_bias,0.09865583004
1.00,150,social,covered,1
1.00,150,ooh,relative_bias,-0.02916902613
1.00,150,ooh,covered,1
1.00,150,all,median_abs_relative_bias,0.09865583004
1.00,150,all,spearman,0.9
1.00,150,all,regret,2.251442822
1.00,150,all,beats_status_quo,0
1.00,150,all,achievable_lift_share,0.00948473915
1.00,150,all,shortfall_from_optimum_share,0.02135434788
1.00,150,all,loss_vs_status_quo_share,0.01186960873
1.00,150,all,n_agreeing,3
1.00,151,tv,relative_bias,0.004928043375
1.00,151,tv,covered,1
1.00,151,video,relative_bias,0.3013433355
1.00,151,video,covered,0
1.00,151,search,relative_bias,1.2450488
1.00,151,search,covered,0
1.00,151,social,relative_bias,-0.5444072325
1.00,151,social,covered,0
1.00,151,ooh,relative_bias,-0.2886144396
1.00,151,ooh,covered,0
1.00,151,all,median_abs_relative_bias,0.3013433355
1.00,151,all,spearman,0.9
1.00,151,all,regret,1.245327335
1.00,151,all,beats_status_quo,0
1.00,151,all,achievable_lift_share,0.008180300733
1.00,151,all,shortfall_from_optimum_share,0.01018715211
1.00,151,all,loss_vs_status_quo_share,0.002006851376
1.00,151,all,n_agreeing,3
1.00,152,tv,relative_bias,0.5558307373
1.00,152,tv,covered,0
1.00,152,video,relative_bias,-0.06551822664
1.00,152,video,covered,1
1.00,152,search,relative_bias,0.1086649513
1.00,152,search,covered,1
1.00,152,social,relative_bias,0.05264160527
1.00,152,social,covered,1
1.00,152,ooh,relative_bias,1.895422946
1.00,152,ooh,covered,0
1.00,152,all,median_abs_relative_bias,0.1086649513
1.00,152,all,spearman,0.9
1.00,152,all,regret,0.4961000283
1.00,152,all,beats_status_quo,1
1.00,152,all,achievable_lift_share,0.01114609189
1.00,152,all,shortfall_from_optimum_share,0.0055295765
1.00,152,all,loss_vs_status_quo_share,-0.005616515386
1.00,152,all,n_agreeing,7
1.00,153,tv,relative_bias,-0.4436303814
1.00,153,tv,covered,0
1.00,153,video,relative_bias,0.01975167561
1.00,153,video,covered,1
1.00,153,search,relative_bias,0.8104151563
1.00,153,search,covered,0
1.00,153,social,relative_bias,0.2026876782
1.00,153,social,covered,1
1.00,153,ooh,relative_bias,1.35285485
1.00,153,ooh,covered,0
1.00,153,all,median_abs_relative_bias,0.4436303814
1.00,153,all,spearman,0.6
1.00,153,all,regret,0.5471103279
1.00,153,all,beats_status_quo,1
1.00,153,all,achievable_lift_share,0.01027601395
1.00,153,all,shortfall_from_optimum_share,0.005622113359
1.00,153,all,loss_vs_status_quo_share,-0.004653900586
1.00,153,all,n_agreeing,3
1.00,154,tv,relative_bias,1.045924927
1.00,154,tv,covered,0
1.00,154,video,relative_bias,0.483617936
1.00,154,video,covered,0
1.00,154,search,relative_bias,-0.2681300172
1.00,154,search,covered,0
1.00,154,social,relative_bias,-0.3255996794
1.00,154,social,covered,0
1.00,154,ooh,relative_bias,0.9524487919
1.00,154,ooh,covered,0
1.00,154,all,median_abs_relative_bias,0.483617936
1.00,154,all,spearman,0.9
1.00,154,all,regret,1.24837668
1.00,154,all,beats_status_quo,0
1.00,154,all,achievable_lift_share,0.009356702989
1.00,154,all,shortfall_from_optimum_share,0.01168068981
1.00,154,all,loss_vs_status_quo_share,0.002323986826
1.00,154,all,n_agreeing,3
1.00,155,tv,relative_bias,-0.1840911839
1.00,155,tv,covered,0
1.00,155,video,relative_bias,0.9891862899
1.00,155,video,covered,0
1.00,155,search,relative_bias,-0.3831258955
1.00,155,search,covered,0
1.00,155,social,relative_bias,-0.4324102249
1.00,155,social,covered,0
1.00,155,ooh,relative_bias,0.4708692131
1.00,155,ooh,covered,1
1.00,155,all,median_abs_relative_bias,0.4324102249
1.00,155,all,spearman,0.8
1.00,155,all,regret,0.6813570034
1.00,155,all,beats_status_quo,1
1.00,155,all,achievable_lift_share,0.009936748502
1.00,155,all,shortfall_from_optimum_share,0.006770473183
1.00,155,all,loss_vs_status_quo_share,-0.003166275319
1.00,155,all,n_agreeing,7
1.00,156,tv,relative_bias,0.01235224539
1.00,156,tv,covered,1
1.00,156,video,relative_bias,0.6117391298
1.00,156,video,covered,0
1.00,156,search,relative_bias,-0.5333354199
1.00,156,search,covered,0
1.00,156,social,relative_bias,-0.7366191781
1.00,156,social,covered,0
1.00,156,ooh,relative_bias,2.125170921
1.00,156,ooh,covered,0
1.00,156,all,median_abs_relative_bias,0.6117391298
1.00,156,all,spearman,0.7
1.00,156,all,regret,4.399236246
1.00,156,all,beats_status_quo,0
1.00,156,all,achievable_lift_share,0.007337855013
1.00,156,all,shortfall_from_optimum_share,0.03228095774
1.00,156,all,loss_vs_status_quo_share,0.02494310273
1.00,156,all,n_agreeing,3
1.00,157,tv,relative_bias,0.6554246321
1.00,157,tv,covered,0
1.00,157,video,relative_bias,-0.2940005286
1.00,157,video,covered,0
1.00,157,search,relative_bias,-0.2992476777
1.00,157,search,covered,0
1.00,157,social,relative_bias,-0.5503250449
1.00,157,social,covered,0
1.00,157,ooh,relative_bias,-0.06494744625
1.00,157,ooh,covered,1
1.00,157,all,median_abs_relative_bias,0.2992476777
1.00,157,all,spearman,1
1.00,157,all,regret,1.054787304
1.00,157,all,beats_status_quo,0
1.00,157,all,achievable_lift_share,0.009226096698
1.00,157,all,shortfall_from_optimum_share,0.009731569662
1.00,157,all,loss_vs_status_quo_share,0.0005054729636
1.00,157,all,n_agreeing,3
1.00,158,tv,relative_bias,-0.4452711794
1.00,158,tv,covered,0
1.00,158,video,relative_bias,0.1579057859
1.00,158,video,covered,0
1.00,158,search,relative_bias,-0.4038561172
1.00,158,search,covered,0
1.00,158,social,relative_bias,-0.5530780481
1.00,158,social,covered,0
1.00,158,ooh,relative_bias,3.667122213
1.00,158,ooh,covered,0
1.00,158,all,median_abs_relative_bias,0.4452711794
1.00,158,all,spearman,0.6
1.00,158,all,regret,1.557250884
1.00,158,all,beats_status_quo,0
1.00,158,all,achievable_lift_share,0.008056791715
1.00,158,all,shortfall_from_optimum_share,0.01254644602
1.00,158,all,loss_vs_status_quo_share,0.004489654307
1.00,158,all,n_agreeing,3
1.00,159,tv,relative_bias,-0.2546958628
1.00,159,tv,covered,0
1.00,159,video,relative_bias,0.2517753073
1.00,159,video,covered,0
1.00,159,search,relative_bias,-0.2255565031
1.00,159,search,covered,0
1.00,159,social,relative_bias,-0.7630815542
1.00,159,social,covered,0
1.00,159,ooh,relative_bias,4.196785517
1.00,159,ooh,covered,0
1.00,159,all,median_abs_relative_bias,0.2546958628
1.00,159,all,spearman,0.7
1.00,159,all,regret,1.408141472
1.00,159,all,beats_status_quo,0
1.00,159,all,achievable_lift_share,0.01000332738
1.00,159,all,shortfall_from_optimum_share,0.01408610014
1.00,159,all,loss_vs_status_quo_share,0.004082772765
1.00,159,all,n_agreeing,7
1.00,160,all,solve_failed,1
1.00,161,tv,relative_bias,0.8177274567
1.00,161,tv,covered,0
1.00,161,video,relative_bias,1.707513492
1.00,161,video,covered,0
1.00,161,search,relative_bias,-0.3043073298
1.00,161,search,covered,0
1.00,161,social,relative_bias,-0.8298658031
1.00,161,social,covered,0
1.00,161,ooh,relative_bias,0.4188328068
1.00,161,ooh,covered,0
1.00,161,all,median_abs_relative_bias,0.8177274567
1.00,161,all,spearman,0.9
1.00,161,all,regret,1.086629314
1.00,161,all,beats_status_quo,0
1.00,161,all,achievable_lift_share,0.01082270996
1.00,161,all,shortfall_from_optimum_share,0.0117602739
1.00,161,all,loss_vs_status_quo_share,0.0009375639408
1.00,161,all,n_agreeing,3
1.00,162,tv,relative_bias,-0.1863925649
1.00,162,tv,covered,0
1.00,162,video,relative_bias,0.6694254358
1.00,162,video,covered,0
1.00,162,search,relative_bias,-0.2254142601
1.00,162,search,covered,0
1.00,162,social,relative_bias,0.1388922537
1.00,162,social,covered,1
1.00,162,ooh,relative_bias,-0.1193053823
1.00,162,ooh,covered,1
1.00,162,all,median_abs_relative_bias,0.1863925649
1.00,162,all,spearman,0.9
1.00,162,all,regret,0.0246185305
1.00,162,all,beats_status_quo,1
1.00,162,all,achievable_lift_share,0.007044534618
1.00,162,all,shortfall_from_optimum_share,0.0001734260903
1.00,162,all,loss_vs_status_quo_share,-0.006871108527
1.00,162,all,n_agreeing,3
1.00,163,tv,relative_bias,-0.05340867545
1.00,163,tv,covered,0
1.00,163,video,relative_bias,-0.2340691292
1.00,163,video,covered,0
1.00,163,search,relative_bias,0.4487555733
1.00,163,search,covered,0
1.00,163,social,relative_bias,-0.2520842196
1.00,163,social,covered,0
1.00,163,ooh,relative_bias,2.995879326
1.00,163,ooh,covered,0
1.00,163,all,median_abs_relative_bias,0.2520842196
1.00,163,all,spearman,0.5
1.00,163,all,regret,0.5598281221
1.00,163,all,beats_status_quo,1
1.00,163,all,achievable_lift_share,0.006151346311
1.00,163,all,shortfall_from_optimum_share,0.003443696654
1.00,163,all,loss_vs_status_quo_share,-0.002707649657
1.00,163,all,n_agreeing,3
1.00,164,tv,relative_bias,-0.1268111383
1.00,164,tv,covered,0
1.00,164,video,relative_bias,0.3574974176
1.00,164,video,covered,0
1.00,164,search,relative_bias,-0.7048439714
1.00,164,search,covered,0
1.00,164,social,relative_bias,-0.4245861784
1.00,164,social,covered,0
1.00,164,ooh,relative_bias,2.406377184
1.00,164,ooh,covered,0
1.00,164,all,median_abs_relative_bias,0.4245861784
1.00,164,all,spearman,0.6
1.00,164,all,regret,3.629952509
1.00,164,all,beats_status_quo,0
1.00,164,all,achievable_lift_share,0.008902057386
1.00,164,all,shortfall_from_optimum_share,0.03231404554
1.00,164,all,loss_vs_status_quo_share,0.02341198816
1.00,164,all,n_agreeing,3
1.00,165,tv,relative_bias,0.5100366336
1.00,165,tv,covered,0
1.00,165,video,relative_bias,-0.7583194614
1.00,165,video,covered,0
1.00,165,search,relative_bias,0.06283234868
1.00,165,search,covered,1
1.00,165,social,relative_bias,0.7766746593
1.00,165,social,covered,0
1.00,165,ooh,relative_bias,8.286509761
1.00,165,ooh,covered,0
1.00,165,all,median_abs_relative_bias,0.7583194614
1.00,165,all,spearman,0
1.00,165,all,regret,2.314861079
1.00,165,all,beats_status_quo,0
1.00,165,all,achievable_lift_share,0.01074510659
1.00,165,all,shortfall_from_optimum_share,0.02487342903
1.00,165,all,loss_vs_status_quo_share,0.01412832245
1.00,165,all,n_agreeing,3
1.00,166,tv,relative_bias,1.853801914
1.00,166,tv,covered,0
1.00,166,video,relative_bias,-0.1498726054
1.00,166,video,covered,0
1.00,166,search,relative_bias,0.1572472936
1.00,166,search,covered,0
1.00,166,social,relative_bias,0.1973646564
1.00,166,social,covered,0
1.00,166,ooh,relative_bias,1.357228808
1.00,166,ooh,covered,0
1.00,166,all,median_abs_relative_bias,0.1973646564
1.00,166,all,spearman,0.9
1.00,166,all,regret,0.5749678414
1.00,166,all,beats_status_quo,1
1.00,166,all,achievable_lift_share,0.01021205895
1.00,166,all,shortfall_from_optimum_share,0.005871605493
1.00,166,all,loss_vs_status_quo_share,-0.004340453461
1.00,166,all,n_agreeing,3
1.00,167,tv,relative_bias,-0.3249462556
1.00,167,tv,covered,0
1.00,167,video,relative_bias,0.1486709006
1.00,167,video,covered,0
1.00,167,search,relative_bias,-0.1836567324
1.00,167,search,covered,0
1.00,167,social,relative_bias,-0.7507697444
1.00,167,social,covered,0
1.00,167,ooh,relative_bias,0.1779495855
1.00,167,ooh,covered,1
1.00,167,all,median_abs_relative_bias,0.1836567324
1.00,167,all,spearman,0.9
1.00,167,all,regret,1.269581511
1.00,167,all,beats_status_quo,0
1.00,167,all,achievable_lift_share,0.008683219232
1.00,167,all,shortfall_from_optimum_share,0.01102405459
1.00,167,all,loss_vs_status_quo_share,0.00234083536
1.00,167,all,n_agreeing,3
1.00,168,tv,relative_bias,0.3761076348
1.00,168,tv,covered,0
1.00,168,video,relative_bias,0.41481628
1.00,168,video,covered,0
1.00,168,search,relative_bias,-0.584245852
1.00,168,search,covered,0
1.00,168,social,relative_bias,0.8673180015
1.00,168,social,covered,0
1.00,168,ooh,relative_bias,3.927909254
1.00,168,ooh,covered,0
1.00,168,all,median_abs_relative_bias,0.584245852
1.00,168,all,spearman,0.7
1.00,168,all,regret,1.830844226
1.00,168,all,beats_status_quo,0
1.00,168,all,achievable_lift_share,0.0122187915
1.00,168,all,shortfall_from_optimum_share,0.02237070386
1.00,168,all,loss_vs_status_quo_share,0.01015191236
1.00,168,all,n_agreeing,3
1.00,169,tv,relative_bias,0.5997564866
1.00,169,tv,covered,0
1.00,169,video,relative_bias,-0.4812002805
1.00,169,video,covered,0
1.00,169,search,relative_bias,0.5605450298
1.00,169,search,covered,0
1.00,169,social,relative_bias,-0.3098114451
1.00,169,social,covered,0
1.00,169,ooh,relative_bias,3.282088062
1.00,169,ooh,covered,0
1.00,169,all,median_abs_relative_bias,0.5605450298
1.00,169,all,spearman,0.5
1.00,169,all,regret,0.736275668
1.00,169,all,beats_status_quo,1
1.00,169,all,achievable_lift_share,0.007709357624
1.00,169,all,shortfall_from_optimum_share,0.005676212435
1.00,169,all,loss_vs_status_quo_share,-0.002033145189
1.00,169,all,n_agreeing,3
1.00,170,tv,relative_bias,2.048507541
1.00,170,tv,covered,0
1.00,170,video,relative_bias,-0.3514304854
1.00,170,video,covered,0
1.00,170,search,relative_bias,-0.4389005139
1.00,170,search,covered,0
1.00,170,social,relative_bias,-0.5538720707
1.00,170,social,covered,0
1.00,170,ooh,relative_bias,5.863507251
1.00,170,ooh,covered,0
1.00,170,all,median_abs_relative_bias,0.5538720707
1.00,170,all,spearman,0.4
1.00,170,all,regret,0.8811924183
1.00,170,all,beats_status_quo,1
1.00,170,all,achievable_lift_share,0.01266695941
1.00,170,all,shortfall_from_optimum_share,0.0111620286
1.00,170,all,loss_vs_status_quo_share,-0.001504930815
1.00,170,all,n_agreeing,3
1.00,171,tv,relative_bias,1.312353264
1.00,171,tv,covered,0
1.00,171,video,relative_bias,-0.0361721029
1.00,171,video,covered,1
1.00,171,search,relative_bias,-0.8292795018
1.00,171,search,covered,0
1.00,171,social,relative_bias,0.8490220541
1.00,171,social,covered,0
1.00,171,ooh,relative_bias,0.08896015359
1.00,171,ooh,covered,1
1.00,171,all,median_abs_relative_bias,0.8292795018
1.00,171,all,spearman,0.5
1.00,171,all,regret,2.202954531
1.00,171,all,beats_status_quo,0
1.00,171,all,achievable_lift_share,0.009186462288
1.00,171,all,shortfall_from_optimum_share,0.02023735872
1.00,171,all,loss_vs_status_quo_share,0.01105089643
1.00,171,all,n_agreeing,3
1.00,172,tv,relative_bias,-0.3066018689
1.00,172,tv,covered,0
1.00,172,video,relative_bias,0.4055513732
1.00,172,video,covered,0
1.00,172,search,relative_bias,-0.4696640425
1.00,172,search,covered,0
1.00,172,social,relative_bias,-0.5483324161
1.00,172,social,covered,0
1.00,172,ooh,relative_bias,-0.4275290112
1.00,172,ooh,covered,0
1.00,172,all,median_abs_relative_bias,0.4275290112
1.00,172,all,spearman,0.9
1.00,172,all,regret,1.13240889
1.00,172,all,beats_status_quo,0
1.00,172,all,achievable_lift_share,0.00914755429
1.00,172,all,shortfall_from_optimum_share,0.0103587718
1.00,172,all,loss_vs_status_quo_share,0.001211217511
1.00,172,all,n_agreeing,3
1.00,173,tv,relative_bias,0.2005200611
1.00,173,tv,covered,0
1.00,173,video,relative_bias,0.5919078961
1.00,173,video,covered,0
1.00,173,search,relative_bias,0.4700714709
1.00,173,search,covered,0
1.00,173,social,relative_bias,0.1226068586
1.00,173,social,covered,1
1.00,173,ooh,relative_bias,1.272666953
1.00,173,ooh,covered,0
1.00,173,all,median_abs_relative_bias,0.4700714709
1.00,173,all,spearman,1
1.00,173,all,regret,0.3871296256
1.00,173,all,beats_status_quo,1
1.00,173,all,achievable_lift_share,0.01224328936
1.00,173,all,shortfall_from_optimum_share,0.004739740028
1.00,173,all,loss_vs_status_quo_share,-0.007503549336
1.00,173,all,n_agreeing,3
1.00,174,tv,relative_bias,-0.1541089046
1.00,174,tv,covered,0
1.00,174,video,relative_bias,0.6258576105
1.00,174,video,covered,0
1.00,174,search,relative_bias,-0.1624659597
1.00,174,search,covered,0
1.00,174,social,relative_bias,0.2804613953
1.00,174,social,covered,1
1.00,174,ooh,relative_bias,-0.5883062901
1.00,174,ooh,covered,0
1.00,174,all,median_abs_relative_bias,0.2804613953
1.00,174,all,spearman,0.8
1.00,174,all,regret,0.6706720681
1.00,174,all,beats_status_quo,1
1.00,174,all,achievable_lift_share,0.007918078806
1.00,174,all,shortfall_from_optimum_share,0.005310434289
1.00,174,all,loss_vs_status_quo_share,-0.002607644518
1.00,174,all,n_agreeing,3
1.00,175,tv,relative_bias,2.269854056
1.00,175,tv,covered,0
1.00,175,video,relative_bias,-0.4529814142
1.00,175,video,covered,0
1.00,175,search,relative_bias,-0.576234464
1.00,175,search,covered,0
1.00,175,social,relative_bias,-0.5437047657
1.00,175,social,covered,0
1.00,175,ooh,relative_bias,1.458818413
1.00,175,ooh,covered,0
1.00,175,all,median_abs_relative_bias,0.576234464
1.00,175,all,spearman,0.7
1.00,175,all,regret,1.080427425
1.00,175,all,beats_status_quo,0
1.00,175,all,achievable_lift_share,0.01160293129
1.00,175,all,shortfall_from_optimum_share,0.01253612517
1.00,175,all,loss_vs_status_quo_share,0.0009331938801
1.00,175,all,n_agreeing,7
1.00,176,tv,relative_bias,0.9883667027
1.00,176,tv,covered,0
1.00,176,video,relative_bias,-0.4192279354
1.00,176,video,covered,0
1.00,176,search,relative_bias,0.6045088673
1.00,176,search,covered,0
1.00,176,social,relative_bias,-0.09878011967
1.00,176,social,covered,1
1.00,176,ooh,relative_bias,0.08785290342
1.00,176,ooh,covered,1
1.00,176,all,median_abs_relative_bias,0.4192279354
1.00,176,all,spearman,0.9
1.00,176,all,regret,2.822192519
1.00,176,all,beats_status_quo,0
1.00,176,all,achievable_lift_share,0.009624548609
1.00,176,all,shortfall_from_optimum_share,0.02716232908
1.00,176,all,loss_vs_status_quo_share,0.01753778047
1.00,176,all,n_agreeing,3
1.00,177,tv,relative_bias,-0.3083660668
1.00,177,tv,covered,0
1.00,177,video,relative_bias,1.147958266
1.00,177,video,covered,0
1.00,177,search,relative_bias,0.4558932419
1.00,177,search,covered,0
1.00,177,social,relative_bias,1.170426417
1.00,177,social,covered,0
1.00,177,ooh,relative_bias,-0.2323553039
1.00,177,ooh,covered,0
1.00,177,all,median_abs_relative_bias,0.4558932419
1.00,177,all,spearman,0.8
1.00,177,all,regret,0.04112342326
1.00,177,all,beats_status_quo,1
1.00,177,all,achievable_lift_share,0.01071161684
1.00,177,all,shortfall_from_optimum_share,0.0004404983531
1.00,177,all,loss_vs_status_quo_share,-0.01027111849
1.00,177,all,n_agreeing,3
1.00,178,tv,relative_bias,0.5445985411
1.00,178,tv,covered,0
1.00,178,video,relative_bias,-0.5067137594
1.00,178,video,covered,0
1.00,178,search,relative_bias,0.5663978055
1.00,178,search,covered,0
1.00,178,social,relative_bias,-0.09378142524
1.00,178,social,covered,1
1.00,178,ooh,relative_bias,0.3052727129
1.00,178,ooh,covered,0
1.00,178,all,median_abs_relative_bias,0.5067137594
1.00,178,all,spearman,0.7
1.00,178,all,regret,2.674624926
1.00,178,all,beats_status_quo,0
1.00,178,all,achievable_lift_share,0.01037872026
1.00,178,all,shortfall_from_optimum_share,0.02775918389
1.00,178,all,loss_vs_status_quo_share,0.01738046364
1.00,178,all,n_agreeing,3
1.00,179,tv,relative_bias,-0.1449634306
1.00,179,tv,covered,0
1.00,179,video,relative_bias,0.2993748646
1.00,179,video,covered,0
1.00,179,search,relative_bias,-0.362968014
1.00,179,search,covered,0
1.00,179,social,relative_bias,-0.6907636922
1.00,179,social,covered,0
1.00,179,ooh,relative_bias,3.533896075
1.00,179,ooh,covered,0
1.00,179,all,median_abs_relative_bias,0.362968014
1.00,179,all,spearman,0.7
1.00,179,all,regret,1.782307087
1.00,179,all,beats_status_quo,0
1.00,179,all,achievable_lift_share,0.007476977373
1.00,179,all,shortfall_from_optimum_share,0.01332626976
1.00,179,all,loss_vs_status_quo_share,0.005849292391
1.00,179,all,n_agreeing,3
1.00,180,tv,relative_bias,1.325571068
1.00,180,tv,covered,0
1.00,180,video,relative_bias,-0.475672654
1.00,180,video,covered,0
1.00,180,search,relative_bias,-0.7033218067
1.00,180,search,covered,0
1.00,180,social,relative_bias,1.552953635
1.00,180,social,covered,0
1.00,180,ooh,relative_bias,0.4371632024
1.00,180,ooh,covered,0
1.00,180,all,median_abs_relative_bias,0.7033218067
1.00,180,all,spearman,0.5
1.00,180,all,regret,3.154501186
1.00,180,all,beats_status_quo,0
1.00,180,all,achievable_lift_share,0.00937954054
1.00,180,all,shortfall_from_optimum_share,0.02958777176
1.00,180,all,loss_vs_status_quo_share,0.02020823122
1.00,180,all,n_agreeing,3
1.00,181,tv,relative_bias,0.07522911005
1.00,181,tv,covered,0
1.00,181,video,relative_bias,-0.4099250715
1.00,181,video,covered,0
1.00,181,search,relative_bias,0.7361197124
1.00,181,search,covered,0
1.00,181,social,relative_bias,0.01263749381
1.00,181,social,covered,1
1.00,181,ooh,relative_bias,-0.2874060566
1.00,181,ooh,covered,0
1.00,181,all,median_abs_relative_bias,0.2874060566
1.00,181,all,spearman,0.9
1.00,181,all,regret,0.4013976823
1.00,181,all,beats_status_quo,1
1.00,181,all,achievable_lift_share,0.006963150704
1.00,181,all,shortfall_from_optimum_share,0.002794992554
1.00,181,all,loss_vs_status_quo_share,-0.004168158149
1.00,181,all,n_agreeing,3
1.00,182,tv,relative_bias,0.0933628916
1.00,182,tv,covered,0
1.00,182,video,relative_bias,-0.4040144224
1.00,182,video,covered,0
1.00,182,search,relative_bias,-0.7154144747
1.00,182,search,covered,0
1.00,182,social,relative_bias,1.443695711
1.00,182,social,covered,0
1.00,182,ooh,relative_bias,-0.3266793363
1.00,182,ooh,covered,0
1.00,182,all,median_abs_relative_bias,0.4040144224
1.00,182,all,spearman,0.7
1.00,182,all,regret,2.460379186
1.00,182,all,beats_status_quo,0
1.00,182,all,achievable_lift_share,0.009074596977
1.00,182,all,shortfall_from_optimum_share,0.02232694952
1.00,182,all,loss_vs_status_quo_share,0.01325235255
1.00,182,all,n_agreeing,3
1.00,183,tv,relative_bias,0.3850643338
1.00,183,tv,covered,0
1.00,183,video,relative_bias,-0.236462443
1.00,183,video,covered,0
1.00,183,search,relative_bias,-0.6140663672
1.00,183,search,covered,0
1.00,183,social,relative_bias,-0.3850896669
1.00,183,social,covered,0
1.00,183,ooh,relative_bias,-0.61122928
1.00,183,ooh,covered,0
1.00,183,all,median_abs_relative_bias,0.3850896669
1.00,183,all,spearman,0.9
1.00,183,all,regret,1.997145081
1.00,183,all,beats_status_quo,0
1.00,183,all,achievable_lift_share,0.0102942918
1.00,183,all,shortfall_from_optimum_share,0.02055919422
1.00,183,all,loss_vs_status_quo_share,0.01026490242
1.00,183,all,n_agreeing,3
1.00,184,tv,relative_bias,-0.1949724516
1.00,184,tv,covered,0
1.00,184,video,relative_bias,-0.1214860106
1.00,184,video,covered,0
1.00,184,search,relative_bias,-0.35682303
1.00,184,search,covered,0
1.00,184,social,relative_bias,-0.5853380716
1.00,184,social,covered,0
1.00,184,ooh,relative_bias,0.4283748585
1.00,184,ooh,covered,1
1.00,184,all,median_abs_relative_bias,0.35682303
1.00,184,all,spearman,0.9
1.00,184,all,regret,3.15984158
1.00,184,all,beats_status_quo,0
1.00,184,all,achievable_lift_share,0.004291153247
1.00,184,all,shortfall_from_optimum_share,0.01355936445
1.00,184,all,loss_vs_status_quo_share,0.009268211208
1.00,184,all,n_agreeing,3
1.00,185,tv,relative_bias,-0.2238400583
1.00,185,tv,covered,0
1.00,185,video,relative_bias,-0.3215937806
1.00,185,video,covered,0
1.00,185,search,relative_bias,-0.4025230205
1.00,185,search,covered,0
1.00,185,social,relative_bias,0.3078540213
1.00,185,social,covered,1
1.00,185,ooh,relative_bias,0.5398156404
1.00,185,ooh,covered,1
1.00,185,all,median_abs_relative_bias,0.3215937806
1.00,185,all,spearman,0.7
1.00,185,all,regret,0.7204924441
1.00,185,all,beats_status_quo,1
1.00,185,all,achievable_lift_share,0.009317925252
1.00,185,all,shortfall_from_optimum_share,0.006713494739
1.00,185,all,loss_vs_status_quo_share,-0.002604430513
1.00,185,all,n_agreeing,3
1.00,186,tv,relative_bias,0.2564199919
1.00,186,tv,covered,0
1.00,186,video,relative_bias,-0.332261656
1.00,186,video,covered,0
1.00,186,search,relative_bias,-0.5636048027
1.00,186,search,covered,0
1.00,186,social,relative_bias,0.009779621927
1.00,186,social,covered,1
1.00,186,ooh,relative_bias,3.450760304
1.00,186,ooh,covered,0
1.00,186,all,median_abs_relative_bias,0.332261656
1.00,186,all,spearman,0.3
1.00,186,all,regret,3.934875996
1.00,186,all,beats_status_quo,0
1.00,186,all,achievable_lift_share,0.005518654891
1.00,186,all,shortfall_from_optimum_share,0.02171522266
1.00,186,all,loss_vs_status_quo_share,0.01619656777
1.00,186,all,n_agreeing,3
1.00,187,tv,relative_bias,-0.1248554793
1.00,187,tv,covered,0
1.00,187,video,relative_bias,-0.07897326417
1.00,187,video,covered,1
1.00,187,search,relative_bias,0.5918233449
1.00,187,search,covered,0
1.00,187,social,relative_bias,0.728160431
1.00,187,social,covered,0
1.00,187,ooh,relative_bias,1.823844326
1.00,187,ooh,covered,0
1.00,187,all,median_abs_relative_bias,0.5918233449
1.00,187,all,spearman,0.9
1.00,187,all,regret,0.57520396
1.00,187,all,beats_status_quo,1
1.00,187,all,achievable_lift_share,0.01281125085
1.00,187,all,shortfall_from_optimum_share,0.007369082224
1.00,187,all,loss_vs_status_quo_share,-0.005442168629
1.00,187,all,n_agreeing,3
1.00,188,tv,relative_bias,-0.2649930289
1.00,188,tv,covered,0
1.00,188,video,relative_bias,0.0763258847
1.00,188,video,covered,1
1.00,188,search,relative_bias,-0.2240513827
1.00,188,search,covered,0
1.00,188,social,relative_bias,-0.2378486617
1.00,188,social,covered,0
1.00,188,ooh,relative_bias,0.8481085521
1.00,188,ooh,covered,0
1.00,188,all,median_abs_relative_bias,0.2378486617
1.00,188,all,spearman,1
1.00,188,all,regret,0.4503043353
1.00,188,all,beats_status_quo,1
1.00,188,all,achievable_lift_share,0.01014914837
1.00,188,all,shortfall_from_optimum_share,0.00457020551
1.00,188,all,loss_vs_status_quo_share,-0.005578942858
1.00,188,all,n_agreeing,3
1.00,189,tv,relative_bias,1.767161801
1.00,189,tv,covered,0
1.00,189,video,relative_bias,-0.1409609385
1.00,189,video,covered,0
1.00,189,search,relative_bias,-0.6796968025
1.00,189,search,covered,0
1.00,189,social,relative_bias,-0.4357099223
1.00,189,social,covered,0
1.00,189,ooh,relative_bias,0.8782793435
1.00,189,ooh,covered,1
1.00,189,all,median_abs_relative_bias,0.6796968025
1.00,189,all,spearman,0.6
1.00,189,all,regret,3.595332272
1.00,189,all,beats_status_quo,0
1.00,189,all,achievable_lift_share,0.008896740219
1.00,189,all,shortfall_from_optimum_share,0.03198673722
1.00,189,all,loss_vs_status_quo_share,0.02308999701
1.00,189,all,n_agreeing,3
1.00,190,tv,relative_bias,0.6937538008
1.00,190,tv,covered,0
1.00,190,video,relative_bias,-0.3245093655
1.00,190,video,covered,0
1.00,190,search,relative_bias,-0.1093817852
1.00,190,search,covered,1
1.00,190,social,relative_bias,-0.8177152605
1.00,190,social,covered,0
1.00,190,ooh,relative_bias,6.963552378
1.00,190,ooh,covered,0
1.00,190,all,median_abs_relative_bias,0.6937538008
1.00,190,all,spearman,0.3
1.00,190,all,regret,1.482382479
1.00,190,all,beats_status_quo,0
1.00,190,all,achievable_lift_share,0.007641639121
1.00,190,all,shortfall_from_optimum_share,0.01132783195
1.00,190,all,loss_vs_status_quo_share,0.003686192826
1.00,190,all,n_agreeing,3
1.00,191,tv,relative_bias,-0.3407104634
1.00,191,tv,covered,0
1.00,191,video,relative_bias,-0.2571585772
1.00,191,video,covered,0
1.00,191,search,relative_bias,-0.3701109312
1.00,191,search,covered,0
1.00,191,social,relative_bias,0.1991361062
1.00,191,social,covered,1
1.00,191,ooh,relative_bias,0.1600958788
1.00,191,ooh,covered,1
1.00,191,all,median_abs_relative_bias,0.2571585772
1.00,191,all,spearman,0.9
1.00,191,all,regret,0.04527372964
1.00,191,all,beats_status_quo,1
1.00,191,all,achievable_lift_share,0.01147269616
1.00,191,all,shortfall_from_optimum_share,0.0005194117444
1.00,191,all,loss_vs_status_quo_share,-0.01095328442
1.00,191,all,n_agreeing,3
1.00,192,tv,relative_bias,-0.02765200072
1.00,192,tv,covered,1
1.00,192,video,relative_bias,0.5932318116
1.00,192,video,covered,0
1.00,192,search,relative_bias,-0.1727976827
1.00,192,search,covered,0
1.00,192,social,relative_bias,0.4721130308
1.00,192,social,covered,0
1.00,192,ooh,relative_bias,0.1066297357
1.00,192,ooh,covered,1
1.00,192,all,median_abs_relative_bias,0.1727976827
1.00,192,all,spearman,0.9
1.00,192,all,regret,0.1542462793
1.00,192,all,beats_status_quo,1
1.00,192,all,achievable_lift_share,0.006420936662
1.00,192,all,shortfall_from_optimum_share,0.0009904055897
1.00,192,all,loss_vs_status_quo_share,-0.005430531072
1.00,192,all,n_agreeing,3
1.00,193,tv,relative_bias,-0.28209666
1.00,193,tv,covered,0
1.00,193,video,relative_bias,-0.7344430907
1.00,193,video,covered,0
1.00,193,search,relative_bias,-0.4022456628
1.00,193,search,covered,0
1.00,193,social,relative_bias,-0.666385468
1.00,193,social,covered,0
1.00,193,ooh,relative_bias,1.661086151
1.00,193,ooh,covered,0
1.00,193,all,median_abs_relative_bias,0.666385468
1.00,193,all,spearman,0.3
1.00,193,all,regret,5.136278399
1.00,193,all,beats_status_quo,0
1.00,193,all,achievable_lift_share,0.007231071716
1.00,193,all,shortfall_from_optimum_share,0.03714079746
1.00,193,all,loss_vs_status_quo_share,0.02990972574
1.00,193,all,n_agreeing,3
1.00,194,tv,relative_bias,-0.1517256685
1.00,194,tv,covered,0
1.00,194,video,relative_bias,0.5326777398
1.00,194,video,covered,0
1.00,194,search,relative_bias,1.08355264
1.00,194,search,covered,0
1.00,194,social,relative_bias,-0.4947112667
1.00,194,social,covered,0
1.00,194,ooh,relative_bias,0.3437033437
1.00,194,ooh,covered,0
1.00,194,all,median_abs_relative_bias,0.4947112667
1.00,194,all,spearman,0.6
1.00,194,all,regret,1.031584261
1.00,194,all,beats_status_quo,0
1.00,194,all,achievable_lift_share,0.01190393648
1.00,194,all,shortfall_from_optimum_share,0.01227991352
1.00,194,all,loss_vs_status_quo_share,0.0003759770349
1.00,194,all,n_agreeing,3
1.00,195,tv,relative_bias,0.6920087489
1.00,195,tv,covered,0
1.00,195,video,relative_bias,-0.2087626758
1.00,195,video,covered,0
1.00,195,search,relative_bias,0.5422892381
1.00,195,search,covered,0
1.00,195,social,relative_bias,0.4222467324
1.00,195,social,covered,0
1.00,195,ooh,relative_bias,0.2459028007
1.00,195,ooh,covered,1
1.00,195,all,median_abs_relative_bias,0.4222467324
1.00,195,all,spearman,0.7
1.00,195,all,regret,0.1460601624
1.00,195,all,beats_status_quo,1
1.00,195,all,achievable_lift_share,0.0125202875
1.00,195,all,shortfall_from_optimum_share,0.001828715225
1.00,195,all,loss_vs_status_quo_share,-0.01069157227
1.00,195,all,n_agreeing,7
1.00,196,tv,relative_bias,0.3686671048
1.00,196,tv,covered,0
1.00,196,video,relative_bias,0.9066510689
1.00,196,video,covered,0
1.00,196,search,relative_bias,0.2201223073
1.00,196,search,covered,0
1.00,196,social,relative_bias,-0.2063478877
1.00,196,social,covered,0
1.00,196,ooh,relative_bias,0.3859272363
1.00,196,ooh,covered,0
1.00,196,all,median_abs_relative_bias,0.3686671048
1.00,196,all,spearman,1
1.00,196,all,regret,0.4857403118
1.00,196,all,beats_status_quo,1
1.00,196,all,achievable_lift_share,0.007865105484
1.00,196,all,shortfall_from_optimum_share,0.00382039879
1.00,196,all,loss_vs_status_quo_share,-0.004044706694
1.00,196,all,n_agreeing,3
1.00,197,tv,relative_bias,0.7987856225
1.00,197,tv,covered,0
1.00,197,video,relative_bias,-0.3011928066
1.00,197,video,covered,0
1.00,197,search,relative_bias,-0.4467666499
1.00,197,search,covered,0
1.00,197,social,relative_bias,-0.4363739222
1.00,197,social,covered,0
1.00,197,ooh,relative_bias,-0.1667072946
1.00,197,ooh,covered,1
1.00,197,all,median_abs_relative_bias,0.4363739222
1.00,197,all,spearman,1
1.00,197,all,regret,1.298939815
1.00,197,all,beats_status_quo,0
1.00,197,all,achievable_lift_share,0.008274399266
1.00,197,all,shortfall_from_optimum_share,0.01074794665
1.00,197,all,loss_vs_status_quo_share,0.002473547384
1.00,197,all,n_agreeing,3
1.00,198,tv,relative_bias,0.4186103721
1.00,198,tv,covered,0
1.00,198,video,relative_bias,0.1359154626
1.00,198,video,covered,0
1.00,198,search,relative_bias,-0.7047423676
1.00,198,search,covered,0
1.00,198,social,relative_bias,-0.09681191408
1.00,198,social,covered,1
1.00,198,ooh,relative_bias,-0.5518946318
1.00,198,ooh,covered,0
1.00,198,all,median_abs_relative_bias,0.4186103721
1.00,198,all,spearman,0.9
1.00,198,all,regret,1.978408803
1.00,198,all,beats_status_quo,0
1.00,198,all,achievable_lift_share,0.01109676312
1.00,198,all,shortfall_from_optimum_share,0.02195393385
1.00,198,all,loss_vs_status_quo_share,0.01085717072
1.00,198,all,n_agreeing,7
1.00,199,tv,relative_bias,0.2131187506
1.00,199,tv,covered,0
1.00,199,video,relative_bias,0.142812093
1.00,199,video,covered,0
1.00,199,search,relative_bias,0.2758500468
1.00,199,search,covered,0
1.00,199,social,relative_bias,-0.1934501898
1.00,199,social,covered,0
1.00,199,ooh,relative_bias,1.283491675
1.00,199,ooh,covered,0
1.00,199,all,median_abs_relative_bias,0.2131187506
1.00,199,all,spearman,0.9
1.00,199,all,regret,0.619509174
1.00,199,all,beats_status_quo,1
1.00,199,all,achievable_lift_share,0.01253716555
1.00,199,all,shortfall_from_optimum_share,0.007766889073
1.00,199,all,loss_vs_status_quo_share,-0.004770276476
1.00,199,all,n_agreeing,3
